"DATAELEZIONE";"CODTIPOELEZIONE";"REGIONE";"COLLEGIO";"COMUNE";"COGNOME";"NOME";"DATANASCITA";"LUOGONASCITA";"SESSO";"TOTVOTI";"CONTRASSEGNO"
25/9/2022 00:00:00;"C";"VALLE D'AOSTA";" U01 (AOSTA)";"SAINT-VINCENT";"RINI";"EMILY MARINELLA";15/8/1982 00:00:00;"AOSTA";"F";"695";"LEGA PER SALVINI PREM.-FORZA IT.-NOI MODERATI-FRAT. D'ITALIA"
25/9/2022 00:00:00;"C";"VALLE D'AOSTA";" U01 (AOSTA)";"SAINT-VINCENT";"GIRARDINI";"GIOVANNI";3/7/1965 00:00:00;"AOSTA";"M";"163";"LA RENAISSANCE VALDOTAINE"
25/9/2022 00:00:00;"C";"VALLE D'AOSTA";" U01 (AOSTA)";"SAINT-VINCENT";"IANNI";"DAVIDE";13/12/1991 00:00:00;"IVREA (TO)";"M";"41";"PARTITO COMUNISTA ITALIANO"
25/9/2022 00:00:00;"C";"VALLE D'AOSTA";" U01 (AOSTA)";"SAINT-VINCENT";"DE ROSA";"LOREDANA";1/11/1961 00:00:00;"ROMA";"F";"55";"UNIONE POPOLARE CON DE MAGISTRIS"
25/9/2022 00:00:00;"C";"VALLE D'AOSTA";" U01 (AOSTA)";"SAINT-VINCENT";"MANES";"FRANCO";21/6/1963 00:00:00;"AOSTA";"M";"614";"VALLEE D?AOSTE ? AUTONOMIE PROGRES FEDERALISME"
25/9/2022 00:00:00;"C";"VALLE D'AOSTA";" U01 (AOSTA)";"SARRE";"RONC";"LOREDANA AUGUSTA";21/8/1964 00:00:00;"AOSTA";"F";"121";"ITALIA SOVRANA E POPOLARE"
25/9/2022 00:00:00;"C";"VALLE D'AOSTA";" U01 (AOSTA)";"SARRE";"GUICHARDAZ";"ERIKA";25/11/1976 00:00:00;"AOSTA";"F";"254";"VALLE D'AOSTA APERTA"
25/9/2022 00:00:00;"C";"VALLE D'AOSTA";" U01 (AOSTA)";"SARRE";"RINI";"EMILY MARINELLA";15/8/1982 00:00:00;"AOSTA";"F";"592";"LEGA PER SALVINI PREM.-FORZA IT.-NOI MODERATI-FRAT. D'ITALIA"
25/9/2022 00:00:00;"C";"VALLE D'AOSTA";" U01 (AOSTA)";"SARRE";"GIRARDINI";"GIOVANNI";3/7/1965 00:00:00;"AOSTA";"M";"356";"LA RENAISSANCE VALDOTAINE"
25/9/2022 00:00:00;"C";"VALLE D'AOSTA";" U01 (AOSTA)";"SARRE";"IANNI";"DAVIDE";13/12/1991 00:00:00;"IVREA (TO)";"M";"33";"PARTITO COMUNISTA ITALIANO"
25/9/2022 00:00:00;"C";"VALLE D'AOSTA";" U01 (AOSTA)";"SARRE";"DE ROSA";"LOREDANA";1/11/1961 00:00:00;"ROMA";"F";"54";"UNIONE POPOLARE CON DE MAGISTRIS"
25/9/2022 00:00:00;"C";"VALLE D'AOSTA";" U01 (AOSTA)";"SARRE";"MANES";"FRANCO";21/6/1963 00:00:00;"AOSTA";"M";"803";"VALLEE D?AOSTE ? AUTONOMIE PROGRES FEDERALISME"
25/9/2022 00:00:00;"C";"VALLE D'AOSTA";" U01 (AOSTA)";"TORGNON";"RONC";"LOREDANA AUGUSTA";21/8/1964 00:00:00;"AOSTA";"F";"9";"ITALIA SOVRANA E POPOLARE"
25/9/2022 00:00:00;"C";"VALLE D'AOSTA";" U01 (AOSTA)";"TORGNON";"GUICHARDAZ";"ERIKA";25/11/1976 00:00:00;"AOSTA";"F";"12";"VALLE D'AOSTA APERTA"
25/9/2022 00:00:00;"C";"VALLE D'AOSTA";" U01 (AOSTA)";"TORGNON";"RINI";"EMILY MARINELLA";15/8/1982 00:00:00;"AOSTA";"F";"92";"LEGA PER SALVINI PREM.-FORZA IT.-NOI MODERATI-FRAT. D'ITALIA"
25/9/2022 00:00:00;"C";"VALLE D'AOSTA";" U01 (AOSTA)";"TORGNON";"GIRARDINI";"GIOVANNI";3/7/1965 00:00:00;"AOSTA";"M";"14";"LA RENAISSANCE VALDOTAINE"
25/9/2022 00:00:00;"C";"VALLE D'AOSTA";" U01 (AOSTA)";"TORGNON";"IANNI";"DAVIDE";13/12/1991 00:00:00;"IVREA (TO)";"M";"2";"PARTITO COMUNISTA ITALIANO"
25/9/2022 00:00:00;"C";"VALLE D'AOSTA";" U01 (AOSTA)";"TORGNON";"DE ROSA";"LOREDANA";1/11/1961 00:00:00;"ROMA";"F";"4";"UNIONE POPOLARE CON DE MAGISTRIS"
25/9/2022 00:00:00;"C";"VALLE D'AOSTA";" U01 (AOSTA)";"TORGNON";"MANES";"FRANCO";21/6/1963 00:00:00;"AOSTA";"M";"116";"VALLEE D?AOSTE ? AUTONOMIE PROGRES FEDERALISME"
25/9/2022 00:00:00;"C";"VALLE D'AOSTA";" U01 (AOSTA)";"VALGRISENCHE";"RONC";"LOREDANA AUGUSTA";21/8/1964 00:00:00;"AOSTA";"F";"2";"ITALIA SOVRANA E POPOLARE"
25/9/2022 00:00:00;"C";"VALLE D'AOSTA";" U01 (AOSTA)";"VALGRISENCHE";"GUICHARDAZ";"ERIKA";25/11/1976 00:00:00;"AOSTA";"F";"9";"VALLE D'AOSTA APERTA"
25/9/2022 00:00:00;"C";"VALLE D'AOSTA";" U01 (AOSTA)";"VALGRISENCHE";"RINI";"EMILY MARINELLA";15/8/1982 00:00:00;"AOSTA";"F";"18";"LEGA PER SALVINI PREM.-FORZA IT.-NOI MODERATI-FRAT. D'ITALIA"
25/9/2022 00:00:00;"C";"VALLE D'AOSTA";" U01 (AOSTA)";"VALGRISENCHE";"GIRARDINI";"GIOVANNI";3/7/1965 00:00:00;"AOSTA";"M";"5";"LA RENAISSANCE VALDOTAINE"
25/9/2022 00:00:00;"C";"VALLE D'AOSTA";" U01 (AOSTA)";"VALGRISENCHE";"IANNI";"DAVIDE";13/12/1991 00:00:00;"IVREA (TO)";"M";"1";"PARTITO COMUNISTA ITALIANO"
25/9/2022 00:00:00;"C";"VALLE D'AOSTA";" U01 (AOSTA)";"VALGRISENCHE";"DE ROSA";"LOREDANA";1/11/1961 00:00:00;"ROMA";"F";"1";"UNIONE POPOLARE CON DE MAGISTRIS"
25/9/2022 00:00:00;"C";"VALLE D'AOSTA";" U01 (AOSTA)";"VALGRISENCHE";"MANES";"FRANCO";21/6/1963 00:00:00;"AOSTA";"M";"67";"VALLEE D?AOSTE ? AUTONOMIE PROGRES FEDERALISME"
25/9/2022 00:00:00;"C";"VALLE D'AOSTA";" U01 (AOSTA)";"VALPELLINE";"RONC";"LOREDANA AUGUSTA";21/8/1964 00:00:00;"AOSTA";"F";"8";"ITALIA SOVRANA E POPOLARE"
25/9/2022 00:00:00;"C";"VALLE D'AOSTA";" U01 (AOSTA)";"VALPELLINE";"GUICHARDAZ";"ERIKA";25/11/1976 00:00:00;"AOSTA";"F";"39";"VALLE D'AOSTA APERTA"
25/9/2022 00:00:00;"C";"VALLE D'AOSTA";" U01 (AOSTA)";"VALPELLINE";"RINI";"EMILY MARINELLA";15/8/1982 00:00:00;"AOSTA";"F";"45";"LEGA PER SALVINI PREM.-FORZA IT.-NOI MODERATI-FRAT. D'ITALIA"
25/9/2022 00:00:00;"C";"VALLE D'AOSTA";" U01 (AOSTA)";"VALPELLINE";"GIRARDINI";"GIOVANNI";3/7/1965 00:00:00;"AOSTA";"M";"16";"LA RENAISSANCE VALDOTAINE"
25/9/2022 00:00:00;"C";"VALLE D'AOSTA";" U01 (AOSTA)";"VALPELLINE";"IANNI";"DAVIDE";13/12/1991 00:00:00;"IVREA (TO)";"M";"7";"PARTITO COMUNISTA ITALIANO"
25/9/2022 00:00:00;"C";"VALLE D'AOSTA";" U01 (AOSTA)";"VALPELLINE";"DE ROSA";"LOREDANA";1/11/1961 00:00:00;"ROMA";"F";"0";"UNIONE POPOLARE CON DE MAGISTRIS"
25/9/2022 00:00:00;"C";"VALLE D'AOSTA";" U01 (AOSTA)";"VALPELLINE";"MANES";"FRANCO";21/6/1963 00:00:00;"AOSTA";"M";"156";"VALLEE D?AOSTE ? AUTONOMIE PROGRES FEDERALISME"
25/9/2022 00:00:00;"C";"VALLE D'AOSTA";" U01 (AOSTA)";"VALSAVARENCHE";"RONC";"LOREDANA AUGUSTA";21/8/1964 00:00:00;"AOSTA";"F";"3";"ITALIA SOVRANA E POPOLARE"
25/9/2022 00:00:00;"C";"VALLE D'AOSTA";" U01 (AOSTA)";"VALSAVARENCHE";"GUICHARDAZ";"ERIKA";25/11/1976 00:00:00;"AOSTA";"F";"6";"VALLE D'AOSTA APERTA"
25/9/2022 00:00:00;"C";"VALLE D'AOSTA";" U01 (AOSTA)";"VALSAVARENCHE";"RINI";"EMILY MARINELLA";15/8/1982 00:00:00;"AOSTA";"F";"16";"LEGA PER SALVINI PREM.-FORZA IT.-NOI MODERATI-FRAT. D'ITALIA"
25/9/2022 00:00:00;"C";"VALLE D'AOSTA";" U01 (AOSTA)";"VALSAVARENCHE";"GIRARDINI";"GIOVANNI";3/7/1965 00:00:00;"AOSTA";"M";"15";"LA RENAISSANCE VALDOTAINE"
25/9/2022 00:00:00;"C";"VALLE D'AOSTA";" U01 (AOSTA)";"VALSAVARENCHE";"IANNI";"DAVIDE";13/12/1991 00:00:00;"IVREA (TO)";"M";"2";"PARTITO COMUNISTA ITALIANO"
25/9/2022 00:00:00;"C";"VALLE D'AOSTA";" U01 (AOSTA)";"VALSAVARENCHE";"DE ROSA";"LOREDANA";1/11/1961 00:00:00;"ROMA";"F";"1";"UNIONE POPOLARE CON DE MAGISTRIS"
25/9/2022 00:00:00;"C";"VALLE D'AOSTA";" U01 (AOSTA)";"VALSAVARENCHE";"MANES";"FRANCO";21/6/1963 00:00:00;"AOSTA";"M";"34";"VALLEE D?AOSTE ? AUTONOMIE PROGRES FEDERALISME"
25/9/2022 00:00:00;"C";"VALLE D'AOSTA";" U01 (AOSTA)";"VALTOURNENCHE";"RONC";"LOREDANA AUGUSTA";21/8/1964 00:00:00;"AOSTA";"F";"26";"ITALIA SOVRANA E POPOLARE"
25/9/2022 00:00:00;"C";"VALLE D'AOSTA";" U01 (AOSTA)";"VALTOURNENCHE";"GUICHARDAZ";"ERIKA";25/11/1976 00:00:00;"AOSTA";"F";"63";"VALLE D'AOSTA APERTA"
25/9/2022 00:00:00;"C";"VALLE D'AOSTA";" U01 (AOSTA)";"VALTOURNENCHE";"RINI";"EMILY MARINELLA";15/8/1982 00:00:00;"AOSTA";"F";"400";"LEGA PER SALVINI PREM.-FORZA IT.-NOI MODERATI-FRAT. D'ITALIA"
25/9/2022 00:00:00;"C";"VALLE D'AOSTA";" U01 (AOSTA)";"VALTOURNENCHE";"GIRARDINI";"GIOVANNI";3/7/1965 00:00:00;"AOSTA";"M";"74";"LA RENAISSANCE VALDOTAINE"
25/9/2022 00:00:00;"C";"VALLE D'AOSTA";" U01 (AOSTA)";"VALTOURNENCHE";"IANNI";"DAVIDE";13/12/1991 00:00:00;"IVREA (TO)";"M";"14";"PARTITO COMUNISTA ITALIANO"
25/9/2022 00:00:00;"C";"VALLE D'AOSTA";" U01 (AOSTA)";"VALTOURNENCHE";"DE ROSA";"LOREDANA";1/11/1961 00:00:00;"ROMA";"F";"24";"UNIONE POPOLARE CON DE MAGISTRIS"
25/9/2022 00:00:00;"C";"VALLE D'AOSTA";" U01 (AOSTA)";"VALTOURNENCHE";"MANES";"FRANCO";21/6/1963 00:00:00;"AOSTA";"M";"258";"VALLEE D?AOSTE ? AUTONOMIE PROGRES FEDERALISME"
25/9/2022 00:00:00;"C";"VALLE D'AOSTA";" U01 (AOSTA)";"VERRAYES";"RONC";"LOREDANA AUGUSTA";21/8/1964 00:00:00;"AOSTA";"F";"19";"ITALIA SOVRANA E POPOLARE"
25/9/2022 00:00:00;"C";"VALLE D'AOSTA";" U01 (AOSTA)";"VERRAYES";"GUICHARDAZ";"ERIKA";25/11/1976 00:00:00;"AOSTA";"F";"52";"VALLE D'AOSTA APERTA"
25/9/2022 00:00:00;"C";"VALLE D'AOSTA";" U01 (AOSTA)";"VERRAYES";"RINI";"EMILY MARINELLA";15/8/1982 00:00:00;"AOSTA";"F";"154";"LEGA PER SALVINI PREM.-FORZA IT.-NOI MODERATI-FRAT. D'ITALIA"
25/9/2022 00:00:00;"C";"VALLE D'AOSTA";" U01 (AOSTA)";"VERRAYES";"GIRARDINI";"GIOVANNI";3/7/1965 00:00:00;"AOSTA";"M";"40";"LA RENAISSANCE VALDOTAINE"
25/9/2022 00:00:00;"C";"VALLE D'AOSTA";" U01 (AOSTA)";"VERRAYES";"IANNI";"DAVIDE";13/12/1991 00:00:00;"IVREA (TO)";"M";"12";"PARTITO COMUNISTA ITALIANO"
25/9/2022 00:00:00;"C";"VALLE D'AOSTA";" U01 (AOSTA)";"VERRAYES";"DE ROSA";"LOREDANA";1/11/1961 00:00:00;"ROMA";"F";"6";"UNIONE POPOLARE CON DE MAGISTRIS"
25/9/2022 00:00:00;"C";"VALLE D'AOSTA";" U01 (AOSTA)";"VERRAYES";"MANES";"FRANCO";21/6/1963 00:00:00;"AOSTA";"M";"284";"VALLEE D?AOSTE ? AUTONOMIE PROGRES FEDERALISME"
25/9/2022 00:00:00;"C";"VALLE D'AOSTA";" U01 (AOSTA)";"VERRES";"RONC";"LOREDANA AUGUSTA";21/8/1964 00:00:00;"AOSTA";"F";"41";"ITALIA SOVRANA E POPOLARE"
25/9/2022 00:00:00;"C";"VALLE D'AOSTA";" U01 (AOSTA)";"VERRES";"GUICHARDAZ";"ERIKA";25/11/1976 00:00:00;"AOSTA";"F";"141";"VALLE D'AOSTA APERTA"
25/9/2022 00:00:00;"C";"VALLE D'AOSTA";" U01 (AOSTA)";"VERRES";"RINI";"EMILY MARINELLA";15/8/1982 00:00:00;"AOSTA";"F";"354";"LEGA PER SALVINI PREM.-FORZA IT.-NOI MODERATI-FRAT. D'ITALIA"
25/9/2022 00:00:00;"C";"VALLE D'AOSTA";" U01 (AOSTA)";"VERRES";"GIRARDINI";"GIOVANNI";3/7/1965 00:00:00;"AOSTA";"M";"67";"LA RENAISSANCE VALDOTAINE"
25/9/2022 00:00:00;"C";"VALLE D'AOSTA";" U01 (AOSTA)";"VERRES";"IANNI";"DAVIDE";13/12/1991 00:00:00;"IVREA (TO)";"M";"30";"PARTITO COMUNISTA ITALIANO"
25/9/2022 00:00:00;"C";"VALLE D'AOSTA";" U01 (AOSTA)";"VERRES";"DE ROSA";"LOREDANA";1/11/1961 00:00:00;"ROMA";"F";"50";"UNIONE POPOLARE CON DE MAGISTRIS"
25/9/2022 00:00:00;"C";"VALLE D'AOSTA";" U01 (AOSTA)";"VERRES";"MANES";"FRANCO";21/6/1963 00:00:00;"AOSTA";"M";"407";"VALLEE D?AOSTE ? AUTONOMIE PROGRES FEDERALISME"
25/9/2022 00:00:00;"C";"VALLE D'AOSTA";" U01 (AOSTA)";"VILLENEUVE";"RONC";"LOREDANA AUGUSTA";21/8/1964 00:00:00;"AOSTA";"F";"26";"ITALIA SOVRANA E POPOLARE"
25/9/2022 00:00:00;"C";"VALLE D'AOSTA";" U01 (AOSTA)";"VILLENEUVE";"GUICHARDAZ";"ERIKA";25/11/1976 00:00:00;"AOSTA";"F";"46";"VALLE D'AOSTA APERTA"
25/9/2022 00:00:00;"C";"VALLE D'AOSTA";" U01 (AOSTA)";"VILLENEUVE";"RINI";"EMILY MARINELLA";15/8/1982 00:00:00;"AOSTA";"F";"182";"LEGA PER SALVINI PREM.-FORZA IT.-NOI MODERATI-FRAT. D'ITALIA"
25/9/2022 00:00:00;"C";"VALLE D'AOSTA";" U01 (AOSTA)";"VILLENEUVE";"GIRARDINI";"GIOVANNI";3/7/1965 00:00:00;"AOSTA";"M";"60";"LA RENAISSANCE VALDOTAINE"
25/9/2022 00:00:00;"C";"VALLE D'AOSTA";" U01 (AOSTA)";"VILLENEUVE";"IANNI";"DAVIDE";13/12/1991 00:00:00;"IVREA (TO)";"M";"12";"PARTITO COMUNISTA ITALIANO"
25/9/2022 00:00:00;"C";"VALLE D'AOSTA";" U01 (AOSTA)";"VILLENEUVE";"DE ROSA";"LOREDANA";1/11/1961 00:00:00;"ROMA";"F";"13";"UNIONE POPOLARE CON DE MAGISTRIS"
25/9/2022 00:00:00;"C";"VALLE D'AOSTA";" U01 (AOSTA)";"VILLENEUVE";"MANES";"FRANCO";21/6/1963 00:00:00;"AOSTA";"M";"207";"VALLEE D?AOSTE ? AUTONOMIE PROGRES FEDERALISME"
25/9/2022 00:00:00;"C";"VALLE D'AOSTA";" U01 (AOSTA)";"SAINT-PIERRE";"GUICHARDAZ";"ERIKA";25/11/1976 00:00:00;"AOSTA";"F";"129";"VALLE D'AOSTA APERTA"
25/9/2022 00:00:00;"C";"VALLE D'AOSTA";" U01 (AOSTA)";"SAINT-PIERRE";"RINI";"EMILY MARINELLA";15/8/1982 00:00:00;"AOSTA";"F";"421";"LEGA PER SALVINI PREM.-FORZA IT.-NOI MODERATI-FRAT. D'ITALIA"
25/9/2022 00:00:00;"C";"VALLE D'AOSTA";" U01 (AOSTA)";"SAINT-PIERRE";"GIRARDINI";"GIOVANNI";3/7/1965 00:00:00;"AOSTA";"M";"187";"LA RENAISSANCE VALDOTAINE"
25/9/2022 00:00:00;"C";"VALLE D'AOSTA";" U01 (AOSTA)";"SAINT-PIERRE";"IANNI";"DAVIDE";13/12/1991 00:00:00;"IVREA (TO)";"M";"26";"PARTITO COMUNISTA ITALIANO"
25/9/2022 00:00:00;"C";"VALLE D'AOSTA";" U01 (AOSTA)";"SAINT-PIERRE";"DE ROSA";"LOREDANA";1/11/1961 00:00:00;"ROMA";"F";"33";"UNIONE POPOLARE CON DE MAGISTRIS"
25/9/2022 00:00:00;"C";"VALLE D'AOSTA";" U01 (AOSTA)";"SAINT-PIERRE";"MANES";"FRANCO";21/6/1963 00:00:00;"AOSTA";"M";"463";"VALLEE D?AOSTE ? AUTONOMIE PROGRES FEDERALISME"
25/9/2022 00:00:00;"C";"VALLE D'AOSTA";" U01 (AOSTA)";"SAINT-RHEMY-EN-BOSSES";"RONC";"LOREDANA AUGUSTA";21/8/1964 00:00:00;"AOSTA";"F";"9";"ITALIA SOVRANA E POPOLARE"
25/9/2022 00:00:00;"C";"VALLE D'AOSTA";" U01 (AOSTA)";"SAINT-RHEMY-EN-BOSSES";"GUICHARDAZ";"ERIKA";25/11/1976 00:00:00;"AOSTA";"F";"15";"VALLE D'AOSTA APERTA"
25/9/2022 00:00:00;"C";"VALLE D'AOSTA";" U01 (AOSTA)";"SAINT-RHEMY-EN-BOSSES";"RINI";"EMILY MARINELLA";15/8/1982 00:00:00;"AOSTA";"F";"29";"LEGA PER SALVINI PREM.-FORZA IT.-NOI MODERATI-FRAT. D'ITALIA"
25/9/2022 00:00:00;"C";"VALLE D'AOSTA";" U01 (AOSTA)";"SAINT-RHEMY-EN-BOSSES";"GIRARDINI";"GIOVANNI";3/7/1965 00:00:00;"AOSTA";"M";"15";"LA RENAISSANCE VALDOTAINE"
25/9/2022 00:00:00;"C";"VALLE D'AOSTA";" U01 (AOSTA)";"SAINT-RHEMY-EN-BOSSES";"IANNI";"DAVIDE";13/12/1991 00:00:00;"IVREA (TO)";"M";"0";"PARTITO COMUNISTA ITALIANO"
25/9/2022 00:00:00;"C";"VALLE D'AOSTA";" U01 (AOSTA)";"SAINT-RHEMY-EN-BOSSES";"DE ROSA";"LOREDANA";1/11/1961 00:00:00;"ROMA";"F";"2";"UNIONE POPOLARE CON DE MAGISTRIS"
25/9/2022 00:00:00;"C";"VALLE D'AOSTA";" U01 (AOSTA)";"SAINT-RHEMY-EN-BOSSES";"MANES";"FRANCO";21/6/1963 00:00:00;"AOSTA";"M";"95";"VALLEE D?AOSTE ? AUTONOMIE PROGRES FEDERALISME"
25/9/2022 00:00:00;"C";"VALLE D'AOSTA";" U01 (AOSTA)";"SAINT-VINCENT";"RONC";"LOREDANA AUGUSTA";21/8/1964 00:00:00;"AOSTA";"F";"93";"ITALIA SOVRANA E POPOLARE"
25/9/2022 00:00:00;"C";"VALLE D'AOSTA";" U01 (AOSTA)";"SAINT-VINCENT";"GUICHARDAZ";"ERIKA";25/11/1976 00:00:00;"AOSTA";"F";"174";"VALLE D'AOSTA APERTA"
25/9/2022 00:00:00;"C";"VALLE D'AOSTA";" U01 (AOSTA)";"ALLEIN";"RONC";"LOREDANA AUGUSTA";21/8/1964 00:00:00;"AOSTA";"F";"4";"ITALIA SOVRANA E POPOLARE"
25/9/2022 00:00:00;"C";"VALLE D'AOSTA";" U01 (AOSTA)";"ALLEIN";"GUICHARDAZ";"ERIKA";25/11/1976 00:00:00;"AOSTA";"F";"7";"VALLE D'AOSTA APERTA"
25/9/2022 00:00:00;"C";"VALLE D'AOSTA";" U01 (AOSTA)";"ALLEIN";"RINI";"EMILY MARINELLA";15/8/1982 00:00:00;"AOSTA";"F";"17";"LEGA PER SALVINI PREM.-FORZA IT.-NOI MODERATI-FRAT. D'ITALIA"
25/9/2022 00:00:00;"C";"VALLE D'AOSTA";" U01 (AOSTA)";"ALLEIN";"GIRARDINI";"GIOVANNI";3/7/1965 00:00:00;"AOSTA";"M";"10";"LA RENAISSANCE VALDOTAINE"
25/9/2022 00:00:00;"C";"VALLE D'AOSTA";" U01 (AOSTA)";"ALLEIN";"IANNI";"DAVIDE";13/12/1991 00:00:00;"IVREA (TO)";"M";"1";"PARTITO COMUNISTA ITALIANO"
25/9/2022 00:00:00;"C";"VALLE D'AOSTA";" U01 (AOSTA)";"ALLEIN";"DE ROSA";"LOREDANA";1/11/1961 00:00:00;"ROMA";"F";"3";"UNIONE POPOLARE CON DE MAGISTRIS"
25/9/2022 00:00:00;"C";"VALLE D'AOSTA";" U01 (AOSTA)";"ALLEIN";"MANES";"FRANCO";21/6/1963 00:00:00;"AOSTA";"M";"52";"VALLEE D?AOSTE ? AUTONOMIE PROGRES FEDERALISME"
25/9/2022 00:00:00;"C";"VALLE D'AOSTA";" U01 (AOSTA)";"ANTEY-SAINT-ANDRE'";"RONC";"LOREDANA AUGUSTA";21/8/1964 00:00:00;"AOSTA";"F";"5";"ITALIA SOVRANA E POPOLARE"
25/9/2022 00:00:00;"C";"VALLE D'AOSTA";" U01 (AOSTA)";"ANTEY-SAINT-ANDRE'";"GUICHARDAZ";"ERIKA";25/11/1976 00:00:00;"AOSTA";"F";"17";"VALLE D'AOSTA APERTA"
25/9/2022 00:00:00;"C";"VALLE D'AOSTA";" U01 (AOSTA)";"ANTEY-SAINT-ANDRE'";"RINI";"EMILY MARINELLA";15/8/1982 00:00:00;"AOSTA";"F";"82";"LEGA PER SALVINI PREM.-FORZA IT.-NOI MODERATI-FRAT. D'ITALIA"
25/9/2022 00:00:00;"C";"VALLE D'AOSTA";" U01 (AOSTA)";"ANTEY-SAINT-ANDRE'";"GIRARDINI";"GIOVANNI";3/7/1965 00:00:00;"AOSTA";"M";"31";"LA RENAISSANCE VALDOTAINE"
25/9/2022 00:00:00;"C";"VALLE D'AOSTA";" U01 (AOSTA)";"ANTEY-SAINT-ANDRE'";"IANNI";"DAVIDE";13/12/1991 00:00:00;"IVREA (TO)";"M";"3";"PARTITO COMUNISTA ITALIANO"
25/9/2022 00:00:00;"C";"VALLE D'AOSTA";" U01 (AOSTA)";"ANTEY-SAINT-ANDRE'";"DE ROSA";"LOREDANA";1/11/1961 00:00:00;"ROMA";"F";"6";"UNIONE POPOLARE CON DE MAGISTRIS"
25/9/2022 00:00:00;"C";"VALLE D'AOSTA";" U01 (AOSTA)";"ANTEY-SAINT-ANDRE'";"MANES";"FRANCO";21/6/1963 00:00:00;"AOSTA";"M";"102";"VALLEE D?AOSTE ? AUTONOMIE PROGRES FEDERALISME"
25/9/2022 00:00:00;"C";"VALLE D'AOSTA";" U01 (AOSTA)";"AOSTA";"RONC";"LOREDANA AUGUSTA";21/8/1964 00:00:00;"AOSTA";"F";"686";"ITALIA SOVRANA E POPOLARE"
25/9/2022 00:00:00;"C";"VALLE D'AOSTA";" U01 (AOSTA)";"AOSTA";"GUICHARDAZ";"ERIKA";25/11/1976 00:00:00;"AOSTA";"F";"1634";"VALLE D'AOSTA APERTA"
25/9/2022 00:00:00;"C";"VALLE D'AOSTA";" U01 (AOSTA)";"AOSTA";"RINI";"EMILY MARINELLA";15/8/1982 00:00:00;"AOSTA";"F";"3869";"LEGA PER SALVINI PREM.-FORZA IT.-NOI MODERATI-FRAT. D'ITALIA"
25/9/2022 00:00:00;"C";"VALLE D'AOSTA";" U01 (AOSTA)";"AOSTA";"GIRARDINI";"GIOVANNI";3/7/1965 00:00:00;"AOSTA";"M";"2439";"LA RENAISSANCE VALDOTAINE"
25/9/2022 00:00:00;"C";"VALLE D'AOSTA";" U01 (AOSTA)";"AOSTA";"IANNI";"DAVIDE";13/12/1991 00:00:00;"IVREA (TO)";"M";"291";"PARTITO COMUNISTA ITALIANO"
25/9/2022 00:00:00;"C";"VALLE D'AOSTA";" U01 (AOSTA)";"AOSTA";"DE ROSA";"LOREDANA";1/11/1961 00:00:00;"ROMA";"F";"463";"UNIONE POPOLARE CON DE MAGISTRIS"
25/9/2022 00:00:00;"C";"VALLE D'AOSTA";" U01 (AOSTA)";"AOSTA";"MANES";"FRANCO";21/6/1963 00:00:00;"AOSTA";"M";"5291";"VALLEE D?AOSTE ? AUTONOMIE PROGRES FEDERALISME"
25/9/2022 00:00:00;"C";"VALLE D'AOSTA";" U01 (AOSTA)";"ARNAD";"RONC";"LOREDANA AUGUSTA";21/8/1964 00:00:00;"AOSTA";"F";"19";"ITALIA SOVRANA E POPOLARE"
25/9/2022 00:00:00;"C";"VALLE D'AOSTA";" U01 (AOSTA)";"ARNAD";"GUICHARDAZ";"ERIKA";25/11/1976 00:00:00;"AOSTA";"F";"43";"VALLE D'AOSTA APERTA"
25/9/2022 00:00:00;"C";"VALLE D'AOSTA";" U01 (AOSTA)";"ARNAD";"RINI";"EMILY MARINELLA";15/8/1982 00:00:00;"AOSTA";"F";"153";"LEGA PER SALVINI PREM.-FORZA IT.-NOI MODERATI-FRAT. D'ITALIA"
25/9/2022 00:00:00;"C";"VALLE D'AOSTA";" U01 (AOSTA)";"ARNAD";"GIRARDINI";"GIOVANNI";3/7/1965 00:00:00;"AOSTA";"M";"19";"LA RENAISSANCE VALDOTAINE"
25/9/2022 00:00:00;"C";"VALLE D'AOSTA";" U01 (AOSTA)";"ARNAD";"IANNI";"DAVIDE";13/12/1991 00:00:00;"IVREA (TO)";"M";"14";"PARTITO COMUNISTA ITALIANO"
25/9/2022 00:00:00;"C";"VALLE D'AOSTA";" U01 (AOSTA)";"ARNAD";"DE ROSA";"LOREDANA";1/11/1961 00:00:00;"ROMA";"F";"15";"UNIONE POPOLARE CON DE MAGISTRIS"
25/9/2022 00:00:00;"C";"VALLE D'AOSTA";" U01 (AOSTA)";"ARNAD";"MANES";"FRANCO";21/6/1963 00:00:00;"AOSTA";"M";"254";"VALLEE D?AOSTE ? AUTONOMIE PROGRES FEDERALISME"
25/9/2022 00:00:00;"C";"VALLE D'AOSTA";" U01 (AOSTA)";"ARVIER";"RONC";"LOREDANA AUGUSTA";21/8/1964 00:00:00;"AOSTA";"F";"13";"ITALIA SOVRANA E POPOLARE"
25/9/2022 00:00:00;"C";"VALLE D'AOSTA";" U01 (AOSTA)";"ARVIER";"GUICHARDAZ";"ERIKA";25/11/1976 00:00:00;"AOSTA";"F";"39";"VALLE D'AOSTA APERTA"
25/9/2022 00:00:00;"C";"VALLE D'AOSTA";" U01 (AOSTA)";"ARVIER";"RINI";"EMILY MARINELLA";15/8/1982 00:00:00;"AOSTA";"F";"83";"LEGA PER SALVINI PREM.-FORZA IT.-NOI MODERATI-FRAT. D'ITALIA"
25/9/2022 00:00:00;"C";"VALLE D'AOSTA";" U01 (AOSTA)";"ARVIER";"GIRARDINI";"GIOVANNI";3/7/1965 00:00:00;"AOSTA";"M";"29";"LA RENAISSANCE VALDOTAINE"
25/9/2022 00:00:00;"C";"VALLE D'AOSTA";" U01 (AOSTA)";"ARVIER";"IANNI";"DAVIDE";13/12/1991 00:00:00;"IVREA (TO)";"M";"5";"PARTITO COMUNISTA ITALIANO"
25/9/2022 00:00:00;"C";"VALLE D'AOSTA";" U01 (AOSTA)";"ARVIER";"DE ROSA";"LOREDANA";1/11/1961 00:00:00;"ROMA";"F";"5";"UNIONE POPOLARE CON DE MAGISTRIS"
25/9/2022 00:00:00;"C";"VALLE D'AOSTA";" U01 (AOSTA)";"ARVIER";"MANES";"FRANCO";21/6/1963 00:00:00;"AOSTA";"M";"169";"VALLEE D?AOSTE ? AUTONOMIE PROGRES FEDERALISME"
25/9/2022 00:00:00;"C";"VALLE D'AOSTA";" U01 (AOSTA)";"AVISE";"RONC";"LOREDANA AUGUSTA";21/8/1964 00:00:00;"AOSTA";"F";"3";"ITALIA SOVRANA E POPOLARE"
25/9/2022 00:00:00;"C";"VALLE D'AOSTA";" U01 (AOSTA)";"AVISE";"GUICHARDAZ";"ERIKA";25/11/1976 00:00:00;"AOSTA";"F";"12";"VALLE D'AOSTA APERTA"
25/9/2022 00:00:00;"C";"VALLE D'AOSTA";" U01 (AOSTA)";"AVISE";"RINI";"EMILY MARINELLA";15/8/1982 00:00:00;"AOSTA";"F";"20";"LEGA PER SALVINI PREM.-FORZA IT.-NOI MODERATI-FRAT. D'ITALIA"
25/9/2022 00:00:00;"C";"VALLE D'AOSTA";" U01 (AOSTA)";"AVISE";"GIRARDINI";"GIOVANNI";3/7/1965 00:00:00;"AOSTA";"M";"6";"LA RENAISSANCE VALDOTAINE"
25/9/2022 00:00:00;"C";"VALLE D'AOSTA";" U01 (AOSTA)";"AVISE";"IANNI";"DAVIDE";13/12/1991 00:00:00;"IVREA (TO)";"M";"1";"PARTITO COMUNISTA ITALIANO"
25/9/2022 00:00:00;"C";"VALLE D'AOSTA";" U01 (AOSTA)";"AVISE";"DE ROSA";"LOREDANA";1/11/1961 00:00:00;"ROMA";"F";"3";"UNIONE POPOLARE CON DE MAGISTRIS"
25/9/2022 00:00:00;"C";"VALLE D'AOSTA";" U01 (AOSTA)";"AVISE";"MANES";"FRANCO";21/6/1963 00:00:00;"AOSTA";"M";"109";"VALLEE D?AOSTE ? AUTONOMIE PROGRES FEDERALISME"
25/9/2022 00:00:00;"C";"VALLE D'AOSTA";" U01 (AOSTA)";"AYAS";"RONC";"LOREDANA AUGUSTA";21/8/1964 00:00:00;"AOSTA";"F";"18";"ITALIA SOVRANA E POPOLARE"
25/9/2022 00:00:00;"C";"VALLE D'AOSTA";" U01 (AOSTA)";"AYAS";"GUICHARDAZ";"ERIKA";25/11/1976 00:00:00;"AOSTA";"F";"45";"VALLE D'AOSTA APERTA"
25/9/2022 00:00:00;"C";"VALLE D'AOSTA";" U01 (AOSTA)";"AYAS";"RINI";"EMILY MARINELLA";15/8/1982 00:00:00;"AOSTA";"F";"304";"LEGA PER SALVINI PREM.-FORZA IT.-NOI MODERATI-FRAT. D'ITALIA"
25/9/2022 00:00:00;"C";"VALLE D'AOSTA";" U01 (AOSTA)";"AYAS";"GIRARDINI";"GIOVANNI";3/7/1965 00:00:00;"AOSTA";"M";"33";"LA RENAISSANCE VALDOTAINE"
25/9/2022 00:00:00;"C";"VALLE D'AOSTA";" U01 (AOSTA)";"AYAS";"IANNI";"DAVIDE";13/12/1991 00:00:00;"IVREA (TO)";"M";"8";"PARTITO COMUNISTA ITALIANO"
25/9/2022 00:00:00;"C";"VALLE D'AOSTA";" U01 (AOSTA)";"AYAS";"DE ROSA";"LOREDANA";1/11/1961 00:00:00;"ROMA";"F";"9";"UNIONE POPOLARE CON DE MAGISTRIS"
25/9/2022 00:00:00;"C";"VALLE D'AOSTA";" U01 (AOSTA)";"AYAS";"MANES";"FRANCO";21/6/1963 00:00:00;"AOSTA";"M";"206";"VALLEE D?AOSTE ? AUTONOMIE PROGRES FEDERALISME"
25/9/2022 00:00:00;"C";"VALLE D'AOSTA";" U01 (AOSTA)";"AYMAVILLES";"RONC";"LOREDANA AUGUSTA";21/8/1964 00:00:00;"AOSTA";"F";"45";"ITALIA SOVRANA E POPOLARE"
25/9/2022 00:00:00;"C";"VALLE D'AOSTA";" U01 (AOSTA)";"AYMAVILLES";"GUICHARDAZ";"ERIKA";25/11/1976 00:00:00;"AOSTA";"F";"104";"VALLE D'AOSTA APERTA"
25/9/2022 00:00:00;"C";"VALLE D'AOSTA";" U01 (AOSTA)";"AYMAVILLES";"RINI";"EMILY MARINELLA";15/8/1982 00:00:00;"AOSTA";"F";"272";"LEGA PER SALVINI PREM.-FORZA IT.-NOI MODERATI-FRAT. D'ITALIA"
25/9/2022 00:00:00;"C";"VALLE D'AOSTA";" U01 (AOSTA)";"AYMAVILLES";"GIRARDINI";"GIOVANNI";3/7/1965 00:00:00;"AOSTA";"M";"119";"LA RENAISSANCE VALDOTAINE"
25/9/2022 00:00:00;"C";"VALLE D'AOSTA";" U01 (AOSTA)";"AYMAVILLES";"IANNI";"DAVIDE";13/12/1991 00:00:00;"IVREA (TO)";"M";"17";"PARTITO COMUNISTA ITALIANO"
25/9/2022 00:00:00;"C";"VALLE D'AOSTA";" U01 (AOSTA)";"AYMAVILLES";"DE ROSA";"LOREDANA";1/11/1961 00:00:00;"ROMA";"F";"14";"UNIONE POPOLARE CON DE MAGISTRIS"
25/9/2022 00:00:00;"C";"VALLE D'AOSTA";" U01 (AOSTA)";"AYMAVILLES";"MANES";"FRANCO";21/6/1963 00:00:00;"AOSTA";"M";"336";"VALLEE D?AOSTE ? AUTONOMIE PROGRES FEDERALISME"
25/9/2022 00:00:00;"C";"VALLE D'AOSTA";" U01 (AOSTA)";"BARD";"RONC";"LOREDANA AUGUSTA";21/8/1964 00:00:00;"AOSTA";"F";"2";"ITALIA SOVRANA E POPOLARE"
25/9/2022 00:00:00;"C";"VALLE D'AOSTA";" U01 (AOSTA)";"BARD";"GUICHARDAZ";"ERIKA";25/11/1976 00:00:00;"AOSTA";"F";"2";"VALLE D'AOSTA APERTA"
25/9/2022 00:00:00;"C";"VALLE D'AOSTA";" U01 (AOSTA)";"BARD";"RINI";"EMILY MARINELLA";15/8/1982 00:00:00;"AOSTA";"F";"9";"LEGA PER SALVINI PREM.-FORZA IT.-NOI MODERATI-FRAT. D'ITALIA"
25/9/2022 00:00:00;"C";"VALLE D'AOSTA";" U01 (AOSTA)";"BARD";"GIRARDINI";"GIOVANNI";3/7/1965 00:00:00;"AOSTA";"M";"1";"LA RENAISSANCE VALDOTAINE"
25/9/2022 00:00:00;"C";"VALLE D'AOSTA";" U01 (AOSTA)";"BARD";"IANNI";"DAVIDE";13/12/1991 00:00:00;"IVREA (TO)";"M";"2";"PARTITO COMUNISTA ITALIANO"
25/9/2022 00:00:00;"C";"VALLE D'AOSTA";" U01 (AOSTA)";"BARD";"DE ROSA";"LOREDANA";1/11/1961 00:00:00;"ROMA";"F";"1";"UNIONE POPOLARE CON DE MAGISTRIS"
25/9/2022 00:00:00;"C";"VALLE D'AOSTA";" U01 (AOSTA)";"BARD";"MANES";"FRANCO";21/6/1963 00:00:00;"AOSTA";"M";"23";"VALLEE D?AOSTE ? AUTONOMIE PROGRES FEDERALISME"
25/9/2022 00:00:00;"C";"VALLE D'AOSTA";" U01 (AOSTA)";"BIONAZ";"RONC";"LOREDANA AUGUSTA";21/8/1964 00:00:00;"AOSTA";"F";"4";"ITALIA SOVRANA E POPOLARE"
25/9/2022 00:00:00;"C";"VALLE D'AOSTA";" U01 (AOSTA)";"BIONAZ";"GUICHARDAZ";"ERIKA";25/11/1976 00:00:00;"AOSTA";"F";"2";"VALLE D'AOSTA APERTA"
25/9/2022 00:00:00;"C";"VALLE D'AOSTA";" U01 (AOSTA)";"BIONAZ";"RINI";"EMILY MARINELLA";15/8/1982 00:00:00;"AOSTA";"F";"16";"LEGA PER SALVINI PREM.-FORZA IT.-NOI MODERATI-FRAT. D'ITALIA"
25/9/2022 00:00:00;"C";"VALLE D'AOSTA";" U01 (AOSTA)";"BIONAZ";"GIRARDINI";"GIOVANNI";3/7/1965 00:00:00;"AOSTA";"M";"8";"LA RENAISSANCE VALDOTAINE"
25/9/2022 00:00:00;"C";"VALLE D'AOSTA";" U01 (AOSTA)";"BIONAZ";"IANNI";"DAVIDE";13/12/1991 00:00:00;"IVREA (TO)";"M";"1";"PARTITO COMUNISTA ITALIANO"
25/9/2022 00:00:00;"C";"VALLE D'AOSTA";" U01 (AOSTA)";"BIONAZ";"DE ROSA";"LOREDANA";1/11/1961 00:00:00;"ROMA";"F";"1";"UNIONE POPOLARE CON DE MAGISTRIS"
25/9/2022 00:00:00;"C";"VALLE D'AOSTA";" U01 (AOSTA)";"BIONAZ";"MANES";"FRANCO";21/6/1963 00:00:00;"AOSTA";"M";"60";"VALLEE D?AOSTE ? AUTONOMIE PROGRES FEDERALISME"
25/9/2022 00:00:00;"C";"VALLE D'AOSTA";" U01 (AOSTA)";"BRISSOGNE";"RONC";"LOREDANA AUGUSTA";21/8/1964 00:00:00;"AOSTA";"F";"13";"ITALIA SOVRANA E POPOLARE"
25/9/2022 00:00:00;"C";"VALLE D'AOSTA";" U01 (AOSTA)";"BRISSOGNE";"GUICHARDAZ";"ERIKA";25/11/1976 00:00:00;"AOSTA";"F";"72";"VALLE D'AOSTA APERTA"
25/9/2022 00:00:00;"C";"VALLE D'AOSTA";" U01 (AOSTA)";"BRISSOGNE";"RINI";"EMILY MARINELLA";15/8/1982 00:00:00;"AOSTA";"F";"125";"LEGA PER SALVINI PREM.-FORZA IT.-NOI MODERATI-FRAT. D'ITALIA"
25/9/2022 00:00:00;"C";"VALLE D'AOSTA";" U01 (AOSTA)";"BRISSOGNE";"GIRARDINI";"GIOVANNI";3/7/1965 00:00:00;"AOSTA";"M";"38";"LA RENAISSANCE VALDOTAINE"
25/9/2022 00:00:00;"C";"VALLE D'AOSTA";" U01 (AOSTA)";"BRISSOGNE";"IANNI";"DAVIDE";13/12/1991 00:00:00;"IVREA (TO)";"M";"10";"PARTITO COMUNISTA ITALIANO"
25/9/2022 00:00:00;"C";"VALLE D'AOSTA";" U01 (AOSTA)";"BRISSOGNE";"DE ROSA";"LOREDANA";1/11/1961 00:00:00;"ROMA";"F";"6";"UNIONE POPOLARE CON DE MAGISTRIS"
25/9/2022 00:00:00;"C";"VALLE D'AOSTA";" U01 (AOSTA)";"BRISSOGNE";"MANES";"FRANCO";21/6/1963 00:00:00;"AOSTA";"M";"181";"VALLEE D?AOSTE ? AUTONOMIE PROGRES FEDERALISME"
25/9/2022 00:00:00;"C";"VALLE D'AOSTA";" U01 (AOSTA)";"BRUSSON";"RONC";"LOREDANA AUGUSTA";21/8/1964 00:00:00;"AOSTA";"F";"9";"ITALIA SOVRANA E POPOLARE"
25/9/2022 00:00:00;"C";"VALLE D'AOSTA";" U01 (AOSTA)";"BRUSSON";"GUICHARDAZ";"ERIKA";25/11/1976 00:00:00;"AOSTA";"F";"34";"VALLE D'AOSTA APERTA"
25/9/2022 00:00:00;"C";"VALLE D'AOSTA";" U01 (AOSTA)";"BRUSSON";"RINI";"EMILY MARINELLA";15/8/1982 00:00:00;"AOSTA";"F";"120";"LEGA PER SALVINI PREM.-FORZA IT.-NOI MODERATI-FRAT. D'ITALIA"
25/9/2022 00:00:00;"C";"VALLE D'AOSTA";" U01 (AOSTA)";"BRUSSON";"GIRARDINI";"GIOVANNI";3/7/1965 00:00:00;"AOSTA";"M";"54";"LA RENAISSANCE VALDOTAINE"
25/9/2022 00:00:00;"C";"VALLE D'AOSTA";" U01 (AOSTA)";"BRUSSON";"IANNI";"DAVIDE";13/12/1991 00:00:00;"IVREA (TO)";"M";"3";"PARTITO COMUNISTA ITALIANO"
25/9/2022 00:00:00;"C";"VALLE D'AOSTA";" U01 (AOSTA)";"BRUSSON";"DE ROSA";"LOREDANA";1/11/1961 00:00:00;"ROMA";"F";"11";"UNIONE POPOLARE CON DE MAGISTRIS"
25/9/2022 00:00:00;"C";"VALLE D'AOSTA";" U01 (AOSTA)";"BRUSSON";"MANES";"FRANCO";21/6/1963 00:00:00;"AOSTA";"M";"173";"VALLEE D?AOSTE ? AUTONOMIE PROGRES FEDERALISME"
25/9/2022 00:00:00;"C";"VALLE D'AOSTA";" U01 (AOSTA)";"CHALLAND-SAINT-ANSELME";"RONC";"LOREDANA AUGUSTA";21/8/1964 00:00:00;"AOSTA";"F";"12";"ITALIA SOVRANA E POPOLARE"
25/9/2022 00:00:00;"C";"VALLE D'AOSTA";" U01 (AOSTA)";"CHALLAND-SAINT-ANSELME";"GUICHARDAZ";"ERIKA";25/11/1976 00:00:00;"AOSTA";"F";"39";"VALLE D'AOSTA APERTA"
25/9/2022 00:00:00;"C";"VALLE D'AOSTA";" U01 (AOSTA)";"CHALLAND-SAINT-ANSELME";"RINI";"EMILY MARINELLA";15/8/1982 00:00:00;"AOSTA";"F";"108";"LEGA PER SALVINI PREM.-FORZA IT.-NOI MODERATI-FRAT. D'ITALIA"
25/9/2022 00:00:00;"C";"VALLE D'AOSTA";" U01 (AOSTA)";"CHALLAND-SAINT-ANSELME";"GIRARDINI";"GIOVANNI";3/7/1965 00:00:00;"AOSTA";"M";"43";"LA RENAISSANCE VALDOTAINE"
25/9/2022 00:00:00;"C";"VALLE D'AOSTA";" U01 (AOSTA)";"CHALLAND-SAINT-ANSELME";"IANNI";"DAVIDE";13/12/1991 00:00:00;"IVREA (TO)";"M";"7";"PARTITO COMUNISTA ITALIANO"
25/9/2022 00:00:00;"C";"VALLE D'AOSTA";" U01 (AOSTA)";"CHALLAND-SAINT-ANSELME";"DE ROSA";"LOREDANA";1/11/1961 00:00:00;"ROMA";"F";"7";"UNIONE POPOLARE CON DE MAGISTRIS"
25/9/2022 00:00:00;"C";"VALLE D'AOSTA";" U01 (AOSTA)";"CHALLAND-SAINT-ANSELME";"MANES";"FRANCO";21/6/1963 00:00:00;"AOSTA";"M";"108";"VALLEE D?AOSTE ? AUTONOMIE PROGRES FEDERALISME"
25/9/2022 00:00:00;"C";"VALLE D'AOSTA";" U01 (AOSTA)";"CHALLAND-SAINT-VICTOR";"RONC";"LOREDANA AUGUSTA";21/8/1964 00:00:00;"AOSTA";"F";"11";"ITALIA SOVRANA E POPOLARE"
25/9/2022 00:00:00;"C";"VALLE D'AOSTA";" U01 (AOSTA)";"CHALLAND-SAINT-VICTOR";"GUICHARDAZ";"ERIKA";25/11/1976 00:00:00;"AOSTA";"F";"17";"VALLE D'AOSTA APERTA"
25/9/2022 00:00:00;"C";"VALLE D'AOSTA";" U01 (AOSTA)";"CHALLAND-SAINT-VICTOR";"RINI";"EMILY MARINELLA";15/8/1982 00:00:00;"AOSTA";"F";"90";"LEGA PER SALVINI PREM.-FORZA IT.-NOI MODERATI-FRAT. D'ITALIA"
25/9/2022 00:00:00;"C";"VALLE D'AOSTA";" U01 (AOSTA)";"CHALLAND-SAINT-VICTOR";"GIRARDINI";"GIOVANNI";3/7/1965 00:00:00;"AOSTA";"M";"18";"LA RENAISSANCE VALDOTAINE"
25/9/2022 00:00:00;"C";"VALLE D'AOSTA";" U01 (AOSTA)";"CHALLAND-SAINT-VICTOR";"IANNI";"DAVIDE";13/12/1991 00:00:00;"IVREA (TO)";"M";"3";"PARTITO COMUNISTA ITALIANO"
25/9/2022 00:00:00;"C";"VALLE D'AOSTA";" U01 (AOSTA)";"CHALLAND-SAINT-VICTOR";"DE ROSA";"LOREDANA";1/11/1961 00:00:00;"ROMA";"F";"6";"UNIONE POPOLARE CON DE MAGISTRIS"
25/9/2022 00:00:00;"C";"VALLE D'AOSTA";" U01 (AOSTA)";"CHALLAND-SAINT-VICTOR";"MANES";"FRANCO";21/6/1963 00:00:00;"AOSTA";"M";"72";"VALLEE D?AOSTE ? AUTONOMIE PROGRES FEDERALISME"
25/9/2022 00:00:00;"C";"VALLE D'AOSTA";" U01 (AOSTA)";"CHAMBAVE";"RONC";"LOREDANA AUGUSTA";21/8/1964 00:00:00;"AOSTA";"F";"15";"ITALIA SOVRANA E POPOLARE"
25/9/2022 00:00:00;"C";"VALLE D'AOSTA";" U01 (AOSTA)";"CHAMBAVE";"GUICHARDAZ";"ERIKA";25/11/1976 00:00:00;"AOSTA";"F";"30";"VALLE D'AOSTA APERTA"
25/9/2022 00:00:00;"C";"VALLE D'AOSTA";" U01 (AOSTA)";"CHAMBAVE";"RINI";"EMILY MARINELLA";15/8/1982 00:00:00;"AOSTA";"F";"103";"LEGA PER SALVINI PREM.-FORZA IT.-NOI MODERATI-FRAT. D'ITALIA"
25/9/2022 00:00:00;"C";"VALLE D'AOSTA";" U01 (AOSTA)";"CHAMBAVE";"GIRARDINI";"GIOVANNI";3/7/1965 00:00:00;"AOSTA";"M";"19";"LA RENAISSANCE VALDOTAINE"
25/9/2022 00:00:00;"C";"VALLE D'AOSTA";" U01 (AOSTA)";"CHAMBAVE";"IANNI";"DAVIDE";13/12/1991 00:00:00;"IVREA (TO)";"M";"5";"PARTITO COMUNISTA ITALIANO"
25/9/2022 00:00:00;"C";"VALLE D'AOSTA";" U01 (AOSTA)";"CHAMBAVE";"DE ROSA";"LOREDANA";1/11/1961 00:00:00;"ROMA";"F";"15";"UNIONE POPOLARE CON DE MAGISTRIS"
25/9/2022 00:00:00;"C";"VALLE D'AOSTA";" U01 (AOSTA)";"CHAMBAVE";"MANES";"FRANCO";21/6/1963 00:00:00;"AOSTA";"M";"205";"VALLEE D?AOSTE ? AUTONOMIE PROGRES FEDERALISME"
25/9/2022 00:00:00;"C";"VALLE D'AOSTA";" U01 (AOSTA)";"CHAMOIS";"RONC";"LOREDANA AUGUSTA";21/8/1964 00:00:00;"AOSTA";"F";"2";"ITALIA SOVRANA E POPOLARE"
25/9/2022 00:00:00;"C";"VALLE D'AOSTA";" U01 (AOSTA)";"CHAMOIS";"GUICHARDAZ";"ERIKA";25/11/1976 00:00:00;"AOSTA";"F";"5";"VALLE D'AOSTA APERTA"
25/9/2022 00:00:00;"C";"VALLE D'AOSTA";" U01 (AOSTA)";"CHAMOIS";"RINI";"EMILY MARINELLA";15/8/1982 00:00:00;"AOSTA";"F";"23";"LEGA PER SALVINI PREM.-FORZA IT.-NOI MODERATI-FRAT. D'ITALIA"
25/9/2022 00:00:00;"C";"VALLE D'AOSTA";" U01 (AOSTA)";"CHAMOIS";"GIRARDINI";"GIOVANNI";3/7/1965 00:00:00;"AOSTA";"M";"1";"LA RENAISSANCE VALDOTAINE"
25/9/2022 00:00:00;"C";"VALLE D'AOSTA";" U01 (AOSTA)";"CHAMOIS";"IANNI";"DAVIDE";13/12/1991 00:00:00;"IVREA (TO)";"M";"3";"PARTITO COMUNISTA ITALIANO"
25/9/2022 00:00:00;"C";"VALLE D'AOSTA";" U01 (AOSTA)";"CHAMOIS";"DE ROSA";"LOREDANA";1/11/1961 00:00:00;"ROMA";"F";"1";"UNIONE POPOLARE CON DE MAGISTRIS"
25/9/2022 00:00:00;"C";"VALLE D'AOSTA";" U01 (AOSTA)";"CHAMOIS";"MANES";"FRANCO";21/6/1963 00:00:00;"AOSTA";"M";"22";"VALLEE D?AOSTE ? AUTONOMIE PROGRES FEDERALISME"
25/9/2022 00:00:00;"C";"VALLE D'AOSTA";" U01 (AOSTA)";"CHAMPDEPRAZ";"RONC";"LOREDANA AUGUSTA";21/8/1964 00:00:00;"AOSTA";"F";"12";"ITALIA SOVRANA E POPOLARE"
25/9/2022 00:00:00;"C";"VALLE D'AOSTA";" U01 (AOSTA)";"CHAMPDEPRAZ";"GUICHARDAZ";"ERIKA";25/11/1976 00:00:00;"AOSTA";"F";"39";"VALLE D'AOSTA APERTA"
25/9/2022 00:00:00;"C";"VALLE D'AOSTA";" U01 (AOSTA)";"CHAMPDEPRAZ";"RINI";"EMILY MARINELLA";15/8/1982 00:00:00;"AOSTA";"F";"104";"LEGA PER SALVINI PREM.-FORZA IT.-NOI MODERATI-FRAT. D'ITALIA"
25/9/2022 00:00:00;"C";"VALLE D'AOSTA";" U01 (AOSTA)";"CHAMPDEPRAZ";"GIRARDINI";"GIOVANNI";3/7/1965 00:00:00;"AOSTA";"M";"12";"LA RENAISSANCE VALDOTAINE"
25/9/2022 00:00:00;"C";"VALLE D'AOSTA";" U01 (AOSTA)";"CHAMPDEPRAZ";"IANNI";"DAVIDE";13/12/1991 00:00:00;"IVREA (TO)";"M";"5";"PARTITO COMUNISTA ITALIANO"
25/9/2022 00:00:00;"C";"VALLE D'AOSTA";" U01 (AOSTA)";"CHAMPDEPRAZ";"DE ROSA";"LOREDANA";1/11/1961 00:00:00;"ROMA";"F";"11";"UNIONE POPOLARE CON DE MAGISTRIS"
25/9/2022 00:00:00;"C";"VALLE D'AOSTA";" U01 (AOSTA)";"CHAMPDEPRAZ";"MANES";"FRANCO";21/6/1963 00:00:00;"AOSTA";"M";"121";"VALLEE D?AOSTE ? AUTONOMIE PROGRES FEDERALISME"
25/9/2022 00:00:00;"C";"VALLE D'AOSTA";" U01 (AOSTA)";"CHAMPORCHER";"RONC";"LOREDANA AUGUSTA";21/8/1964 00:00:00;"AOSTA";"F";"3";"ITALIA SOVRANA E POPOLARE"
25/9/2022 00:00:00;"C";"VALLE D'AOSTA";" U01 (AOSTA)";"CHAMPORCHER";"GUICHARDAZ";"ERIKA";25/11/1976 00:00:00;"AOSTA";"F";"29";"VALLE D'AOSTA APERTA"
25/9/2022 00:00:00;"C";"VALLE D'AOSTA";" U01 (AOSTA)";"CHAMPORCHER";"RINI";"EMILY MARINELLA";15/8/1982 00:00:00;"AOSTA";"F";"54";"LEGA PER SALVINI PREM.-FORZA IT.-NOI MODERATI-FRAT. D'ITALIA"
25/9/2022 00:00:00;"C";"VALLE D'AOSTA";" U01 (AOSTA)";"CHAMPORCHER";"GIRARDINI";"GIOVANNI";3/7/1965 00:00:00;"AOSTA";"M";"2";"LA RENAISSANCE VALDOTAINE"
25/9/2022 00:00:00;"C";"VALLE D'AOSTA";" U01 (AOSTA)";"CHAMPORCHER";"IANNI";"DAVIDE";13/12/1991 00:00:00;"IVREA (TO)";"M";"8";"PARTITO COMUNISTA ITALIANO"
25/9/2022 00:00:00;"C";"VALLE D'AOSTA";" U01 (AOSTA)";"CHAMPORCHER";"DE ROSA";"LOREDANA";1/11/1961 00:00:00;"ROMA";"F";"7";"UNIONE POPOLARE CON DE MAGISTRIS"
25/9/2022 00:00:00;"C";"VALLE D'AOSTA";" U01 (AOSTA)";"CHAMPORCHER";"MANES";"FRANCO";21/6/1963 00:00:00;"AOSTA";"M";"60";"VALLEE D?AOSTE ? AUTONOMIE PROGRES FEDERALISME"
25/9/2022 00:00:00;"C";"VALLE D'AOSTA";" U01 (AOSTA)";"CHARVENSOD";"RONC";"LOREDANA AUGUSTA";21/8/1964 00:00:00;"AOSTA";"F";"63";"ITALIA SOVRANA E POPOLARE"
25/9/2022 00:00:00;"C";"VALLE D'AOSTA";" U01 (AOSTA)";"CHARVENSOD";"GUICHARDAZ";"ERIKA";25/11/1976 00:00:00;"AOSTA";"F";"93";"VALLE D'AOSTA APERTA"
25/9/2022 00:00:00;"C";"VALLE D'AOSTA";" U01 (AOSTA)";"CHARVENSOD";"RINI";"EMILY MARINELLA";15/8/1982 00:00:00;"AOSTA";"F";"240";"LEGA PER SALVINI PREM.-FORZA IT.-NOI MODERATI-FRAT. D'ITALIA"
25/9/2022 00:00:00;"C";"VALLE D'AOSTA";" U01 (AOSTA)";"CHARVENSOD";"GIRARDINI";"GIOVANNI";3/7/1965 00:00:00;"AOSTA";"M";"225";"LA RENAISSANCE VALDOTAINE"
25/9/2022 00:00:00;"C";"VALLE D'AOSTA";" U01 (AOSTA)";"CHARVENSOD";"IANNI";"DAVIDE";13/12/1991 00:00:00;"IVREA (TO)";"M";"21";"PARTITO COMUNISTA ITALIANO"
25/9/2022 00:00:00;"C";"VALLE D'AOSTA";" U01 (AOSTA)";"CHARVENSOD";"DE ROSA";"LOREDANA";1/11/1961 00:00:00;"ROMA";"F";"16";"UNIONE POPOLARE CON DE MAGISTRIS"
25/9/2022 00:00:00;"C";"VALLE D'AOSTA";" U01 (AOSTA)";"CHARVENSOD";"MANES";"FRANCO";21/6/1963 00:00:00;"AOSTA";"M";"353";"VALLEE D?AOSTE ? AUTONOMIE PROGRES FEDERALISME"
25/9/2022 00:00:00;"C";"VALLE D'AOSTA";" U01 (AOSTA)";"CHATILLON";"RONC";"LOREDANA AUGUSTA";21/8/1964 00:00:00;"AOSTA";"F";"89";"ITALIA SOVRANA E POPOLARE"
25/9/2022 00:00:00;"C";"VALLE D'AOSTA";" U01 (AOSTA)";"CHATILLON";"GUICHARDAZ";"ERIKA";25/11/1976 00:00:00;"AOSTA";"F";"188";"VALLE D'AOSTA APERTA"
25/9/2022 00:00:00;"C";"VALLE D'AOSTA";" U01 (AOSTA)";"CHATILLON";"RINI";"EMILY MARINELLA";15/8/1982 00:00:00;"AOSTA";"F";"641";"LEGA PER SALVINI PREM.-FORZA IT.-NOI MODERATI-FRAT. D'ITALIA"
25/9/2022 00:00:00;"C";"VALLE D'AOSTA";" U01 (AOSTA)";"CHATILLON";"GIRARDINI";"GIOVANNI";3/7/1965 00:00:00;"AOSTA";"M";"189";"LA RENAISSANCE VALDOTAINE"
25/9/2022 00:00:00;"C";"VALLE D'AOSTA";" U01 (AOSTA)";"CHATILLON";"IANNI";"DAVIDE";13/12/1991 00:00:00;"IVREA (TO)";"M";"36";"PARTITO COMUNISTA ITALIANO"
25/9/2022 00:00:00;"C";"VALLE D'AOSTA";" U01 (AOSTA)";"CHATILLON";"DE ROSA";"LOREDANA";1/11/1961 00:00:00;"ROMA";"F";"52";"UNIONE POPOLARE CON DE MAGISTRIS"
25/9/2022 00:00:00;"C";"VALLE D'AOSTA";" U01 (AOSTA)";"CHATILLON";"MANES";"FRANCO";21/6/1963 00:00:00;"AOSTA";"M";"691";"VALLEE D?AOSTE ? AUTONOMIE PROGRES FEDERALISME"
25/9/2022 00:00:00;"C";"VALLE D'AOSTA";" U01 (AOSTA)";"COGNE";"RONC";"LOREDANA AUGUSTA";21/8/1964 00:00:00;"AOSTA";"F";"18";"ITALIA SOVRANA E POPOLARE"
25/9/2022 00:00:00;"C";"VALLE D'AOSTA";" U01 (AOSTA)";"COGNE";"GUICHARDAZ";"ERIKA";25/11/1976 00:00:00;"AOSTA";"F";"60";"VALLE D'AOSTA APERTA"
25/9/2022 00:00:00;"C";"VALLE D'AOSTA";" U01 (AOSTA)";"COGNE";"RINI";"EMILY MARINELLA";15/8/1982 00:00:00;"AOSTA";"F";"211";"LEGA PER SALVINI PREM.-FORZA IT.-NOI MODERATI-FRAT. D'ITALIA"
25/9/2022 00:00:00;"C";"VALLE D'AOSTA";" U01 (AOSTA)";"COGNE";"GIRARDINI";"GIOVANNI";3/7/1965 00:00:00;"AOSTA";"M";"67";"LA RENAISSANCE VALDOTAINE"
25/9/2022 00:00:00;"C";"VALLE D'AOSTA";" U01 (AOSTA)";"COGNE";"IANNI";"DAVIDE";13/12/1991 00:00:00;"IVREA (TO)";"M";"8";"PARTITO COMUNISTA ITALIANO"
25/9/2022 00:00:00;"C";"VALLE D'AOSTA";" U01 (AOSTA)";"COGNE";"DE ROSA";"LOREDANA";1/11/1961 00:00:00;"ROMA";"F";"9";"UNIONE POPOLARE CON DE MAGISTRIS"
25/9/2022 00:00:00;"C";"VALLE D'AOSTA";" U01 (AOSTA)";"COGNE";"MANES";"FRANCO";21/6/1963 00:00:00;"AOSTA";"M";"168";"VALLEE D?AOSTE ? AUTONOMIE PROGRES FEDERALISME"
25/9/2022 00:00:00;"C";"VALLE D'AOSTA";" U01 (AOSTA)";"COURMAYEUR";"RONC";"LOREDANA AUGUSTA";21/8/1964 00:00:00;"AOSTA";"F";"26";"ITALIA SOVRANA E POPOLARE"
25/9/2022 00:00:00;"C";"VALLE D'AOSTA";" U01 (AOSTA)";"COURMAYEUR";"GUICHARDAZ";"ERIKA";25/11/1976 00:00:00;"AOSTA";"F";"74";"VALLE D'AOSTA APERTA"
25/9/2022 00:00:00;"C";"VALLE D'AOSTA";" U01 (AOSTA)";"COURMAYEUR";"RINI";"EMILY MARINELLA";15/8/1982 00:00:00;"AOSTA";"F";"566";"LEGA PER SALVINI PREM.-FORZA IT.-NOI MODERATI-FRAT. D'ITALIA"
25/9/2022 00:00:00;"C";"VALLE D'AOSTA";" U01 (AOSTA)";"COURMAYEUR";"GIRARDINI";"GIOVANNI";3/7/1965 00:00:00;"AOSTA";"M";"76";"LA RENAISSANCE VALDOTAINE"
25/9/2022 00:00:00;"C";"VALLE D'AOSTA";" U01 (AOSTA)";"COURMAYEUR";"IANNI";"DAVIDE";13/12/1991 00:00:00;"IVREA (TO)";"M";"11";"PARTITO COMUNISTA ITALIANO"
25/9/2022 00:00:00;"C";"VALLE D'AOSTA";" U01 (AOSTA)";"COURMAYEUR";"DE ROSA";"LOREDANA";1/11/1961 00:00:00;"ROMA";"F";"18";"UNIONE POPOLARE CON DE MAGISTRIS"
25/9/2022 00:00:00;"C";"VALLE D'AOSTA";" U01 (AOSTA)";"COURMAYEUR";"MANES";"FRANCO";21/6/1963 00:00:00;"AOSTA";"M";"345";"VALLEE D?AOSTE ? AUTONOMIE PROGRES FEDERALISME"
25/9/2022 00:00:00;"C";"VALLE D'AOSTA";" U01 (AOSTA)";"DONNAS";"RONC";"LOREDANA AUGUSTA";21/8/1964 00:00:00;"AOSTA";"F";"39";"ITALIA SOVRANA E POPOLARE"
25/9/2022 00:00:00;"C";"VALLE D'AOSTA";" U01 (AOSTA)";"DONNAS";"GUICHARDAZ";"ERIKA";25/11/1976 00:00:00;"AOSTA";"F";"120";"VALLE D'AOSTA APERTA"
25/9/2022 00:00:00;"C";"VALLE D'AOSTA";" U01 (AOSTA)";"DONNAS";"RINI";"EMILY MARINELLA";15/8/1982 00:00:00;"AOSTA";"F";"305";"LEGA PER SALVINI PREM.-FORZA IT.-NOI MODERATI-FRAT. D'ITALIA"
25/9/2022 00:00:00;"C";"VALLE D'AOSTA";" U01 (AOSTA)";"DONNAS";"GIRARDINI";"GIOVANNI";3/7/1965 00:00:00;"AOSTA";"M";"38";"LA RENAISSANCE VALDOTAINE"
25/9/2022 00:00:00;"C";"VALLE D'AOSTA";" U01 (AOSTA)";"DONNAS";"IANNI";"DAVIDE";13/12/1991 00:00:00;"IVREA (TO)";"M";"32";"PARTITO COMUNISTA ITALIANO"
25/9/2022 00:00:00;"C";"VALLE D'AOSTA";" U01 (AOSTA)";"DONNAS";"DE ROSA";"LOREDANA";1/11/1961 00:00:00;"ROMA";"F";"31";"UNIONE POPOLARE CON DE MAGISTRIS"
25/9/2022 00:00:00;"C";"VALLE D'AOSTA";" U01 (AOSTA)";"DONNAS";"MANES";"FRANCO";21/6/1963 00:00:00;"AOSTA";"M";"500";"VALLEE D?AOSTE ? AUTONOMIE PROGRES FEDERALISME"
25/9/2022 00:00:00;"C";"VALLE D'AOSTA";" U01 (AOSTA)";"DOUES";"RONC";"LOREDANA AUGUSTA";21/8/1964 00:00:00;"AOSTA";"F";"6";"ITALIA SOVRANA E POPOLARE"
25/9/2022 00:00:00;"C";"VALLE D'AOSTA";" U01 (AOSTA)";"DOUES";"GUICHARDAZ";"ERIKA";25/11/1976 00:00:00;"AOSTA";"F";"9";"VALLE D'AOSTA APERTA"
25/9/2022 00:00:00;"C";"VALLE D'AOSTA";" U01 (AOSTA)";"DOUES";"RINI";"EMILY MARINELLA";15/8/1982 00:00:00;"AOSTA";"F";"36";"LEGA PER SALVINI PREM.-FORZA IT.-NOI MODERATI-FRAT. D'ITALIA"
25/9/2022 00:00:00;"C";"VALLE D'AOSTA";" U01 (AOSTA)";"DOUES";"GIRARDINI";"GIOVANNI";3/7/1965 00:00:00;"AOSTA";"M";"11";"LA RENAISSANCE VALDOTAINE"
25/9/2022 00:00:00;"C";"VALLE D'AOSTA";" U01 (AOSTA)";"DOUES";"IANNI";"DAVIDE";13/12/1991 00:00:00;"IVREA (TO)";"M";"2";"PARTITO COMUNISTA ITALIANO"
25/9/2022 00:00:00;"C";"VALLE D'AOSTA";" U01 (AOSTA)";"DOUES";"DE ROSA";"LOREDANA";1/11/1961 00:00:00;"ROMA";"F";"2";"UNIONE POPOLARE CON DE MAGISTRIS"
25/9/2022 00:00:00;"C";"VALLE D'AOSTA";" U01 (AOSTA)";"DOUES";"MANES";"FRANCO";21/6/1963 00:00:00;"AOSTA";"M";"248";"VALLEE D?AOSTE ? AUTONOMIE PROGRES FEDERALISME"
25/9/2022 00:00:00;"C";"VALLE D'AOSTA";" U01 (AOSTA)";"EMARESE";"RONC";"LOREDANA AUGUSTA";21/8/1964 00:00:00;"AOSTA";"F";"6";"ITALIA SOVRANA E POPOLARE"
25/9/2022 00:00:00;"C";"VALLE D'AOSTA";" U01 (AOSTA)";"EMARESE";"GUICHARDAZ";"ERIKA";25/11/1976 00:00:00;"AOSTA";"F";"6";"VALLE D'AOSTA APERTA"
25/9/2022 00:00:00;"C";"VALLE D'AOSTA";" U01 (AOSTA)";"EMARESE";"RINI";"EMILY MARINELLA";15/8/1982 00:00:00;"AOSTA";"F";"20";"LEGA PER SALVINI PREM.-FORZA IT.-NOI MODERATI-FRAT. D'ITALIA"
25/9/2022 00:00:00;"C";"VALLE D'AOSTA";" U01 (AOSTA)";"EMARESE";"GIRARDINI";"GIOVANNI";3/7/1965 00:00:00;"AOSTA";"M";"13";"LA RENAISSANCE VALDOTAINE"
25/9/2022 00:00:00;"C";"VALLE D'AOSTA";" U01 (AOSTA)";"EMARESE";"IANNI";"DAVIDE";13/12/1991 00:00:00;"IVREA (TO)";"M";"1";"PARTITO COMUNISTA ITALIANO"
25/9/2022 00:00:00;"C";"VALLE D'AOSTA";" U01 (AOSTA)";"EMARESE";"DE ROSA";"LOREDANA";1/11/1961 00:00:00;"ROMA";"F";"3";"UNIONE POPOLARE CON DE MAGISTRIS"
25/9/2022 00:00:00;"C";"VALLE D'AOSTA";" U01 (AOSTA)";"EMARESE";"MANES";"FRANCO";21/6/1963 00:00:00;"AOSTA";"M";"53";"VALLEE D?AOSTE ? AUTONOMIE PROGRES FEDERALISME"
25/9/2022 00:00:00;"C";"VALLE D'AOSTA";" U01 (AOSTA)";"ETROUBLES";"RONC";"LOREDANA AUGUSTA";21/8/1964 00:00:00;"AOSTA";"F";"7";"ITALIA SOVRANA E POPOLARE"
25/9/2022 00:00:00;"C";"VALLE D'AOSTA";" U01 (AOSTA)";"ETROUBLES";"GUICHARDAZ";"ERIKA";25/11/1976 00:00:00;"AOSTA";"F";"10";"VALLE D'AOSTA APERTA"
25/9/2022 00:00:00;"C";"VALLE D'AOSTA";" U01 (AOSTA)";"ETROUBLES";"RINI";"EMILY MARINELLA";15/8/1982 00:00:00;"AOSTA";"F";"46";"LEGA PER SALVINI PREM.-FORZA IT.-NOI MODERATI-FRAT. D'ITALIA"
25/9/2022 00:00:00;"C";"VALLE D'AOSTA";" U01 (AOSTA)";"ETROUBLES";"GIRARDINI";"GIOVANNI";3/7/1965 00:00:00;"AOSTA";"M";"16";"LA RENAISSANCE VALDOTAINE"
25/9/2022 00:00:00;"C";"VALLE D'AOSTA";" U01 (AOSTA)";"ETROUBLES";"IANNI";"DAVIDE";13/12/1991 00:00:00;"IVREA (TO)";"M";"1";"PARTITO COMUNISTA ITALIANO"
25/9/2022 00:00:00;"C";"VALLE D'AOSTA";" U01 (AOSTA)";"ETROUBLES";"DE ROSA";"LOREDANA";1/11/1961 00:00:00;"ROMA";"F";"6";"UNIONE POPOLARE CON DE MAGISTRIS"
25/9/2022 00:00:00;"C";"VALLE D'AOSTA";" U01 (AOSTA)";"ETROUBLES";"MANES";"FRANCO";21/6/1963 00:00:00;"AOSTA";"M";"118";"VALLEE D?AOSTE ? AUTONOMIE PROGRES FEDERALISME"
25/9/2022 00:00:00;"C";"VALLE D'AOSTA";" U01 (AOSTA)";"FENIS";"RONC";"LOREDANA AUGUSTA";21/8/1964 00:00:00;"AOSTA";"F";"37";"ITALIA SOVRANA E POPOLARE"
25/9/2022 00:00:00;"C";"VALLE D'AOSTA";" U01 (AOSTA)";"FENIS";"GUICHARDAZ";"ERIKA";25/11/1976 00:00:00;"AOSTA";"F";"65";"VALLE D'AOSTA APERTA"
25/9/2022 00:00:00;"C";"VALLE D'AOSTA";" U01 (AOSTA)";"FENIS";"RINI";"EMILY MARINELLA";15/8/1982 00:00:00;"AOSTA";"F";"193";"LEGA PER SALVINI PREM.-FORZA IT.-NOI MODERATI-FRAT. D'ITALIA"
25/9/2022 00:00:00;"C";"VALLE D'AOSTA";" U01 (AOSTA)";"FENIS";"GIRARDINI";"GIOVANNI";3/7/1965 00:00:00;"AOSTA";"M";"60";"LA RENAISSANCE VALDOTAINE"
25/9/2022 00:00:00;"C";"VALLE D'AOSTA";" U01 (AOSTA)";"FENIS";"IANNI";"DAVIDE";13/12/1991 00:00:00;"IVREA (TO)";"M";"17";"PARTITO COMUNISTA ITALIANO"
25/9/2022 00:00:00;"C";"VALLE D'AOSTA";" U01 (AOSTA)";"FENIS";"DE ROSA";"LOREDANA";1/11/1961 00:00:00;"ROMA";"F";"17";"UNIONE POPOLARE CON DE MAGISTRIS"
25/9/2022 00:00:00;"C";"VALLE D'AOSTA";" U01 (AOSTA)";"FENIS";"MANES";"FRANCO";21/6/1963 00:00:00;"AOSTA";"M";"302";"VALLEE D?AOSTE ? AUTONOMIE PROGRES FEDERALISME"
25/9/2022 00:00:00;"C";"VALLE D'AOSTA";" U01 (AOSTA)";"FONTAINEMORE";"RONC";"LOREDANA AUGUSTA";21/8/1964 00:00:00;"AOSTA";"F";"4";"ITALIA SOVRANA E POPOLARE"
25/9/2022 00:00:00;"C";"VALLE D'AOSTA";" U01 (AOSTA)";"FONTAINEMORE";"GUICHARDAZ";"ERIKA";25/11/1976 00:00:00;"AOSTA";"F";"23";"VALLE D'AOSTA APERTA"
25/9/2022 00:00:00;"C";"VALLE D'AOSTA";" U01 (AOSTA)";"FONTAINEMORE";"RINI";"EMILY MARINELLA";15/8/1982 00:00:00;"AOSTA";"F";"51";"LEGA PER SALVINI PREM.-FORZA IT.-NOI MODERATI-FRAT. D'ITALIA"
25/9/2022 00:00:00;"C";"VALLE D'AOSTA";" U01 (AOSTA)";"FONTAINEMORE";"GIRARDINI";"GIOVANNI";3/7/1965 00:00:00;"AOSTA";"M";"10";"LA RENAISSANCE VALDOTAINE"
25/9/2022 00:00:00;"C";"VALLE D'AOSTA";" U01 (AOSTA)";"FONTAINEMORE";"IANNI";"DAVIDE";13/12/1991 00:00:00;"IVREA (TO)";"M";"6";"PARTITO COMUNISTA ITALIANO"
25/9/2022 00:00:00;"C";"VALLE D'AOSTA";" U01 (AOSTA)";"FONTAINEMORE";"DE ROSA";"LOREDANA";1/11/1961 00:00:00;"ROMA";"F";"4";"UNIONE POPOLARE CON DE MAGISTRIS"
25/9/2022 00:00:00;"C";"VALLE D'AOSTA";" U01 (AOSTA)";"FONTAINEMORE";"MANES";"FRANCO";21/6/1963 00:00:00;"AOSTA";"M";"50";"VALLEE D?AOSTE ? AUTONOMIE PROGRES FEDERALISME"
25/9/2022 00:00:00;"C";"VALLE D'AOSTA";" U01 (AOSTA)";"GABY";"RONC";"LOREDANA AUGUSTA";21/8/1964 00:00:00;"AOSTA";"F";"1";"ITALIA SOVRANA E POPOLARE"
25/9/2022 00:00:00;"C";"VALLE D'AOSTA";" U01 (AOSTA)";"GABY";"GUICHARDAZ";"ERIKA";25/11/1976 00:00:00;"AOSTA";"F";"27";"VALLE D'AOSTA APERTA"
25/9/2022 00:00:00;"C";"VALLE D'AOSTA";" U01 (AOSTA)";"GABY";"RINI";"EMILY MARINELLA";15/8/1982 00:00:00;"AOSTA";"F";"64";"LEGA PER SALVINI PREM.-FORZA IT.-NOI MODERATI-FRAT. D'ITALIA"
25/9/2022 00:00:00;"C";"VALLE D'AOSTA";" U01 (AOSTA)";"GABY";"GIRARDINI";"GIOVANNI";3/7/1965 00:00:00;"AOSTA";"M";"6";"LA RENAISSANCE VALDOTAINE"
25/9/2022 00:00:00;"C";"VALLE D'AOSTA";" U01 (AOSTA)";"GABY";"IANNI";"DAVIDE";13/12/1991 00:00:00;"IVREA (TO)";"M";"4";"PARTITO COMUNISTA ITALIANO"
25/9/2022 00:00:00;"C";"VALLE D'AOSTA";" U01 (AOSTA)";"GABY";"DE ROSA";"LOREDANA";1/11/1961 00:00:00;"ROMA";"F";"6";"UNIONE POPOLARE CON DE MAGISTRIS"
25/9/2022 00:00:00;"C";"VALLE D'AOSTA";" U01 (AOSTA)";"GABY";"MANES";"FRANCO";21/6/1963 00:00:00;"AOSTA";"M";"78";"VALLEE D?AOSTE ? AUTONOMIE PROGRES FEDERALISME"
25/9/2022 00:00:00;"C";"VALLE D'AOSTA";" U01 (AOSTA)";"GIGNOD";"RONC";"LOREDANA AUGUSTA";21/8/1964 00:00:00;"AOSTA";"F";"38";"ITALIA SOVRANA E POPOLARE"
25/9/2022 00:00:00;"C";"VALLE D'AOSTA";" U01 (AOSTA)";"GIGNOD";"GUICHARDAZ";"ERIKA";25/11/1976 00:00:00;"AOSTA";"F";"82";"VALLE D'AOSTA APERTA"
25/9/2022 00:00:00;"C";"VALLE D'AOSTA";" U01 (AOSTA)";"GIGNOD";"RINI";"EMILY MARINELLA";15/8/1982 00:00:00;"AOSTA";"F";"153";"LEGA PER SALVINI PREM.-FORZA IT.-NOI MODERATI-FRAT. D'ITALIA"
25/9/2022 00:00:00;"C";"VALLE D'AOSTA";" U01 (AOSTA)";"GIGNOD";"GIRARDINI";"GIOVANNI";3/7/1965 00:00:00;"AOSTA";"M";"109";"LA RENAISSANCE VALDOTAINE"
25/9/2022 00:00:00;"C";"VALLE D'AOSTA";" U01 (AOSTA)";"GIGNOD";"IANNI";"DAVIDE";13/12/1991 00:00:00;"IVREA (TO)";"M";"15";"PARTITO COMUNISTA ITALIANO"
25/9/2022 00:00:00;"C";"VALLE D'AOSTA";" U01 (AOSTA)";"GIGNOD";"DE ROSA";"LOREDANA";1/11/1961 00:00:00;"ROMA";"F";"19";"UNIONE POPOLARE CON DE MAGISTRIS"
25/9/2022 00:00:00;"C";"VALLE D'AOSTA";" U01 (AOSTA)";"GIGNOD";"MANES";"FRANCO";21/6/1963 00:00:00;"AOSTA";"M";"327";"VALLEE D?AOSTE ? AUTONOMIE PROGRES FEDERALISME"
25/9/2022 00:00:00;"C";"VALLE D'AOSTA";" U01 (AOSTA)";"GRESSAN";"RONC";"LOREDANA AUGUSTA";21/8/1964 00:00:00;"AOSTA";"F";"48";"ITALIA SOVRANA E POPOLARE"
25/9/2022 00:00:00;"C";"VALLE D'AOSTA";" U01 (AOSTA)";"GRESSAN";"GUICHARDAZ";"ERIKA";25/11/1976 00:00:00;"AOSTA";"F";"247";"VALLE D'AOSTA APERTA"
25/9/2022 00:00:00;"C";"VALLE D'AOSTA";" U01 (AOSTA)";"GRESSAN";"RINI";"EMILY MARINELLA";15/8/1982 00:00:00;"AOSTA";"F";"400";"LEGA PER SALVINI PREM.-FORZA IT.-NOI MODERATI-FRAT. D'ITALIA"
25/9/2022 00:00:00;"C";"VALLE D'AOSTA";" U01 (AOSTA)";"GRESSAN";"GIRARDINI";"GIOVANNI";3/7/1965 00:00:00;"AOSTA";"M";"314";"LA RENAISSANCE VALDOTAINE"
25/9/2022 00:00:00;"C";"VALLE D'AOSTA";" U01 (AOSTA)";"GRESSAN";"IANNI";"DAVIDE";13/12/1991 00:00:00;"IVREA (TO)";"M";"21";"PARTITO COMUNISTA ITALIANO"
25/9/2022 00:00:00;"C";"VALLE D'AOSTA";" U01 (AOSTA)";"GRESSAN";"DE ROSA";"LOREDANA";1/11/1961 00:00:00;"ROMA";"F";"29";"UNIONE POPOLARE CON DE MAGISTRIS"
25/9/2022 00:00:00;"C";"VALLE D'AOSTA";" U01 (AOSTA)";"GRESSAN";"MANES";"FRANCO";21/6/1963 00:00:00;"AOSTA";"M";"484";"VALLEE D?AOSTE ? AUTONOMIE PROGRES FEDERALISME"
25/9/2022 00:00:00;"C";"VALLE D'AOSTA";" U01 (AOSTA)";"GRESSONEY-LA-TRINITE'";"RONC";"LOREDANA AUGUSTA";21/8/1964 00:00:00;"AOSTA";"F";"5";"ITALIA SOVRANA E POPOLARE"
25/9/2022 00:00:00;"C";"VALLE D'AOSTA";" U01 (AOSTA)";"GRESSONEY-LA-TRINITE'";"GUICHARDAZ";"ERIKA";25/11/1976 00:00:00;"AOSTA";"F";"15";"VALLE D'AOSTA APERTA"
25/9/2022 00:00:00;"C";"VALLE D'AOSTA";" U01 (AOSTA)";"GRESSONEY-LA-TRINITE'";"RINI";"EMILY MARINELLA";15/8/1982 00:00:00;"AOSTA";"F";"45";"LEGA PER SALVINI PREM.-FORZA IT.-NOI MODERATI-FRAT. D'ITALIA"
25/9/2022 00:00:00;"C";"VALLE D'AOSTA";" U01 (AOSTA)";"GRESSONEY-LA-TRINITE'";"GIRARDINI";"GIOVANNI";3/7/1965 00:00:00;"AOSTA";"M";"2";"LA RENAISSANCE VALDOTAINE"
25/9/2022 00:00:00;"C";"VALLE D'AOSTA";" U01 (AOSTA)";"GRESSONEY-LA-TRINITE'";"IANNI";"DAVIDE";13/12/1991 00:00:00;"IVREA (TO)";"M";"2";"PARTITO COMUNISTA ITALIANO"
25/9/2022 00:00:00;"C";"VALLE D'AOSTA";" U01 (AOSTA)";"GRESSONEY-LA-TRINITE'";"DE ROSA";"LOREDANA";1/11/1961 00:00:00;"ROMA";"F";"1";"UNIONE POPOLARE CON DE MAGISTRIS"
25/9/2022 00:00:00;"C";"VALLE D'AOSTA";" U01 (AOSTA)";"GRESSONEY-LA-TRINITE'";"MANES";"FRANCO";21/6/1963 00:00:00;"AOSTA";"M";"65";"VALLEE D?AOSTE ? AUTONOMIE PROGRES FEDERALISME"
25/9/2022 00:00:00;"C";"VALLE D'AOSTA";" U01 (AOSTA)";"GRESSONEY-SAINT-JEAN";"RONC";"LOREDANA AUGUSTA";21/8/1964 00:00:00;"AOSTA";"F";"11";"ITALIA SOVRANA E POPOLARE"
25/9/2022 00:00:00;"C";"VALLE D'AOSTA";" U01 (AOSTA)";"GRESSONEY-SAINT-JEAN";"GUICHARDAZ";"ERIKA";25/11/1976 00:00:00;"AOSTA";"F";"39";"VALLE D'AOSTA APERTA"
25/9/2022 00:00:00;"C";"VALLE D'AOSTA";" U01 (AOSTA)";"GRESSONEY-SAINT-JEAN";"RINI";"EMILY MARINELLA";15/8/1982 00:00:00;"AOSTA";"F";"175";"LEGA PER SALVINI PREM.-FORZA IT.-NOI MODERATI-FRAT. D'ITALIA"
25/9/2022 00:00:00;"C";"VALLE D'AOSTA";" U01 (AOSTA)";"GRESSONEY-SAINT-JEAN";"GIRARDINI";"GIOVANNI";3/7/1965 00:00:00;"AOSTA";"M";"18";"LA RENAISSANCE VALDOTAINE"
25/9/2022 00:00:00;"C";"VALLE D'AOSTA";" U01 (AOSTA)";"GRESSONEY-SAINT-JEAN";"IANNI";"DAVIDE";13/12/1991 00:00:00;"IVREA (TO)";"M";"8";"PARTITO COMUNISTA ITALIANO"
25/9/2022 00:00:00;"C";"VALLE D'AOSTA";" U01 (AOSTA)";"GRESSONEY-SAINT-JEAN";"DE ROSA";"LOREDANA";1/11/1961 00:00:00;"ROMA";"F";"3";"UNIONE POPOLARE CON DE MAGISTRIS"
25/9/2022 00:00:00;"C";"VALLE D'AOSTA";" U01 (AOSTA)";"GRESSONEY-SAINT-JEAN";"MANES";"FRANCO";21/6/1963 00:00:00;"AOSTA";"M";"99";"VALLEE D?AOSTE ? AUTONOMIE PROGRES FEDERALISME"
25/9/2022 00:00:00;"C";"VALLE D'AOSTA";" U01 (AOSTA)";"HONE";"RONC";"LOREDANA AUGUSTA";21/8/1964 00:00:00;"AOSTA";"F";"15";"ITALIA SOVRANA E POPOLARE"
25/9/2022 00:00:00;"C";"VALLE D'AOSTA";" U01 (AOSTA)";"HONE";"GUICHARDAZ";"ERIKA";25/11/1976 00:00:00;"AOSTA";"F";"61";"VALLE D'AOSTA APERTA"
25/9/2022 00:00:00;"C";"VALLE D'AOSTA";" U01 (AOSTA)";"HONE";"RINI";"EMILY MARINELLA";15/8/1982 00:00:00;"AOSTA";"F";"160";"LEGA PER SALVINI PREM.-FORZA IT.-NOI MODERATI-FRAT. D'ITALIA"
25/9/2022 00:00:00;"C";"VALLE D'AOSTA";" U01 (AOSTA)";"HONE";"GIRARDINI";"GIOVANNI";3/7/1965 00:00:00;"AOSTA";"M";"24";"LA RENAISSANCE VALDOTAINE"
25/9/2022 00:00:00;"C";"VALLE D'AOSTA";" U01 (AOSTA)";"HONE";"IANNI";"DAVIDE";13/12/1991 00:00:00;"IVREA (TO)";"M";"14";"PARTITO COMUNISTA ITALIANO"
25/9/2022 00:00:00;"C";"VALLE D'AOSTA";" U01 (AOSTA)";"HONE";"DE ROSA";"LOREDANA";1/11/1961 00:00:00;"ROMA";"F";"24";"UNIONE POPOLARE CON DE MAGISTRIS"
25/9/2022 00:00:00;"C";"VALLE D'AOSTA";" U01 (AOSTA)";"HONE";"MANES";"FRANCO";21/6/1963 00:00:00;"AOSTA";"M";"202";"VALLEE D?AOSTE ? AUTONOMIE PROGRES FEDERALISME"
25/9/2022 00:00:00;"C";"VALLE D'AOSTA";" U01 (AOSTA)";"INTROD";"RONC";"LOREDANA AUGUSTA";21/8/1964 00:00:00;"AOSTA";"F";"4";"ITALIA SOVRANA E POPOLARE"
25/9/2022 00:00:00;"C";"VALLE D'AOSTA";" U01 (AOSTA)";"INTROD";"GUICHARDAZ";"ERIKA";25/11/1976 00:00:00;"AOSTA";"F";"42";"VALLE D'AOSTA APERTA"
25/9/2022 00:00:00;"C";"VALLE D'AOSTA";" U01 (AOSTA)";"INTROD";"RINI";"EMILY MARINELLA";15/8/1982 00:00:00;"AOSTA";"F";"63";"LEGA PER SALVINI PREM.-FORZA IT.-NOI MODERATI-FRAT. D'ITALIA"
25/9/2022 00:00:00;"C";"VALLE D'AOSTA";" U01 (AOSTA)";"INTROD";"GIRARDINI";"GIOVANNI";3/7/1965 00:00:00;"AOSTA";"M";"30";"LA RENAISSANCE VALDOTAINE"
25/9/2022 00:00:00;"C";"VALLE D'AOSTA";" U01 (AOSTA)";"INTROD";"IANNI";"DAVIDE";13/12/1991 00:00:00;"IVREA (TO)";"M";"3";"PARTITO COMUNISTA ITALIANO"
25/9/2022 00:00:00;"C";"VALLE D'AOSTA";" U01 (AOSTA)";"INTROD";"DE ROSA";"LOREDANA";1/11/1961 00:00:00;"ROMA";"F";"6";"UNIONE POPOLARE CON DE MAGISTRIS"
25/9/2022 00:00:00;"C";"VALLE D'AOSTA";" U01 (AOSTA)";"INTROD";"MANES";"FRANCO";21/6/1963 00:00:00;"AOSTA";"M";"145";"VALLEE D?AOSTE ? AUTONOMIE PROGRES FEDERALISME"
25/9/2022 00:00:00;"C";"VALLE D'AOSTA";" U01 (AOSTA)";"ISSIME";"RONC";"LOREDANA AUGUSTA";21/8/1964 00:00:00;"AOSTA";"F";"1";"ITALIA SOVRANA E POPOLARE"
25/9/2022 00:00:00;"C";"VALLE D'AOSTA";" U01 (AOSTA)";"ISSIME";"GUICHARDAZ";"ERIKA";25/11/1976 00:00:00;"AOSTA";"F";"16";"VALLE D'AOSTA APERTA"
25/9/2022 00:00:00;"C";"VALLE D'AOSTA";" U01 (AOSTA)";"ISSIME";"RINI";"EMILY MARINELLA";15/8/1982 00:00:00;"AOSTA";"F";"69";"LEGA PER SALVINI PREM.-FORZA IT.-NOI MODERATI-FRAT. D'ITALIA"
25/9/2022 00:00:00;"C";"VALLE D'AOSTA";" U01 (AOSTA)";"ISSIME";"GIRARDINI";"GIOVANNI";3/7/1965 00:00:00;"AOSTA";"M";"4";"LA RENAISSANCE VALDOTAINE"
25/9/2022 00:00:00;"C";"VALLE D'AOSTA";" U01 (AOSTA)";"ISSIME";"IANNI";"DAVIDE";13/12/1991 00:00:00;"IVREA (TO)";"M";"5";"PARTITO COMUNISTA ITALIANO"
25/9/2022 00:00:00;"C";"VALLE D'AOSTA";" U01 (AOSTA)";"ISSIME";"DE ROSA";"LOREDANA";1/11/1961 00:00:00;"ROMA";"F";"3";"UNIONE POPOLARE CON DE MAGISTRIS"
25/9/2022 00:00:00;"C";"VALLE D'AOSTA";" U01 (AOSTA)";"ISSIME";"MANES";"FRANCO";21/6/1963 00:00:00;"AOSTA";"M";"75";"VALLEE D?AOSTE ? AUTONOMIE PROGRES FEDERALISME"
25/9/2022 00:00:00;"C";"VALLE D'AOSTA";" U01 (AOSTA)";"ISSOGNE";"RONC";"LOREDANA AUGUSTA";21/8/1964 00:00:00;"AOSTA";"F";"20";"ITALIA SOVRANA E POPOLARE"
25/9/2022 00:00:00;"C";"VALLE D'AOSTA";" U01 (AOSTA)";"ISSOGNE";"GUICHARDAZ";"ERIKA";25/11/1976 00:00:00;"AOSTA";"F";"61";"VALLE D'AOSTA APERTA"
25/9/2022 00:00:00;"C";"VALLE D'AOSTA";" U01 (AOSTA)";"ISSOGNE";"RINI";"EMILY MARINELLA";15/8/1982 00:00:00;"AOSTA";"F";"162";"LEGA PER SALVINI PREM.-FORZA IT.-NOI MODERATI-FRAT. D'ITALIA"
25/9/2022 00:00:00;"C";"VALLE D'AOSTA";" U01 (AOSTA)";"ISSOGNE";"GIRARDINI";"GIOVANNI";3/7/1965 00:00:00;"AOSTA";"M";"40";"LA RENAISSANCE VALDOTAINE"
25/9/2022 00:00:00;"C";"VALLE D'AOSTA";" U01 (AOSTA)";"ISSOGNE";"IANNI";"DAVIDE";13/12/1991 00:00:00;"IVREA (TO)";"M";"29";"PARTITO COMUNISTA ITALIANO"
25/9/2022 00:00:00;"C";"VALLE D'AOSTA";" U01 (AOSTA)";"ISSOGNE";"DE ROSA";"LOREDANA";1/11/1961 00:00:00;"ROMA";"F";"16";"UNIONE POPOLARE CON DE MAGISTRIS"
25/9/2022 00:00:00;"C";"VALLE D'AOSTA";" U01 (AOSTA)";"ISSOGNE";"MANES";"FRANCO";21/6/1963 00:00:00;"AOSTA";"M";"209";"VALLEE D?AOSTE ? AUTONOMIE PROGRES FEDERALISME"
25/9/2022 00:00:00;"C";"VALLE D'AOSTA";" U01 (AOSTA)";"JOVENCAN";"RONC";"LOREDANA AUGUSTA";21/8/1964 00:00:00;"AOSTA";"F";"15";"ITALIA SOVRANA E POPOLARE"
25/9/2022 00:00:00;"C";"VALLE D'AOSTA";" U01 (AOSTA)";"JOVENCAN";"GUICHARDAZ";"ERIKA";25/11/1976 00:00:00;"AOSTA";"F";"42";"VALLE D'AOSTA APERTA"
25/9/2022 00:00:00;"C";"VALLE D'AOSTA";" U01 (AOSTA)";"JOVENCAN";"RINI";"EMILY MARINELLA";15/8/1982 00:00:00;"AOSTA";"F";"75";"LEGA PER SALVINI PREM.-FORZA IT.-NOI MODERATI-FRAT. D'ITALIA"
25/9/2022 00:00:00;"C";"VALLE D'AOSTA";" U01 (AOSTA)";"JOVENCAN";"GIRARDINI";"GIOVANNI";3/7/1965 00:00:00;"AOSTA";"M";"38";"LA RENAISSANCE VALDOTAINE"
25/9/2022 00:00:00;"C";"VALLE D'AOSTA";" U01 (AOSTA)";"JOVENCAN";"IANNI";"DAVIDE";13/12/1991 00:00:00;"IVREA (TO)";"M";"8";"PARTITO COMUNISTA ITALIANO"
25/9/2022 00:00:00;"C";"VALLE D'AOSTA";" U01 (AOSTA)";"JOVENCAN";"DE ROSA";"LOREDANA";1/11/1961 00:00:00;"ROMA";"F";"6";"UNIONE POPOLARE CON DE MAGISTRIS"
25/9/2022 00:00:00;"C";"VALLE D'AOSTA";" U01 (AOSTA)";"JOVENCAN";"MANES";"FRANCO";21/6/1963 00:00:00;"AOSTA";"M";"126";"VALLEE D?AOSTE ? AUTONOMIE PROGRES FEDERALISME"
25/9/2022 00:00:00;"C";"VALLE D'AOSTA";" U01 (AOSTA)";"LA MAGDELEINE";"RONC";"LOREDANA AUGUSTA";21/8/1964 00:00:00;"AOSTA";"F";"1";"ITALIA SOVRANA E POPOLARE"
25/9/2022 00:00:00;"C";"VALLE D'AOSTA";" U01 (AOSTA)";"LA MAGDELEINE";"GUICHARDAZ";"ERIKA";25/11/1976 00:00:00;"AOSTA";"F";"9";"VALLE D'AOSTA APERTA"
25/9/2022 00:00:00;"C";"VALLE D'AOSTA";" U01 (AOSTA)";"LA MAGDELEINE";"RINI";"EMILY MARINELLA";15/8/1982 00:00:00;"AOSTA";"F";"24";"LEGA PER SALVINI PREM.-FORZA IT.-NOI MODERATI-FRAT. D'ITALIA"
25/9/2022 00:00:00;"C";"VALLE D'AOSTA";" U01 (AOSTA)";"LA MAGDELEINE";"GIRARDINI";"GIOVANNI";3/7/1965 00:00:00;"AOSTA";"M";"7";"LA RENAISSANCE VALDOTAINE"
25/9/2022 00:00:00;"C";"VALLE D'AOSTA";" U01 (AOSTA)";"LA MAGDELEINE";"IANNI";"DAVIDE";13/12/1991 00:00:00;"IVREA (TO)";"M";"2";"PARTITO COMUNISTA ITALIANO"
25/9/2022 00:00:00;"C";"VALLE D'AOSTA";" U01 (AOSTA)";"LA MAGDELEINE";"DE ROSA";"LOREDANA";1/11/1961 00:00:00;"ROMA";"F";"0";"UNIONE POPOLARE CON DE MAGISTRIS"
25/9/2022 00:00:00;"C";"VALLE D'AOSTA";" U01 (AOSTA)";"LA MAGDELEINE";"MANES";"FRANCO";21/6/1963 00:00:00;"AOSTA";"M";"20";"VALLEE D?AOSTE ? AUTONOMIE PROGRES FEDERALISME"
25/9/2022 00:00:00;"C";"VALLE D'AOSTA";" U01 (AOSTA)";"LA SALLE";"RONC";"LOREDANA AUGUSTA";21/8/1964 00:00:00;"AOSTA";"F";"27";"ITALIA SOVRANA E POPOLARE"
25/9/2022 00:00:00;"C";"VALLE D'AOSTA";" U01 (AOSTA)";"LA SALLE";"GUICHARDAZ";"ERIKA";25/11/1976 00:00:00;"AOSTA";"F";"68";"VALLE D'AOSTA APERTA"
25/9/2022 00:00:00;"C";"VALLE D'AOSTA";" U01 (AOSTA)";"LA SALLE";"RINI";"EMILY MARINELLA";15/8/1982 00:00:00;"AOSTA";"F";"280";"LEGA PER SALVINI PREM.-FORZA IT.-NOI MODERATI-FRAT. D'ITALIA"
25/9/2022 00:00:00;"C";"VALLE D'AOSTA";" U01 (AOSTA)";"LA SALLE";"GIRARDINI";"GIOVANNI";3/7/1965 00:00:00;"AOSTA";"M";"68";"LA RENAISSANCE VALDOTAINE"
25/9/2022 00:00:00;"C";"VALLE D'AOSTA";" U01 (AOSTA)";"LA SALLE";"IANNI";"DAVIDE";13/12/1991 00:00:00;"IVREA (TO)";"M";"8";"PARTITO COMUNISTA ITALIANO"
25/9/2022 00:00:00;"C";"VALLE D'AOSTA";" U01 (AOSTA)";"LA SALLE";"DE ROSA";"LOREDANA";1/11/1961 00:00:00;"ROMA";"F";"11";"UNIONE POPOLARE CON DE MAGISTRIS"
25/9/2022 00:00:00;"C";"VALLE D'AOSTA";" U01 (AOSTA)";"LA SALLE";"MANES";"FRANCO";21/6/1963 00:00:00;"AOSTA";"M";"337";"VALLEE D?AOSTE ? AUTONOMIE PROGRES FEDERALISME"
25/9/2022 00:00:00;"C";"VALLE D'AOSTA";" U01 (AOSTA)";"LA THUILE";"RONC";"LOREDANA AUGUSTA";21/8/1964 00:00:00;"AOSTA";"F";"4";"ITALIA SOVRANA E POPOLARE"
25/9/2022 00:00:00;"C";"VALLE D'AOSTA";" U01 (AOSTA)";"LA THUILE";"GUICHARDAZ";"ERIKA";25/11/1976 00:00:00;"AOSTA";"F";"23";"VALLE D'AOSTA APERTA"
25/9/2022 00:00:00;"C";"VALLE D'AOSTA";" U01 (AOSTA)";"LA THUILE";"RINI";"EMILY MARINELLA";15/8/1982 00:00:00;"AOSTA";"F";"173";"LEGA PER SALVINI PREM.-FORZA IT.-NOI MODERATI-FRAT. D'ITALIA"
25/9/2022 00:00:00;"C";"VALLE D'AOSTA";" U01 (AOSTA)";"LA THUILE";"GIRARDINI";"GIOVANNI";3/7/1965 00:00:00;"AOSTA";"M";"24";"LA RENAISSANCE VALDOTAINE"
25/9/2022 00:00:00;"C";"VALLE D'AOSTA";" U01 (AOSTA)";"LA THUILE";"IANNI";"DAVIDE";13/12/1991 00:00:00;"IVREA (TO)";"M";"8";"PARTITO COMUNISTA ITALIANO"
25/9/2022 00:00:00;"C";"VALLE D'AOSTA";" U01 (AOSTA)";"LA THUILE";"DE ROSA";"LOREDANA";1/11/1961 00:00:00;"ROMA";"F";"8";"UNIONE POPOLARE CON DE MAGISTRIS"
25/9/2022 00:00:00;"C";"VALLE D'AOSTA";" U01 (AOSTA)";"LA THUILE";"MANES";"FRANCO";21/6/1963 00:00:00;"AOSTA";"M";"138";"VALLEE D?AOSTE ? AUTONOMIE PROGRES FEDERALISME"
25/9/2022 00:00:00;"C";"VALLE D'AOSTA";" U01 (AOSTA)";"LILLIANES";"RONC";"LOREDANA AUGUSTA";21/8/1964 00:00:00;"AOSTA";"F";"7";"ITALIA SOVRANA E POPOLARE"
25/9/2022 00:00:00;"C";"VALLE D'AOSTA";" U01 (AOSTA)";"LILLIANES";"GUICHARDAZ";"ERIKA";25/11/1976 00:00:00;"AOSTA";"F";"12";"VALLE D'AOSTA APERTA"
25/9/2022 00:00:00;"C";"VALLE D'AOSTA";" U01 (AOSTA)";"LILLIANES";"RINI";"EMILY MARINELLA";15/8/1982 00:00:00;"AOSTA";"F";"60";"LEGA PER SALVINI PREM.-FORZA IT.-NOI MODERATI-FRAT. D'ITALIA"
25/9/2022 00:00:00;"C";"VALLE D'AOSTA";" U01 (AOSTA)";"LILLIANES";"GIRARDINI";"GIOVANNI";3/7/1965 00:00:00;"AOSTA";"M";"2";"LA RENAISSANCE VALDOTAINE"
25/9/2022 00:00:00;"C";"VALLE D'AOSTA";" U01 (AOSTA)";"LILLIANES";"IANNI";"DAVIDE";13/12/1991 00:00:00;"IVREA (TO)";"M";"4";"PARTITO COMUNISTA ITALIANO"
25/9/2022 00:00:00;"C";"VALLE D'AOSTA";" U01 (AOSTA)";"LILLIANES";"DE ROSA";"LOREDANA";1/11/1961 00:00:00;"ROMA";"F";"7";"UNIONE POPOLARE CON DE MAGISTRIS"
25/9/2022 00:00:00;"C";"VALLE D'AOSTA";" U01 (AOSTA)";"LILLIANES";"MANES";"FRANCO";21/6/1963 00:00:00;"AOSTA";"M";"66";"VALLEE D?AOSTE ? AUTONOMIE PROGRES FEDERALISME"
25/9/2022 00:00:00;"C";"VALLE D'AOSTA";" U01 (AOSTA)";"MONTJOVET";"RONC";"LOREDANA AUGUSTA";21/8/1964 00:00:00;"AOSTA";"F";"35";"ITALIA SOVRANA E POPOLARE"
25/9/2022 00:00:00;"C";"VALLE D'AOSTA";" U01 (AOSTA)";"MONTJOVET";"GUICHARDAZ";"ERIKA";25/11/1976 00:00:00;"AOSTA";"F";"77";"VALLE D'AOSTA APERTA"
25/9/2022 00:00:00;"C";"VALLE D'AOSTA";" U01 (AOSTA)";"MONTJOVET";"RINI";"EMILY MARINELLA";15/8/1982 00:00:00;"AOSTA";"F";"248";"LEGA PER SALVINI PREM.-FORZA IT.-NOI MODERATI-FRAT. D'ITALIA"
25/9/2022 00:00:00;"C";"VALLE D'AOSTA";" U01 (AOSTA)";"MONTJOVET";"GIRARDINI";"GIOVANNI";3/7/1965 00:00:00;"AOSTA";"M";"51";"LA RENAISSANCE VALDOTAINE"
25/9/2022 00:00:00;"C";"VALLE D'AOSTA";" U01 (AOSTA)";"MONTJOVET";"IANNI";"DAVIDE";13/12/1991 00:00:00;"IVREA (TO)";"M";"17";"PARTITO COMUNISTA ITALIANO"
25/9/2022 00:00:00;"C";"VALLE D'AOSTA";" U01 (AOSTA)";"MONTJOVET";"DE ROSA";"LOREDANA";1/11/1961 00:00:00;"ROMA";"F";"18";"UNIONE POPOLARE CON DE MAGISTRIS"
25/9/2022 00:00:00;"C";"VALLE D'AOSTA";" U01 (AOSTA)";"MONTJOVET";"MANES";"FRANCO";21/6/1963 00:00:00;"AOSTA";"M";"294";"VALLEE D?AOSTE ? AUTONOMIE PROGRES FEDERALISME"
25/9/2022 00:00:00;"C";"VALLE D'AOSTA";" U01 (AOSTA)";"MORGEX";"RONC";"LOREDANA AUGUSTA";21/8/1964 00:00:00;"AOSTA";"F";"42";"ITALIA SOVRANA E POPOLARE"
25/9/2022 00:00:00;"C";"VALLE D'AOSTA";" U01 (AOSTA)";"MORGEX";"GUICHARDAZ";"ERIKA";25/11/1976 00:00:00;"AOSTA";"F";"96";"VALLE D'AOSTA APERTA"
25/9/2022 00:00:00;"C";"VALLE D'AOSTA";" U01 (AOSTA)";"MORGEX";"RINI";"EMILY MARINELLA";15/8/1982 00:00:00;"AOSTA";"F";"320";"LEGA PER SALVINI PREM.-FORZA IT.-NOI MODERATI-FRAT. D'ITALIA"
25/9/2022 00:00:00;"C";"VALLE D'AOSTA";" U01 (AOSTA)";"MORGEX";"GIRARDINI";"GIOVANNI";3/7/1965 00:00:00;"AOSTA";"M";"62";"LA RENAISSANCE VALDOTAINE"
25/9/2022 00:00:00;"C";"VALLE D'AOSTA";" U01 (AOSTA)";"MORGEX";"IANNI";"DAVIDE";13/12/1991 00:00:00;"IVREA (TO)";"M";"23";"PARTITO COMUNISTA ITALIANO"
25/9/2022 00:00:00;"C";"VALLE D'AOSTA";" U01 (AOSTA)";"MORGEX";"DE ROSA";"LOREDANA";1/11/1961 00:00:00;"ROMA";"F";"14";"UNIONE POPOLARE CON DE MAGISTRIS"
25/9/2022 00:00:00;"C";"VALLE D'AOSTA";" U01 (AOSTA)";"MORGEX";"MANES";"FRANCO";21/6/1963 00:00:00;"AOSTA";"M";"350";"VALLEE D?AOSTE ? AUTONOMIE PROGRES FEDERALISME"
25/9/2022 00:00:00;"C";"VALLE D'AOSTA";" U01 (AOSTA)";"NUS";"RONC";"LOREDANA AUGUSTA";21/8/1964 00:00:00;"AOSTA";"F";"52";"ITALIA SOVRANA E POPOLARE"
25/9/2022 00:00:00;"C";"VALLE D'AOSTA";" U01 (AOSTA)";"NUS";"GUICHARDAZ";"ERIKA";25/11/1976 00:00:00;"AOSTA";"F";"179";"VALLE D'AOSTA APERTA"
25/9/2022 00:00:00;"C";"VALLE D'AOSTA";" U01 (AOSTA)";"NUS";"RINI";"EMILY MARINELLA";15/8/1982 00:00:00;"AOSTA";"F";"390";"LEGA PER SALVINI PREM.-FORZA IT.-NOI MODERATI-FRAT. D'ITALIA"
25/9/2022 00:00:00;"C";"VALLE D'AOSTA";" U01 (AOSTA)";"NUS";"GIRARDINI";"GIOVANNI";3/7/1965 00:00:00;"AOSTA";"M";"140";"LA RENAISSANCE VALDOTAINE"
25/9/2022 00:00:00;"C";"VALLE D'AOSTA";" U01 (AOSTA)";"NUS";"IANNI";"DAVIDE";13/12/1991 00:00:00;"IVREA (TO)";"M";"19";"PARTITO COMUNISTA ITALIANO"
25/9/2022 00:00:00;"C";"VALLE D'AOSTA";" U01 (AOSTA)";"NUS";"DE ROSA";"LOREDANA";1/11/1961 00:00:00;"ROMA";"F";"22";"UNIONE POPOLARE CON DE MAGISTRIS"
25/9/2022 00:00:00;"C";"VALLE D'AOSTA";" U01 (AOSTA)";"NUS";"MANES";"FRANCO";21/6/1963 00:00:00;"AOSTA";"M";"503";"VALLEE D?AOSTE ? AUTONOMIE PROGRES FEDERALISME"
25/9/2022 00:00:00;"C";"VALLE D'AOSTA";" U01 (AOSTA)";"OLLOMONT";"RONC";"LOREDANA AUGUSTA";21/8/1964 00:00:00;"AOSTA";"F";"0";"ITALIA SOVRANA E POPOLARE"
25/9/2022 00:00:00;"C";"VALLE D'AOSTA";" U01 (AOSTA)";"OLLOMONT";"GUICHARDAZ";"ERIKA";25/11/1976 00:00:00;"AOSTA";"F";"6";"VALLE D'AOSTA APERTA"
25/9/2022 00:00:00;"C";"VALLE D'AOSTA";" U01 (AOSTA)";"OLLOMONT";"RINI";"EMILY MARINELLA";15/8/1982 00:00:00;"AOSTA";"F";"18";"LEGA PER SALVINI PREM.-FORZA IT.-NOI MODERATI-FRAT. D'ITALIA"
25/9/2022 00:00:00;"C";"VALLE D'AOSTA";" U01 (AOSTA)";"OLLOMONT";"GIRARDINI";"GIOVANNI";3/7/1965 00:00:00;"AOSTA";"M";"8";"LA RENAISSANCE VALDOTAINE"
25/9/2022 00:00:00;"C";"VALLE D'AOSTA";" U01 (AOSTA)";"OLLOMONT";"IANNI";"DAVIDE";13/12/1991 00:00:00;"IVREA (TO)";"M";"1";"PARTITO COMUNISTA ITALIANO"
25/9/2022 00:00:00;"C";"VALLE D'AOSTA";" U01 (AOSTA)";"OLLOMONT";"DE ROSA";"LOREDANA";1/11/1961 00:00:00;"ROMA";"F";"4";"UNIONE POPOLARE CON DE MAGISTRIS"
25/9/2022 00:00:00;"C";"VALLE D'AOSTA";" U01 (AOSTA)";"OLLOMONT";"MANES";"FRANCO";21/6/1963 00:00:00;"AOSTA";"M";"49";"VALLEE D?AOSTE ? AUTONOMIE PROGRES FEDERALISME"
25/9/2022 00:00:00;"C";"VALLE D'AOSTA";" U01 (AOSTA)";"OYACE";"RONC";"LOREDANA AUGUSTA";21/8/1964 00:00:00;"AOSTA";"F";"3";"ITALIA SOVRANA E POPOLARE"
25/9/2022 00:00:00;"C";"VALLE D'AOSTA";" U01 (AOSTA)";"OYACE";"GUICHARDAZ";"ERIKA";25/11/1976 00:00:00;"AOSTA";"F";"4";"VALLE D'AOSTA APERTA"
25/9/2022 00:00:00;"C";"VALLE D'AOSTA";" U01 (AOSTA)";"OYACE";"RINI";"EMILY MARINELLA";15/8/1982 00:00:00;"AOSTA";"F";"16";"LEGA PER SALVINI PREM.-FORZA IT.-NOI MODERATI-FRAT. D'ITALIA"
25/9/2022 00:00:00;"C";"VALLE D'AOSTA";" U01 (AOSTA)";"OYACE";"GIRARDINI";"GIOVANNI";3/7/1965 00:00:00;"AOSTA";"M";"8";"LA RENAISSANCE VALDOTAINE"
25/9/2022 00:00:00;"C";"VALLE D'AOSTA";" U01 (AOSTA)";"OYACE";"IANNI";"DAVIDE";13/12/1991 00:00:00;"IVREA (TO)";"M";"0";"PARTITO COMUNISTA ITALIANO"
25/9/2022 00:00:00;"C";"VALLE D'AOSTA";" U01 (AOSTA)";"OYACE";"DE ROSA";"LOREDANA";1/11/1961 00:00:00;"ROMA";"F";"1";"UNIONE POPOLARE CON DE MAGISTRIS"
25/9/2022 00:00:00;"C";"VALLE D'AOSTA";" U01 (AOSTA)";"OYACE";"MANES";"FRANCO";21/6/1963 00:00:00;"AOSTA";"M";"61";"VALLEE D?AOSTE ? AUTONOMIE PROGRES FEDERALISME"
25/9/2022 00:00:00;"C";"VALLE D'AOSTA";" U01 (AOSTA)";"PERLOZ";"RONC";"LOREDANA AUGUSTA";21/8/1964 00:00:00;"AOSTA";"F";"12";"ITALIA SOVRANA E POPOLARE"
25/9/2022 00:00:00;"C";"VALLE D'AOSTA";" U01 (AOSTA)";"PERLOZ";"GUICHARDAZ";"ERIKA";25/11/1976 00:00:00;"AOSTA";"F";"29";"VALLE D'AOSTA APERTA"
25/9/2022 00:00:00;"C";"VALLE D'AOSTA";" U01 (AOSTA)";"PERLOZ";"RINI";"EMILY MARINELLA";15/8/1982 00:00:00;"AOSTA";"F";"77";"LEGA PER SALVINI PREM.-FORZA IT.-NOI MODERATI-FRAT. D'ITALIA"
25/9/2022 00:00:00;"C";"VALLE D'AOSTA";" U01 (AOSTA)";"PERLOZ";"GIRARDINI";"GIOVANNI";3/7/1965 00:00:00;"AOSTA";"M";"8";"LA RENAISSANCE VALDOTAINE"
25/9/2022 00:00:00;"C";"VALLE D'AOSTA";" U01 (AOSTA)";"PERLOZ";"IANNI";"DAVIDE";13/12/1991 00:00:00;"IVREA (TO)";"M";"5";"PARTITO COMUNISTA ITALIANO"
25/9/2022 00:00:00;"C";"VALLE D'AOSTA";" U01 (AOSTA)";"PERLOZ";"DE ROSA";"LOREDANA";1/11/1961 00:00:00;"ROMA";"F";"4";"UNIONE POPOLARE CON DE MAGISTRIS"
25/9/2022 00:00:00;"C";"VALLE D'AOSTA";" U01 (AOSTA)";"PERLOZ";"MANES";"FRANCO";21/6/1963 00:00:00;"AOSTA";"M";"81";"VALLEE D?AOSTE ? AUTONOMIE PROGRES FEDERALISME"
25/9/2022 00:00:00;"C";"VALLE D'AOSTA";" U01 (AOSTA)";"POLLEIN";"RONC";"LOREDANA AUGUSTA";21/8/1964 00:00:00;"AOSTA";"F";"28";"ITALIA SOVRANA E POPOLARE"
25/9/2022 00:00:00;"C";"VALLE D'AOSTA";" U01 (AOSTA)";"POLLEIN";"GUICHARDAZ";"ERIKA";25/11/1976 00:00:00;"AOSTA";"F";"83";"VALLE D'AOSTA APERTA"
25/9/2022 00:00:00;"C";"VALLE D'AOSTA";" U01 (AOSTA)";"POLLEIN";"RINI";"EMILY MARINELLA";15/8/1982 00:00:00;"AOSTA";"F";"173";"LEGA PER SALVINI PREM.-FORZA IT.-NOI MODERATI-FRAT. D'ITALIA"
25/9/2022 00:00:00;"C";"VALLE D'AOSTA";" U01 (AOSTA)";"POLLEIN";"GIRARDINI";"GIOVANNI";3/7/1965 00:00:00;"AOSTA";"M";"82";"LA RENAISSANCE VALDOTAINE"
25/9/2022 00:00:00;"C";"VALLE D'AOSTA";" U01 (AOSTA)";"POLLEIN";"IANNI";"DAVIDE";13/12/1991 00:00:00;"IVREA (TO)";"M";"10";"PARTITO COMUNISTA ITALIANO"
25/9/2022 00:00:00;"C";"VALLE D'AOSTA";" U01 (AOSTA)";"POLLEIN";"DE ROSA";"LOREDANA";1/11/1961 00:00:00;"ROMA";"F";"10";"UNIONE POPOLARE CON DE MAGISTRIS"
25/9/2022 00:00:00;"C";"VALLE D'AOSTA";" U01 (AOSTA)";"POLLEIN";"MANES";"FRANCO";21/6/1963 00:00:00;"AOSTA";"M";"243";"VALLEE D?AOSTE ? AUTONOMIE PROGRES FEDERALISME"
25/9/2022 00:00:00;"C";"VALLE D'AOSTA";" U01 (AOSTA)";"PONTBOSET";"RONC";"LOREDANA AUGUSTA";21/8/1964 00:00:00;"AOSTA";"F";"4";"ITALIA SOVRANA E POPOLARE"
25/9/2022 00:00:00;"C";"VALLE D'AOSTA";" U01 (AOSTA)";"PONTBOSET";"GUICHARDAZ";"ERIKA";25/11/1976 00:00:00;"AOSTA";"F";"14";"VALLE D'AOSTA APERTA"
25/9/2022 00:00:00;"C";"VALLE D'AOSTA";" U01 (AOSTA)";"PONTBOSET";"RINI";"EMILY MARINELLA";15/8/1982 00:00:00;"AOSTA";"F";"22";"LEGA PER SALVINI PREM.-FORZA IT.-NOI MODERATI-FRAT. D'ITALIA"
25/9/2022 00:00:00;"C";"VALLE D'AOSTA";" U01 (AOSTA)";"PONTBOSET";"GIRARDINI";"GIOVANNI";3/7/1965 00:00:00;"AOSTA";"M";"2";"LA RENAISSANCE VALDOTAINE"
25/9/2022 00:00:00;"C";"VALLE D'AOSTA";" U01 (AOSTA)";"PONTBOSET";"IANNI";"DAVIDE";13/12/1991 00:00:00;"IVREA (TO)";"M";"4";"PARTITO COMUNISTA ITALIANO"
25/9/2022 00:00:00;"C";"VALLE D'AOSTA";" U01 (AOSTA)";"PONTBOSET";"DE ROSA";"LOREDANA";1/11/1961 00:00:00;"ROMA";"F";"3";"UNIONE POPOLARE CON DE MAGISTRIS"
25/9/2022 00:00:00;"C";"VALLE D'AOSTA";" U01 (AOSTA)";"PONTBOSET";"MANES";"FRANCO";21/6/1963 00:00:00;"AOSTA";"M";"26";"VALLEE D?AOSTE ? AUTONOMIE PROGRES FEDERALISME"
25/9/2022 00:00:00;"C";"VALLE D'AOSTA";" U01 (AOSTA)";"PONTEY";"RONC";"LOREDANA AUGUSTA";21/8/1964 00:00:00;"AOSTA";"F";"14";"ITALIA SOVRANA E POPOLARE"
25/9/2022 00:00:00;"C";"VALLE D'AOSTA";" U01 (AOSTA)";"PONTEY";"GUICHARDAZ";"ERIKA";25/11/1976 00:00:00;"AOSTA";"F";"41";"VALLE D'AOSTA APERTA"
25/9/2022 00:00:00;"C";"VALLE D'AOSTA";" U01 (AOSTA)";"PONTEY";"RINI";"EMILY MARINELLA";15/8/1982 00:00:00;"AOSTA";"F";"103";"LEGA PER SALVINI PREM.-FORZA IT.-NOI MODERATI-FRAT. D'ITALIA"
25/9/2022 00:00:00;"C";"VALLE D'AOSTA";" U01 (AOSTA)";"PONTEY";"GIRARDINI";"GIOVANNI";3/7/1965 00:00:00;"AOSTA";"M";"34";"LA RENAISSANCE VALDOTAINE"
25/9/2022 00:00:00;"C";"VALLE D'AOSTA";" U01 (AOSTA)";"PONTEY";"IANNI";"DAVIDE";13/12/1991 00:00:00;"IVREA (TO)";"M";"5";"PARTITO COMUNISTA ITALIANO"
25/9/2022 00:00:00;"C";"VALLE D'AOSTA";" U01 (AOSTA)";"PONTEY";"DE ROSA";"LOREDANA";1/11/1961 00:00:00;"ROMA";"F";"11";"UNIONE POPOLARE CON DE MAGISTRIS"
25/9/2022 00:00:00;"C";"VALLE D'AOSTA";" U01 (AOSTA)";"PONTEY";"MANES";"FRANCO";21/6/1963 00:00:00;"AOSTA";"M";"142";"VALLEE D?AOSTE ? AUTONOMIE PROGRES FEDERALISME"
25/9/2022 00:00:00;"C";"VALLE D'AOSTA";" U01 (AOSTA)";"PONT-SAINT-MARTIN";"RONC";"LOREDANA AUGUSTA";21/8/1964 00:00:00;"AOSTA";"F";"78";"ITALIA SOVRANA E POPOLARE"
25/9/2022 00:00:00;"C";"VALLE D'AOSTA";" U01 (AOSTA)";"PONT-SAINT-MARTIN";"GUICHARDAZ";"ERIKA";25/11/1976 00:00:00;"AOSTA";"F";"200";"VALLE D'AOSTA APERTA"
25/9/2022 00:00:00;"C";"VALLE D'AOSTA";" U01 (AOSTA)";"PONT-SAINT-MARTIN";"RINI";"EMILY MARINELLA";15/8/1982 00:00:00;"AOSTA";"F";"517";"LEGA PER SALVINI PREM.-FORZA IT.-NOI MODERATI-FRAT. D'ITALIA"
25/9/2022 00:00:00;"C";"VALLE D'AOSTA";" U01 (AOSTA)";"PONT-SAINT-MARTIN";"GIRARDINI";"GIOVANNI";3/7/1965 00:00:00;"AOSTA";"M";"62";"LA RENAISSANCE VALDOTAINE"
25/9/2022 00:00:00;"C";"VALLE D'AOSTA";" U01 (AOSTA)";"PONT-SAINT-MARTIN";"IANNI";"DAVIDE";13/12/1991 00:00:00;"IVREA (TO)";"M";"45";"PARTITO COMUNISTA ITALIANO"
25/9/2022 00:00:00;"C";"VALLE D'AOSTA";" U01 (AOSTA)";"PONT-SAINT-MARTIN";"DE ROSA";"LOREDANA";1/11/1961 00:00:00;"ROMA";"F";"56";"UNIONE POPOLARE CON DE MAGISTRIS"
25/9/2022 00:00:00;"C";"VALLE D'AOSTA";" U01 (AOSTA)";"PONT-SAINT-MARTIN";"MANES";"FRANCO";21/6/1963 00:00:00;"AOSTA";"M";"558";"VALLEE D?AOSTE ? AUTONOMIE PROGRES FEDERALISME"
25/9/2022 00:00:00;"C";"VALLE D'AOSTA";" U01 (AOSTA)";"PRE'-SAINT-DIDIER";"RONC";"LOREDANA AUGUSTA";21/8/1964 00:00:00;"AOSTA";"F";"14";"ITALIA SOVRANA E POPOLARE"
25/9/2022 00:00:00;"C";"VALLE D'AOSTA";" U01 (AOSTA)";"PRE'-SAINT-DIDIER";"GUICHARDAZ";"ERIKA";25/11/1976 00:00:00;"AOSTA";"F";"33";"VALLE D'AOSTA APERTA"
25/9/2022 00:00:00;"C";"VALLE D'AOSTA";" U01 (AOSTA)";"PRE'-SAINT-DIDIER";"RINI";"EMILY MARINELLA";15/8/1982 00:00:00;"AOSTA";"F";"161";"LEGA PER SALVINI PREM.-FORZA IT.-NOI MODERATI-FRAT. D'ITALIA"
25/9/2022 00:00:00;"C";"VALLE D'AOSTA";" U01 (AOSTA)";"PRE'-SAINT-DIDIER";"GIRARDINI";"GIOVANNI";3/7/1965 00:00:00;"AOSTA";"M";"24";"LA RENAISSANCE VALDOTAINE"
25/9/2022 00:00:00;"C";"VALLE D'AOSTA";" U01 (AOSTA)";"PRE'-SAINT-DIDIER";"IANNI";"DAVIDE";13/12/1991 00:00:00;"IVREA (TO)";"M";"10";"PARTITO COMUNISTA ITALIANO"
25/9/2022 00:00:00;"C";"VALLE D'AOSTA";" U01 (AOSTA)";"PRE'-SAINT-DIDIER";"DE ROSA";"LOREDANA";1/11/1961 00:00:00;"ROMA";"F";"3";"UNIONE POPOLARE CON DE MAGISTRIS"
25/9/2022 00:00:00;"C";"VALLE D'AOSTA";" U01 (AOSTA)";"PRE'-SAINT-DIDIER";"MANES";"FRANCO";21/6/1963 00:00:00;"AOSTA";"M";"148";"VALLEE D?AOSTE ? AUTONOMIE PROGRES FEDERALISME"
25/9/2022 00:00:00;"C";"VALLE D'AOSTA";" U01 (AOSTA)";"QUART";"RONC";"LOREDANA AUGUSTA";21/8/1964 00:00:00;"AOSTA";"F";"68";"ITALIA SOVRANA E POPOLARE"
25/9/2022 00:00:00;"C";"VALLE D'AOSTA";" U01 (AOSTA)";"QUART";"GUICHARDAZ";"ERIKA";25/11/1976 00:00:00;"AOSTA";"F";"233";"VALLE D'AOSTA APERTA"
25/9/2022 00:00:00;"C";"VALLE D'AOSTA";" U01 (AOSTA)";"QUART";"RINI";"EMILY MARINELLA";15/8/1982 00:00:00;"AOSTA";"F";"468";"LEGA PER SALVINI PREM.-FORZA IT.-NOI MODERATI-FRAT. D'ITALIA"
25/9/2022 00:00:00;"C";"VALLE D'AOSTA";" U01 (AOSTA)";"QUART";"GIRARDINI";"GIOVANNI";3/7/1965 00:00:00;"AOSTA";"M";"254";"LA RENAISSANCE VALDOTAINE"
25/9/2022 00:00:00;"C";"VALLE D'AOSTA";" U01 (AOSTA)";"QUART";"IANNI";"DAVIDE";13/12/1991 00:00:00;"IVREA (TO)";"M";"29";"PARTITO COMUNISTA ITALIANO"
25/9/2022 00:00:00;"C";"VALLE D'AOSTA";" U01 (AOSTA)";"QUART";"DE ROSA";"LOREDANA";1/11/1961 00:00:00;"ROMA";"F";"35";"UNIONE POPOLARE CON DE MAGISTRIS"
25/9/2022 00:00:00;"C";"VALLE D'AOSTA";" U01 (AOSTA)";"QUART";"MANES";"FRANCO";21/6/1963 00:00:00;"AOSTA";"M";"622";"VALLEE D?AOSTE ? AUTONOMIE PROGRES FEDERALISME"
25/9/2022 00:00:00;"C";"VALLE D'AOSTA";" U01 (AOSTA)";"RHEMES-NOTRE-DAME";"RONC";"LOREDANA AUGUSTA";21/8/1964 00:00:00;"AOSTA";"F";"0";"ITALIA SOVRANA E POPOLARE"
25/9/2022 00:00:00;"C";"VALLE D'AOSTA";" U01 (AOSTA)";"RHEMES-NOTRE-DAME";"GUICHARDAZ";"ERIKA";25/11/1976 00:00:00;"AOSTA";"F";"4";"VALLE D'AOSTA APERTA"
25/9/2022 00:00:00;"C";"VALLE D'AOSTA";" U01 (AOSTA)";"RHEMES-NOTRE-DAME";"RINI";"EMILY MARINELLA";15/8/1982 00:00:00;"AOSTA";"F";"4";"LEGA PER SALVINI PREM.-FORZA IT.-NOI MODERATI-FRAT. D'ITALIA"
25/9/2022 00:00:00;"C";"VALLE D'AOSTA";" U01 (AOSTA)";"RHEMES-NOTRE-DAME";"GIRARDINI";"GIOVANNI";3/7/1965 00:00:00;"AOSTA";"M";"2";"LA RENAISSANCE VALDOTAINE"
25/9/2022 00:00:00;"C";"VALLE D'AOSTA";" U01 (AOSTA)";"RHEMES-NOTRE-DAME";"IANNI";"DAVIDE";13/12/1991 00:00:00;"IVREA (TO)";"M";"0";"PARTITO COMUNISTA ITALIANO"
25/9/2022 00:00:00;"C";"VALLE D'AOSTA";" U01 (AOSTA)";"RHEMES-NOTRE-DAME";"DE ROSA";"LOREDANA";1/11/1961 00:00:00;"ROMA";"F";"5";"UNIONE POPOLARE CON DE MAGISTRIS"
25/9/2022 00:00:00;"C";"VALLE D'AOSTA";" U01 (AOSTA)";"RHEMES-NOTRE-DAME";"MANES";"FRANCO";21/6/1963 00:00:00;"AOSTA";"M";"22";"VALLEE D?AOSTE ? AUTONOMIE PROGRES FEDERALISME"
25/9/2022 00:00:00;"C";"VALLE D'AOSTA";" U01 (AOSTA)";"RHEMES-SAINT-GEORGES";"RONC";"LOREDANA AUGUSTA";21/8/1964 00:00:00;"AOSTA";"F";"1";"ITALIA SOVRANA E POPOLARE"
25/9/2022 00:00:00;"C";"VALLE D'AOSTA";" U01 (AOSTA)";"RHEMES-SAINT-GEORGES";"GUICHARDAZ";"ERIKA";25/11/1976 00:00:00;"AOSTA";"F";"3";"VALLE D'AOSTA APERTA"
25/9/2022 00:00:00;"C";"VALLE D'AOSTA";" U01 (AOSTA)";"RHEMES-SAINT-GEORGES";"RINI";"EMILY MARINELLA";15/8/1982 00:00:00;"AOSTA";"F";"10";"LEGA PER SALVINI PREM.-FORZA IT.-NOI MODERATI-FRAT. D'ITALIA"
25/9/2022 00:00:00;"C";"VALLE D'AOSTA";" U01 (AOSTA)";"RHEMES-SAINT-GEORGES";"GIRARDINI";"GIOVANNI";3/7/1965 00:00:00;"AOSTA";"M";"12";"LA RENAISSANCE VALDOTAINE"
25/9/2022 00:00:00;"C";"VALLE D'AOSTA";" U01 (AOSTA)";"RHEMES-SAINT-GEORGES";"IANNI";"DAVIDE";13/12/1991 00:00:00;"IVREA (TO)";"M";"4";"PARTITO COMUNISTA ITALIANO"
25/9/2022 00:00:00;"C";"VALLE D'AOSTA";" U01 (AOSTA)";"RHEMES-SAINT-GEORGES";"DE ROSA";"LOREDANA";1/11/1961 00:00:00;"ROMA";"F";"0";"UNIONE POPOLARE CON DE MAGISTRIS"
25/9/2022 00:00:00;"C";"VALLE D'AOSTA";" U01 (AOSTA)";"RHEMES-SAINT-GEORGES";"MANES";"FRANCO";21/6/1963 00:00:00;"AOSTA";"M";"38";"VALLEE D?AOSTE ? AUTONOMIE PROGRES FEDERALISME"
25/9/2022 00:00:00;"C";"VALLE D'AOSTA";" U01 (AOSTA)";"ROISAN";"RONC";"LOREDANA AUGUSTA";21/8/1964 00:00:00;"AOSTA";"F";"20";"ITALIA SOVRANA E POPOLARE"
25/9/2022 00:00:00;"C";"VALLE D'AOSTA";" U01 (AOSTA)";"ROISAN";"GUICHARDAZ";"ERIKA";25/11/1976 00:00:00;"AOSTA";"F";"52";"VALLE D'AOSTA APERTA"
25/9/2022 00:00:00;"C";"VALLE D'AOSTA";" U01 (AOSTA)";"ROISAN";"RINI";"EMILY MARINELLA";15/8/1982 00:00:00;"AOSTA";"F";"107";"LEGA PER SALVINI PREM.-FORZA IT.-NOI MODERATI-FRAT. D'ITALIA"
25/9/2022 00:00:00;"C";"VALLE D'AOSTA";" U01 (AOSTA)";"ROISAN";"GIRARDINI";"GIOVANNI";3/7/1965 00:00:00;"AOSTA";"M";"50";"LA RENAISSANCE VALDOTAINE"
25/9/2022 00:00:00;"C";"VALLE D'AOSTA";" U01 (AOSTA)";"ROISAN";"IANNI";"DAVIDE";13/12/1991 00:00:00;"IVREA (TO)";"M";"3";"PARTITO COMUNISTA ITALIANO"
25/9/2022 00:00:00;"C";"VALLE D'AOSTA";" U01 (AOSTA)";"ROISAN";"DE ROSA";"LOREDANA";1/11/1961 00:00:00;"ROMA";"F";"7";"UNIONE POPOLARE CON DE MAGISTRIS"
25/9/2022 00:00:00;"C";"VALLE D'AOSTA";" U01 (AOSTA)";"ROISAN";"MANES";"FRANCO";21/6/1963 00:00:00;"AOSTA";"M";"216";"VALLEE D?AOSTE ? AUTONOMIE PROGRES FEDERALISME"
25/9/2022 00:00:00;"C";"VALLE D'AOSTA";" U01 (AOSTA)";"SAINT-CHRISTOPHE";"RONC";"LOREDANA AUGUSTA";21/8/1964 00:00:00;"AOSTA";"F";"74";"ITALIA SOVRANA E POPOLARE"
25/9/2022 00:00:00;"C";"VALLE D'AOSTA";" U01 (AOSTA)";"SAINT-CHRISTOPHE";"GUICHARDAZ";"ERIKA";25/11/1976 00:00:00;"AOSTA";"F";"174";"VALLE D'AOSTA APERTA"
25/9/2022 00:00:00;"C";"VALLE D'AOSTA";" U01 (AOSTA)";"SAINT-CHRISTOPHE";"RINI";"EMILY MARINELLA";15/8/1982 00:00:00;"AOSTA";"F";"366";"LEGA PER SALVINI PREM.-FORZA IT.-NOI MODERATI-FRAT. D'ITALIA"
25/9/2022 00:00:00;"C";"VALLE D'AOSTA";" U01 (AOSTA)";"SAINT-CHRISTOPHE";"GIRARDINI";"GIOVANNI";3/7/1965 00:00:00;"AOSTA";"M";"207";"LA RENAISSANCE VALDOTAINE"
25/9/2022 00:00:00;"C";"VALLE D'AOSTA";" U01 (AOSTA)";"SAINT-CHRISTOPHE";"IANNI";"DAVIDE";13/12/1991 00:00:00;"IVREA (TO)";"M";"24";"PARTITO COMUNISTA ITALIANO"
25/9/2022 00:00:00;"C";"VALLE D'AOSTA";" U01 (AOSTA)";"SAINT-CHRISTOPHE";"DE ROSA";"LOREDANA";1/11/1961 00:00:00;"ROMA";"F";"38";"UNIONE POPOLARE CON DE MAGISTRIS"
25/9/2022 00:00:00;"C";"VALLE D'AOSTA";" U01 (AOSTA)";"SAINT-CHRISTOPHE";"MANES";"FRANCO";21/6/1963 00:00:00;"AOSTA";"M";"737";"VALLEE D?AOSTE ? AUTONOMIE PROGRES FEDERALISME"
25/9/2022 00:00:00;"C";"VALLE D'AOSTA";" U01 (AOSTA)";"SAINT-DENIS";"RONC";"LOREDANA AUGUSTA";21/8/1964 00:00:00;"AOSTA";"F";"8";"ITALIA SOVRANA E POPOLARE"
25/9/2022 00:00:00;"C";"VALLE D'AOSTA";" U01 (AOSTA)";"SAINT-DENIS";"GUICHARDAZ";"ERIKA";25/11/1976 00:00:00;"AOSTA";"F";"11";"VALLE D'AOSTA APERTA"
25/9/2022 00:00:00;"C";"VALLE D'AOSTA";" U01 (AOSTA)";"SAINT-DENIS";"RINI";"EMILY MARINELLA";15/8/1982 00:00:00;"AOSTA";"F";"61";"LEGA PER SALVINI PREM.-FORZA IT.-NOI MODERATI-FRAT. D'ITALIA"
25/9/2022 00:00:00;"C";"VALLE D'AOSTA";" U01 (AOSTA)";"SAINT-DENIS";"GIRARDINI";"GIOVANNI";3/7/1965 00:00:00;"AOSTA";"M";"18";"LA RENAISSANCE VALDOTAINE"
25/9/2022 00:00:00;"C";"VALLE D'AOSTA";" U01 (AOSTA)";"SAINT-DENIS";"IANNI";"DAVIDE";13/12/1991 00:00:00;"IVREA (TO)";"M";"0";"PARTITO COMUNISTA ITALIANO"
25/9/2022 00:00:00;"C";"VALLE D'AOSTA";" U01 (AOSTA)";"SAINT-DENIS";"DE ROSA";"LOREDANA";1/11/1961 00:00:00;"ROMA";"F";"4";"UNIONE POPOLARE CON DE MAGISTRIS"
25/9/2022 00:00:00;"C";"VALLE D'AOSTA";" U01 (AOSTA)";"SAINT-DENIS";"MANES";"FRANCO";21/6/1963 00:00:00;"AOSTA";"M";"56";"VALLEE D?AOSTE ? AUTONOMIE PROGRES FEDERALISME"
25/9/2022 00:00:00;"C";"VALLE D'AOSTA";" U01 (AOSTA)";"SAINT-MARCEL";"RONC";"LOREDANA AUGUSTA";21/8/1964 00:00:00;"AOSTA";"F";"25";"ITALIA SOVRANA E POPOLARE"
25/9/2022 00:00:00;"C";"VALLE D'AOSTA";" U01 (AOSTA)";"SAINT-MARCEL";"GUICHARDAZ";"ERIKA";25/11/1976 00:00:00;"AOSTA";"F";"84";"VALLE D'AOSTA APERTA"
25/9/2022 00:00:00;"C";"VALLE D'AOSTA";" U01 (AOSTA)";"SAINT-MARCEL";"RINI";"EMILY MARINELLA";15/8/1982 00:00:00;"AOSTA";"F";"131";"LEGA PER SALVINI PREM.-FORZA IT.-NOI MODERATI-FRAT. D'ITALIA"
25/9/2022 00:00:00;"C";"VALLE D'AOSTA";" U01 (AOSTA)";"SAINT-MARCEL";"GIRARDINI";"GIOVANNI";3/7/1965 00:00:00;"AOSTA";"M";"75";"LA RENAISSANCE VALDOTAINE"
25/9/2022 00:00:00;"C";"VALLE D'AOSTA";" U01 (AOSTA)";"SAINT-MARCEL";"IANNI";"DAVIDE";13/12/1991 00:00:00;"IVREA (TO)";"M";"13";"PARTITO COMUNISTA ITALIANO"
25/9/2022 00:00:00;"C";"VALLE D'AOSTA";" U01 (AOSTA)";"SAINT-MARCEL";"DE ROSA";"LOREDANA";1/11/1961 00:00:00;"ROMA";"F";"9";"UNIONE POPOLARE CON DE MAGISTRIS"
25/9/2022 00:00:00;"C";"VALLE D'AOSTA";" U01 (AOSTA)";"SAINT-MARCEL";"MANES";"FRANCO";21/6/1963 00:00:00;"AOSTA";"M";"205";"VALLEE D?AOSTE ? AUTONOMIE PROGRES FEDERALISME"
25/9/2022 00:00:00;"C";"VALLE D'AOSTA";" U01 (AOSTA)";"SAINT-NICOLAS";"RONC";"LOREDANA AUGUSTA";21/8/1964 00:00:00;"AOSTA";"F";"8";"ITALIA SOVRANA E POPOLARE"
25/9/2022 00:00:00;"C";"VALLE D'AOSTA";" U01 (AOSTA)";"SAINT-NICOLAS";"GUICHARDAZ";"ERIKA";25/11/1976 00:00:00;"AOSTA";"F";"11";"VALLE D'AOSTA APERTA"
25/9/2022 00:00:00;"C";"VALLE D'AOSTA";" U01 (AOSTA)";"SAINT-NICOLAS";"RINI";"EMILY MARINELLA";15/8/1982 00:00:00;"AOSTA";"F";"43";"LEGA PER SALVINI PREM.-FORZA IT.-NOI MODERATI-FRAT. D'ITALIA"
25/9/2022 00:00:00;"C";"VALLE D'AOSTA";" U01 (AOSTA)";"SAINT-NICOLAS";"GIRARDINI";"GIOVANNI";3/7/1965 00:00:00;"AOSTA";"M";"9";"LA RENAISSANCE VALDOTAINE"
25/9/2022 00:00:00;"C";"VALLE D'AOSTA";" U01 (AOSTA)";"SAINT-NICOLAS";"IANNI";"DAVIDE";13/12/1991 00:00:00;"IVREA (TO)";"M";"3";"PARTITO COMUNISTA ITALIANO"
25/9/2022 00:00:00;"C";"VALLE D'AOSTA";" U01 (AOSTA)";"SAINT-NICOLAS";"DE ROSA";"LOREDANA";1/11/1961 00:00:00;"ROMA";"F";"4";"UNIONE POPOLARE CON DE MAGISTRIS"
25/9/2022 00:00:00;"C";"VALLE D'AOSTA";" U01 (AOSTA)";"SAINT-NICOLAS";"MANES";"FRANCO";21/6/1963 00:00:00;"AOSTA";"M";"75";"VALLEE D?AOSTE ? AUTONOMIE PROGRES FEDERALISME"
25/9/2022 00:00:00;"C";"VALLE D'AOSTA";" U01 (AOSTA)";"SAINT-OYEN";"RONC";"LOREDANA AUGUSTA";21/8/1964 00:00:00;"AOSTA";"F";"1";"ITALIA SOVRANA E POPOLARE"
25/9/2022 00:00:00;"C";"VALLE D'AOSTA";" U01 (AOSTA)";"SAINT-OYEN";"GUICHARDAZ";"ERIKA";25/11/1976 00:00:00;"AOSTA";"F";"5";"VALLE D'AOSTA APERTA"
25/9/2022 00:00:00;"C";"VALLE D'AOSTA";" U01 (AOSTA)";"SAINT-OYEN";"RINI";"EMILY MARINELLA";15/8/1982 00:00:00;"AOSTA";"F";"19";"LEGA PER SALVINI PREM.-FORZA IT.-NOI MODERATI-FRAT. D'ITALIA"
25/9/2022 00:00:00;"C";"VALLE D'AOSTA";" U01 (AOSTA)";"SAINT-OYEN";"GIRARDINI";"GIOVANNI";3/7/1965 00:00:00;"AOSTA";"M";"5";"LA RENAISSANCE VALDOTAINE"
25/9/2022 00:00:00;"C";"VALLE D'AOSTA";" U01 (AOSTA)";"SAINT-OYEN";"IANNI";"DAVIDE";13/12/1991 00:00:00;"IVREA (TO)";"M";"3";"PARTITO COMUNISTA ITALIANO"
25/9/2022 00:00:00;"C";"VALLE D'AOSTA";" U01 (AOSTA)";"SAINT-OYEN";"DE ROSA";"LOREDANA";1/11/1961 00:00:00;"ROMA";"F";"3";"UNIONE POPOLARE CON DE MAGISTRIS"
25/9/2022 00:00:00;"C";"VALLE D'AOSTA";" U01 (AOSTA)";"SAINT-OYEN";"MANES";"FRANCO";21/6/1963 00:00:00;"AOSTA";"M";"90";"VALLEE D?AOSTE ? AUTONOMIE PROGRES FEDERALISME"
25/9/2022 00:00:00;"C";"VALLE D'AOSTA";" U01 (AOSTA)";"SAINT-PIERRE";"RONC";"LOREDANA AUGUSTA";21/8/1964 00:00:00;"AOSTA";"F";"90";"ITALIA SOVRANA E POPOLARE"
