"Provincia","IMP2022","IMP2023","IMP2024","EXP2022","EXP2023","EXP2024","Tipologia","Regione","Macroarea"
"Agrigento",0,2317,9730,0,0,0,"agricoltura","Sicilia","Isole"
"Alessandria",1419322,1094906,55456,8628,56820,0,"agricoltura","Piemonte","Nord-Ovest"
"Ancona",662791,210794,344759,0,0,0,"agricoltura","Marche","Centro"
"Arezzo",3698418,2443261,3186658,34426,16180,523213,"agricoltura","Toscana","Centro"
"Ascoli Piceno",0,8833,431202,0,0,0,"agricoltura","Marche","Centro"
"Asti",27073,0,0,0,0,0,"agricoltura","Piemonte","Nord-Ovest"
"Avellino",51025,11022,66241,0,0,0,"agricoltura","Campania","Sud"
"Bari",804118,1150873,1067288,0,151413,6011,"agricoltura","Puglia","Sud"
"Barletta-Andria-Trani",0,22804,0,0,0,0,"agricoltura","Puglia","Sud"
"Belluno",0,0,0,0,2431,3757,"agricoltura","Veneto","Nord-Est"
"Benevento",306822,0,0,0,0,0,"agricoltura","Campania","Sud"
"Bergamo",509237,433425,618145,0,0,6493,"agricoltura","Lombardia","Nord-Ovest"
"Biella",56574511,54527909,52589938,24107,9076,20935,"agricoltura","Piemonte","Nord-Ovest"
"Bologna",4394888,2288728,2347549,9502,164784,246135,"agricoltura","Emilia-Romagna","Nord-Est"
"Bolzano/Bozen",110348,1409252,704110,0,0,0,"agricoltura","Trentino-Alto Adige","Nord-Est"
"Brescia",5697617,2280967,1605581,55338,71685,6755,"agricoltura","Lombardia","Nord-Ovest"
"Brindisi",0,1873,0,0,0,0,"agricoltura","Puglia","Sud"
"Cagliari",5797,0,1618,0,0,0,"agricoltura","Sardegna","Isole"
"Caltanissetta",0,0,0,0,1471,9713,"agricoltura","Sicilia","Isole"
"Caserta",429782,141730,237479,0,34960,70713,"agricoltura","Campania","Sud"
"Catania",1738296,468893,4062798,0,33825,54584,"agricoltura","Sicilia","Isole"
"Catanzaro",6583,0,0,0,0,0,"agricoltura","Calabria","Sud"
"Como",665277,359694,409085,6660,36442,4698,"agricoltura","Lombardia","Nord-Ovest"
"Cremona",777620,700326,590489,1320,0,0,"agricoltura","Lombardia","Nord-Ovest"
"Cuneo",2821416,2250901,3871386,249724,284796,197517,"agricoltura","Piemonte","Nord-Ovest"
"Enna",0,34423,45042,0,0,0,"agricoltura","Sicilia","Isole"
"Fermo",8538,0,0,0,0,0,"agricoltura","Marche","Centro"
"Ferrara",51460,0,0,1226868,0,424972,"agricoltura","Emilia-Romagna","Nord-Est"
"Firenze",11342160,5810872,5282595,654538,487430,904737,"agricoltura","Toscana","Centro"
"Foggia",320644,176435,309180,46350,25171,166179,"agricoltura","Puglia","Sud"
"Forlì-Cesena",7676479,8783502,11838323,6832093,5846773,9427619,"agricoltura","Emilia-Romagna","Nord-Est"
"Frosinone",206672,193650,244550,0,0,0,"agricoltura","Lazio","Centro"
"Genova",1152524,1723331,1521519,0,0,37685,"agricoltura","Liguria","Nord-Ovest"
"Gorizia",7341,99064,54202,0,0,0,"agricoltura","Friuli-Venezia Giulia","Nord-Est"
"Imperia",177765,16521,80414,145884,149413,116781,"agricoltura","Liguria","Nord-Ovest"
"La Spezia",0,0,0,111308,0,0,"agricoltura","Liguria","Nord-Ovest"
"L'Aquila",0,0,0,30361,1365,0,"agricoltura","Abruzzo","Sud"
"Latina",133012,4941,6392,0,0,0,"agricoltura","Lazio","Centro"
"Lecce",153966,83801,138251,0,0,0,"agricoltura","Puglia","Sud"
"Lecco",28800,9737,24736,44252,0,0,"agricoltura","Lombardia","Nord-Ovest"
"Livorno",97144,321982,140168,0,0,0,"agricoltura","Toscana","Centro"
"Lodi",16728,0,0,0,0,0,"agricoltura","Lombardia","Nord-Ovest"
"Lucca",918216,498408,318212,262132,92701,451793,"agricoltura","Toscana","Centro"
"Macerata",16616,15509,11732,0,0,0,"agricoltura","Marche","Centro"
"Mantova",1140741,463149,657578,15969,39487,11521,"agricoltura","Lombardia","Nord-Ovest"
"Massa-Carrara",0,0,0,360087,0,0,"agricoltura","Toscana","Centro"
"Messina",0,25199,12768,0,0,0,"agricoltura","Sicilia","Isole"
"Milano",10929928,8412330,10496479,4635614,5671107,2053861,"agricoltura","Lombardia","Nord-Ovest"
"Modena",2374599,2212188,1523365,27986,136497,15159,"agricoltura","Emilia-Romagna","Nord-Est"
"Monza e della Brianza",948695,976047,1449489,204612,659846,104000,"agricoltura","Lombardia","Nord-Ovest"
"Napoli",8731050,11678484,10845297,416051,435554,353506,"agricoltura","Campania","Sud"
"Novara",0,0,1500,12734,6882,10500,"agricoltura","Piemonte","Nord-Ovest"
"Padova",988117,463274,385432,189641,465475,0,"agricoltura","Veneto","Nord-Est"
"Palermo",58178,0,59604,0,17263,7369,"agricoltura","Sicilia","Isole"
"Parma",5685298,6027257,8902639,8309174,992843,1059165,"agricoltura","Emilia-Romagna","Nord-Est"
"Pavia",0,0,0,0,0,4271,"agricoltura","Lombardia","Nord-Ovest"
"Perugia",10275663,9335905,6623016,698842,635006,107107,"agricoltura","Umbria","Centro"
"Pesaro e Urbino",66370712,47122262,32401291,0,7808,0,"agricoltura","Marche","Centro"
"Pescara",0,540439,19986,0,0,0,"agricoltura","Abruzzo","Sud"
"Piacenza",2083929,1998493,1135447,78930,0,4224,"agricoltura","Emilia-Romagna","Nord-Est"
"Pisa",449448,269522,821686,633370,2926,0,"agricoltura","Toscana","Centro"
"Pistoia",15917633,13993463,8877454,25378,91961,19969,"agricoltura","Toscana","Centro"
"Pordenone",0,0,0,555086,103060,33260,"agricoltura","Friuli-Venezia Giulia","Nord-Est"
"Potenza",0,15397,62091,0,0,0,"agricoltura","Basilicata","Sud"
"Prato",25476968,15499960,13057258,22123,1140,0,"agricoltura","Toscana","Centro"
"Province non specificate e altri stati membri",370475,978592,0,0,115820,6239960,"agricoltura","Non specificato","Non specificato"
"Ragusa",66185,128208,46003,78287,31488,0,"agricoltura","Altro","Non specificato"
"Ravenna",410143,487419,718841,1264138,129464,0,"agricoltura","Emilia-Romagna","Nord-Est"
"Reggio di Calabria",257577,163420,3867,788048,939788,925430,"agricoltura","Calabria","Sud"
"Reggio nell'Emilia",650261,271746,190318,0,4794,1410,"agricoltura","Emilia-Romagna","Nord-Est"
"Rimini",86739,55187,38503,1284252,7020,0,"agricoltura","Emilia-Romagna","Nord-Est"
"Roma",3148310,1846721,4559796,52987,84269,116112,"agricoltura","Lazio","Centro"
"Rovigo",707585,786887,1092838,767527,252259,77465,"agricoltura","Veneto","Nord-Est"
"Salerno",4497917,3076296,3835918,198965,0,2220,"agricoltura","Campania","Sud"
"Sassari",0,28288,16500,312451,241194,427640,"agricoltura","Sardegna","Isole"
"Savona",1605964,749616,777174,21175864,26529215,1795891,"agricoltura","Liguria","Nord-Ovest"
"Siena",75324,72376,66836,0,0,0,"agricoltura","Toscana","Centro"
"Siracusa",0,0,0,0,0,17600,"agricoltura","Altro","Non specificato"
"Taranto",1009,68315,1355,0,0,0,"agricoltura","Puglia","Sud"
"Teramo",427625,355355,267039,1325911,86100,7200,"agricoltura","Abruzzo","Sud"
"Terni",63509,0,0,0,0,0,"agricoltura","Umbria","Centro"
"Torino",7272339,4575468,6043663,20197,42435,72376,"agricoltura","Piemonte","Nord-Ovest"
"Trapani",577212,395491,392331,0,0,0,"agricoltura","Sicilia","Isole"
"Trento",37618350,40152331,14227553,193381,34880,0,"agricoltura","Trentino-Alto Adige","Nord-Est"
"Treviso",1370231,1329722,3064204,282975,853789,718420,"agricoltura","Veneto","Nord-Est"
"Trieste",59359,4063,281058,0,1755,0,"agricoltura","Friuli-Venezia Giulia","Nord-Est"
"Udine",276179,159566,340603,236105,570529,485961,"agricoltura","Friuli-Venezia Giulia","Nord-Est"
"Varese",4598557,502397,691251,407566,46942,86971,"agricoltura","Lombardia","Nord-Ovest"
"Venezia",924376,540055,613269,12364,108940,0,"agricoltura","Veneto","Nord-Est"
"Vercelli",111656624,91378313,69645314,18719,2204,1463,"agricoltura","Piemonte","Nord-Ovest"
"Verona",1828376,2306724,1841641,736795,357911,101939,"agricoltura","Veneto","Nord-Est"
"Vibo Valentia",261438,336887,514745,0,0,0,"agricoltura","Calabria","Sud"
"Vicenza",3676943,2788107,1892849,9311,356187,1166856,"agricoltura","Veneto","Nord-Est"
"Viterbo",14335,32296,25507,0,0,0,"agricoltura","Lazio","Centro"
"Agrigento",0,1372,0,0,0,0,"estrazione minerali","Sicilia","Isole"
"Alessandria",178026,169314,184700,0,0,0,"estrazione minerali","Piemonte","Nord-Ovest"
"Ancona",15076707,8036298,8058744,6004,10606,159066,"estrazione minerali","Marche","Centro"
"Aosta",0,0,0,475551,760247,792194,"estrazione minerali","Valle d'Aosta","Nord-Ovest"
"Arezzo",215278,274317,207405,0,0,227126,"estrazione minerali","Toscana","Centro"
"Ascoli Piceno",5802,10677,62661,63563,1037750,4077028,"estrazione minerali","Marche","Centro"
"Asti",0,0,0,0,0,31866,"estrazione minerali","Piemonte","Nord-Ovest"
"Avellino",14178,14925,1060,0,0,0,"estrazione minerali","Campania","Sud"
"Bari",48565,41998,24330,9300,189457,243273,"estrazione minerali","Puglia","Sud"
"Barletta-Andria-Trani",2028,0,0,761935,509483,623923,"estrazione minerali","Puglia","Sud"
"Belluno",0,0,0,0,2055,0,"estrazione minerali","Veneto","Nord-Est"
"Bergamo",5573738,6463889,7021789,4474692,10710772,17761236,"estrazione minerali","Lombardia","Nord-Ovest"
"Biella",9354,20713,2360,0,0,0,"estrazione minerali","Piemonte","Nord-Ovest"
"Bologna",66186,385048,6890,1035,110420,0,"estrazione minerali","Emilia-Romagna","Nord-Est"
"Bolzano/Bozen",444348,331542,211784,331450,249656,154444,"estrazione minerali","Trentino-Alto Adige","Nord-Est"
"Brescia",785803,3039866,5553364,5365261,6002354,8042973,"estrazione minerali","Lombardia","Nord-Ovest"
"Brindisi",3392508,1463100,1506374,0,0,0,"estrazione minerali","Puglia","Sud"
"Cagliari",23419103,244921,0,127880,23240,111934,"estrazione minerali","Sardegna","Isole"
"Caltanissetta",0,0,1365,0,0,0,"estrazione minerali","Sicilia","Isole"
"Campobasso",0,21604,0,0,0,0,"estrazione minerali","Molise","Sud"
"Caserta",0,60465,20771,0,0,0,"estrazione minerali","Campania","Sud"
"Catania",0,14620,16616,0,0,0,"estrazione minerali","Sicilia","Isole"
"Chieti",0,1522,0,0,152194,0,"estrazione minerali","Abruzzo","Sud"
"Como",602811,442488,0,184868,30360,203967,"estrazione minerali","Lombardia","Nord-Ovest"
"Cremona",1043633,125445,97445,91286,39804,19160,"estrazione minerali","Lombardia","Nord-Ovest"
"Crotone",0,0,2750,62848,0,0,"estrazione minerali","Calabria","Sud"
"Cuneo",291884,141957,165355,359679,266768,988234,"estrazione minerali","Piemonte","Nord-Ovest"
"Fermo",0,0,1899,122595,20154,80184,"estrazione minerali","Marche","Centro"
"Ferrara",47749,80416,71188,0,0,3202,"estrazione minerali","Emilia-Romagna","Nord-Est"
"Firenze",347990,17923,38868,765180,236157,1060,"estrazione minerali","Toscana","Centro"
"Foggia",0,0,0,723202,1071734,946720,"estrazione minerali","Puglia","Sud"
"Frosinone",16871,9284,108116,418198,177801,164622,"estrazione minerali","Lazio","Centro"
"Genova",6381563,1805791,1466446,0,224014,11680,"estrazione minerali","Liguria","Nord-Ovest"
"Gorizia",3647,2332,2320,0,0,97426,"estrazione minerali","Friuli-Venezia Giulia","Nord-Est"
"Grosseto",0,0,0,0,0,77669,"estrazione minerali","Toscana","Centro"
"Isernia",0,1695,1362,0,0,0,"estrazione minerali","Molise","Sud"
"La Spezia",0,0,125948,1008459,1880645,1889895,"estrazione minerali","Liguria","Nord-Ovest"
"Latina",0,6258,0,30946,42776,0,"estrazione minerali","Lazio","Centro"
"Lecce",1153,0,16213,0,0,0,"estrazione minerali","Puglia","Sud"
"Lecco",29606,62829,238447,0,0,0,"estrazione minerali","Lombardia","Nord-Ovest"
"Livorno",9458257,7005740,7454307,49796,30783,0,"estrazione minerali","Toscana","Centro"
"Lodi",42563,253548,43249,0,0,17948,"estrazione minerali","Lombardia","Nord-Ovest"
"Lucca",472310,915866,638676,13105134,12692184,22358587,"estrazione minerali","Toscana","Centro"
"Macerata",13147,9718,23704,0,0,0,"estrazione minerali","Marche","Centro"
"Mantova",635911,17195,38774,0,16320,149937,"estrazione minerali","Lombardia","Nord-Ovest"
"Massa-Carrara",5517149,3609750,814318,101874648,96261064,113745577,"estrazione minerali","Toscana","Centro"
"Milano",19865060,9806974,10818761,3842790,5034992,4661054,"estrazione minerali","Lombardia","Nord-Ovest"
"Modena",1754266,1276350,1574184,1070,2363,84175,"estrazione minerali","Emilia-Romagna","Nord-Est"
"Monza e della Brianza",1063538,1491607,2869654,70595,23000,1496,"estrazione minerali","Lombardia","Nord-Ovest"
"Napoli",155054,277127,636999,1408401,199753,0,"estrazione minerali","Campania","Sud"
"Novara",1863,0,0,7806,7191,60973,"estrazione minerali","Piemonte","Nord-Ovest"
"Nuoro",0,0,0,4362566,2880909,3521917,"estrazione minerali","Sardegna","Isole"
"Oristano",0,6155,0,0,0,0,"estrazione minerali","Sardegna","Isole"
"Padova",46101,86234,14254,169690,327483,334689,"estrazione minerali","Veneto","Nord-Est"
"Palermo",0,12512,7466,16390,331152,304277,"estrazione minerali","Sicilia","Isole"
"Parma",1744251,133644,124056,0,45828,0,"estrazione minerali","Emilia-Romagna","Nord-Est"
"Pavia",1104915,1053069,906276,0,0,0,"estrazione minerali","Lombardia","Nord-Ovest"
"Perugia",33889,0,0,268248,302802,267911,"estrazione minerali","Umbria","Centro"
"Pesaro e Urbino",11518,0,14408,350001,354575,326005,"estrazione minerali","Marche","Centro"
"Pescara",0,1845,0,0,0,0,"estrazione minerali","Abruzzo","Sud"
"Piacenza",176036,29863,0,9598,0,20580,"estrazione minerali","Emilia-Romagna","Nord-Est"
"Pisa",330878,152093,279331,152557,251523,300787,"estrazione minerali","Toscana","Centro"
"Pistoia",22776,10770,8894,0,0,0,"estrazione minerali","Toscana","Centro"
"Pordenone",322023,242604,263841,259811,59375,0,"estrazione minerali","Friuli-Venezia Giulia","Nord-Est"
"Prato",0,0,0,0,0,102742,"estrazione minerali","Toscana","Centro"
"Province non specificate e altri stati membri",73334,32710,0,0,0,561419,"estrazione minerali","Non specificato","Non specificato"
"Provincia del Sud Sardegna",0,0,0,0,0,2535,"estrazione minerali","Sardegna","Isole"
"Ragusa",0,16055,0,0,212773,23589,"estrazione minerali","Altro","Non specificato"
"Ravenna",6689,0,4683074,0,0,0,"estrazione minerali","Emilia-Romagna","Nord-Est"
"Reggio di Calabria",76621,359519,851211,0,0,0,"estrazione minerali","Calabria","Sud"
"Reggio nell'Emilia",340718,205042,0,0,24993,4880,"estrazione minerali","Emilia-Romagna","Nord-Est"
"Rimini",1129354,16340,26569,0,0,0,"estrazione minerali","Emilia-Romagna","Nord-Est"
"Roma",331136,77422,129410,9561324,16620997,21678820,"estrazione minerali","Lazio","Centro"
"Rovigo",71097578,0,0,0,0,0,"estrazione minerali","Veneto","Nord-Est"
"Salerno",0,0,136053,0,0,0,"estrazione minerali","Campania","Sud"
"Savona",60058,0,152863,0,0,0,"estrazione minerali","Liguria","Nord-Ovest"
"Siena",0,0,0,0,0,176340,"estrazione minerali","Toscana","Centro"
"Sondrio",0,0,0,135630,45220,359322,"estrazione minerali","Lombardia","Nord-Ovest"
"Taranto",24635,38844,43180,0,0,0,"estrazione minerali","Puglia","Sud"
"Teramo",0,0,8023,0,0,35021,"estrazione minerali","Abruzzo","Sud"
"Terni",1591018,0,4385,1130244,525676,79603,"estrazione minerali","Umbria","Centro"
"Torino",4814664,2699236,4251483,175197,146042,340792,"estrazione minerali","Piemonte","Nord-Ovest"
"Trapani",11147,0,0,0,0,21348,"estrazione minerali","Sicilia","Isole"
"Trento",66277,139808,0,77161,50985,0,"estrazione minerali","Trentino-Alto Adige","Nord-Est"
"Treviso",207154,93052,68035,2067850,68717,9228,"estrazione minerali","Veneto","Nord-Est"
"Trieste",0,0,109993,1090962,3956869,3527873,"estrazione minerali","Friuli-Venezia Giulia","Nord-Est"
"Udine",247097,55789,141101,3183288,967933,1343934,"estrazione minerali","Friuli-Venezia Giulia","Nord-Est"
"Varese",861817,494652,390448,22521,1640,1015,"estrazione minerali","Lombardia","Nord-Ovest"
"Venezia",354002,5491,25217,3866,83696,15510,"estrazione minerali","Veneto","Nord-Est"
"Verbano-Cusio-Ossola",0,0,0,8299393,6682945,5084491,"estrazione minerali","Piemonte","Nord-Ovest"
"Vercelli",111950,45864,64744,0,0,0,"estrazione minerali","Piemonte","Nord-Ovest"
"Verona",3269300,2492055,3918954,2405886,4310997,5481687,"estrazione minerali","Veneto","Nord-Est"
"Vicenza",3793291,742400,2743085,4533559,3939670,8301997,"estrazione minerali","Veneto","Nord-Est"
"Viterbo",0,221880,101112,474779,271295,406492,"estrazione minerali","Lazio","Centro"
"Agrigento",16766961,9576062,6221643,1359081,5981584,1561655,"manifattura","Sicilia","Isole"
"Alessandria",219750549,208611411,198952105,204229131,188967054,197097181,"manifattura","Piemonte","Nord-Ovest"
"Ancona",472125694,321822799,317440670,70755925,52577155,55560532,"manifattura","Marche","Centro"
"Aosta",43813781,37857517,34127907,51294492,41392690,30721858,"manifattura","Valle d'Aosta","Nord-Ovest"
"Arezzo",545983176,424459004,259437617,82838899,92208488,61279087,"manifattura","Toscana","Centro"
"Ascoli Piceno",875972151,135210394,138054446,459333165,3612333523,91963782,"manifattura","Marche","Centro"
"Asti",125217633,100840024,110840778,63458131,62626208,66660709,"manifattura","Piemonte","Nord-Ovest"
"Avellino",97877793,85720789,103829325,14657002,9815742,13614610,"manifattura","Campania","Sud"
"Bari",385324415,337470396,340680434,118673222,85513397,89156546,"manifattura","Puglia","Sud"
"Barletta-Andria-Trani",108002729,82758763,83834863,1098453,887529,1380454,"manifattura","Puglia","Sud"
"Belluno",484268459,397473126,531581862,227137300,162456529,170511338,"manifattura","Veneto","Nord-Est"
"Benevento",32511410,24327852,20514913,946828,560607,225540,"manifattura","Campania","Sud"
"Bergamo",1604347926,1332657648,1379289589,501731738,449057585,399477990,"manifattura","Lombardia","Nord-Ovest"
"Biella",552667795,223265950,188514894,156758894,196946967,165630607,"manifattura","Piemonte","Nord-Ovest"
"Bologna",1255752344,917275323,947126800,724034562,615003842,484526707,"manifattura","Emilia-Romagna","Nord-Est"
"Bolzano/Bozen",298189768,272097198,200207374,69908780,86357399,85168627,"manifattura","Trentino-Alto Adige","Nord-Est"
"Brescia",1385318797,1068698711,1100211670,319892303,322350890,388978206,"manifattura","Lombardia","Nord-Ovest"
"Brindisi",14963880,18575126,13380094,24266088,38816204,15174396,"manifattura","Puglia","Sud"
"Cagliari",17492663,32255156,31278685,3854984,2573989,1157877,"manifattura","Sardegna","Isole"
"Caltanissetta",16398392,12078935,14096307,466438,997482,700102,"manifattura","Sicilia","Isole"
"Campobasso",44459747,62203427,96305589,16147210,8237339,6181156,"manifattura","Molise","Sud"
"Caserta",118363042,118769065,128927981,14330599,18163072,18542291,"manifattura","Campania","Sud"
"Catania",94631150,82366231,119238622,92976375,53409846,65573567,"manifattura","Sicilia","Isole"
"Catanzaro",9671739,8275921,10378193,538682,172066,136555,"manifattura","Calabria","Sud"
"Chieti",141295625,136163239,219949130,25698660,29503792,28644470,"manifattura","Abruzzo","Sud"
"Como",767793046,520971380,553860659,182149507,167096495,144146387,"manifattura","Lombardia","Nord-Ovest"
"Cosenza",28880548,26076898,29930058,2031717,1079316,995389,"manifattura","Calabria","Sud"
"Cremona",311277687,210115497,208683407,91093383,60796392,56936266,"manifattura","Lombardia","Nord-Ovest"
"Crotone",7401863,2345493,4224130,172058,125734,28439,"manifattura","Calabria","Sud"
"Cuneo",506645620,383663765,402167131,118506288,128494482,423178002,"manifattura","Piemonte","Nord-Ovest"
"Enna",10072472,8520345,10711018,27237,33409,3079,"manifattura","Sicilia","Isole"
"Fermo",139553816,123690231,101706927,150049991,97272234,83526324,"manifattura","Marche","Centro"
"Ferrara",122753654,68843089,75747474,65435187,84953095,59061905,"manifattura","Emilia-Romagna","Nord-Est"
"Firenze",1038429295,855799349,855104153,961735783,1108175883,1273314937,"manifattura","Toscana","Centro"
"Foggia",55043112,135806785,76208009,4358752,7411003,4336616,"manifattura","Puglia","Sud"
"Forlì-Cesena",363856477,274045368,291803744,98293555,90939942,67719068,"manifattura","Emilia-Romagna","Nord-Est"
"Frosinone",133323557,201439194,121765033,44171427,43355314,47182821,"manifattura","Lazio","Centro"
"Genova",710756054,652406437,593284330,189340157,139794171,118651241,"manifattura","Liguria","Nord-Ovest"
"Gorizia",65455127,45197631,28733697,17635686,21054821,18752219,"manifattura","Friuli-Venezia Giulia","Nord-Est"
"Grosseto",20217217,10401529,13169841,7611307,4844780,3417715,"manifattura","Toscana","Centro"
"Imperia",6627238,4315940,5686163,5913281,1262822,215844,"manifattura","Liguria","Nord-Ovest"
"Isernia",300358777,371447951,134955325,111871,5239031,6216929,"manifattura","Molise","Sud"
"La Spezia",59577539,48545771,55571116,14859880,13410931,8020520,"manifattura","Liguria","Nord-Ovest"
"L'Aquila",26334590,20949279,23210572,26329599,26640847,35572654,"manifattura","Abruzzo","Sud"
"Latina",138846644,95378366,88964802,32990430,18534747,10054329,"manifattura","Lazio","Centro"
"Lecce",156641075,132799851,150214453,7112250,9236403,11149275,"manifattura","Puglia","Sud"
"Lecco",343063829,264582743,233723832,198983318,134860314,147688869,"manifattura","Lombardia","Nord-Ovest"
"Livorno",90820258,96213987,72365806,28342219,33457306,20269375,"manifattura","Toscana","Centro"
"Lodi",4722309600,4094020425,3960675128,55693796,51429260,39966473,"manifattura","Lombardia","Nord-Ovest"
"Lucca",153986254,110621012,129506467,90963516,43613744,42185169,"manifattura","Toscana","Centro"
"Macerata",260105549,208315035,234400288,42946341,31349483,30936131,"manifattura","Marche","Centro"
"Mantova",1052172678,479779190,561790986,104164658,92804322,86897462,"manifattura","Lombardia","Nord-Ovest"
"Massa-Carrara",29137642,224526354,101892111,147828561,209450070,74871130,"manifattura","Toscana","Centro"
"Matera",17431302,15881365,16055613,1677042,2056951,2101021,"manifattura","Basilicata","Sud"
"Messina",18722089,11198741,11966076,73781869,194158709,53727185,"manifattura","Sicilia","Isole"
"Milano",10110372582,8183456781,7835056642,2954747289,3158343626,3106879625,"manifattura","Lombardia","Nord-Ovest"
"Modena",1092774775,769606714,757899200,678999559,535779249,447479382,"manifattura","Emilia-Romagna","Nord-Est"
"Monza e della Brianza",1382458888,1031002447,1107406404,436969221,447028023,443194546,"manifattura","Lombardia","Nord-Ovest"
"Napoli",3587529961,4854046328,7349708340,128797479,172066141,180793805,"manifattura","Campania","Sud"
"Novara",455879081,319763873,306768957,149366455,104460751,128961091,"manifattura","Piemonte","Nord-Ovest"
"Nuoro",7444029,7925162,10607711,744298,655038,9732063,"manifattura","Sardegna","Isole"
"Oristano",465662,736473,4778301,1773240,2279058,785129,"manifattura","Sardegna","Isole"
"Padova",1370779404,1122299978,1147181998,228547798,198894310,202846785,"manifattura","Veneto","Nord-Est"
"Palermo",420775790,50631692,67509661,2480778,4506009,2575250,"manifattura","Sicilia","Isole"
"Parma",595142512,264131924,295944047,223015929,180781481,209876092,"manifattura","Emilia-Romagna","Nord-Est"
"Pavia",358726441,332728868,294176632,57406976,50928827,48102117,"manifattura","Lombardia","Nord-Ovest"
"Perugia",292263917,229947254,228013684,83209040,112619352,157825817,"manifattura","Umbria","Centro"
"Pesaro e Urbino",264609049,213188649,221443453,49316928,44853616,43723552,"manifattura","Marche","Centro"
"Pescara",83682447,442660545,624099228,20576818,20264429,21625306,"manifattura","Abruzzo","Sud"
"Piacenza",767433499,608851553,611083662,349752923,402066836,485952299,"manifattura","Emilia-Romagna","Nord-Est"
"Pisa",416570137,285334759,239951309,150880051,129430994,101600137,"manifattura","Toscana","Centro"
"Pistoia",136258531,104487497,104358639,13224706,10164705,7967638,"manifattura","Toscana","Centro"
"Pordenone",319861884,156764423,205670122,115721129,106776421,79585137,"manifattura","Friuli-Venezia Giulia","Nord-Est"
"Potenza",36942526,60999377,47765895,131228,369621,1859538,"manifattura","Basilicata","Sud"
"Prato",432815558,384795565,402452678,58429434,58979240,58037685,"manifattura","Toscana","Centro"
"Province non specificate e altri stati membri",426986296,266980537,34286145,6421136,28917085,273616774,"manifattura","Non specificato","Non specificato"
"Provincia del Sud Sardegna",6989667,6924883,4959221,527364,105214,81130,"manifattura","Sardegna","Isole"
"Ragusa",35303370,14090781,23634375,12239455,7289130,4393846,"manifattura","Altro","Non specificato"
"Ravenna",233841337,206837449,171581442,77763484,63667963,49408043,"manifattura","Emilia-Romagna","Nord-Est"
"Reggio di Calabria",32595938,45622939,80126957,8203434,6742012,13687675,"manifattura","Calabria","Sud"
"Reggio nell'Emilia",1136591898,906777014,875780156,402517696,348308793,267956582,"manifattura","Emilia-Romagna","Nord-Est"
"Rieti",24511463,18259601,24317669,4202171,5249668,11535693,"manifattura","Lazio","Centro"
"Rimini",283488649,227761430,224350742,63018647,42289536,28720218,"manifattura","Emilia-Romagna","Nord-Est"
"Roma",1662120559,1677689098,2132351687,429084458,515553782,288364066,"manifattura","Lazio","Centro"
"Rovigo",38399879,40399390,41661622,21833993,17903534,16315202,"manifattura","Veneto","Nord-Est"
"Salerno",372482831,311146192,311413640,16507427,18243233,19900871,"manifattura","Campania","Sud"
"Sassari",6698768,15009955,11542796,4845115,4804253,9930604,"manifattura","Sardegna","Isole"
"Savona",52760707,30373661,25780396,47250880,33729858,27102009,"manifattura","Liguria","Nord-Ovest"
"Siena",111898438,121506890,75107703,13609485,16697938,34043933,"manifattura","Toscana","Centro"
"Siracusa",10390439,22779268,12234703,821197,8444669,13731583,"manifattura","Altro","Non specificato"
"Sondrio",21631058,16025493,16723408,11692624,11369322,17651590,"manifattura","Lombardia","Nord-Ovest"
"Taranto",283559338,131097701,184164237,1976467,1769197,6586509,"manifattura","Puglia","Sud"
"Teramo",172508502,144769906,151121352,25389437,19552353,18947979,"manifattura","Abruzzo","Sud"
"Terni",50667613,33360971,35724921,7708936,15263790,11375474,"manifattura","Umbria","Centro"
"Torino",1831215943,1485629943,1539663421,933952384,623182785,490356214,"manifattura","Piemonte","Nord-Ovest"
"Trapani",43975094,27567715,21955703,3316991,2608483,4354992,"manifattura","Sicilia","Isole"
"Trento",300468969,194252729,140030869,86243431,115974678,83975049,"manifattura","Trentino-Alto Adige","Nord-Est"
"Treviso",1653421955,1339418387,1385559910,243296871,246938637,261643505,"manifattura","Veneto","Nord-Est"
"Trieste",199094394,132283937,140218567,118328447,80515595,75946513,"manifattura","Friuli-Venezia Giulia","Nord-Est"
"Udine",248645460,584040583,506330528,82962315,103169543,63289884,"manifattura","Friuli-Venezia Giulia","Nord-Est"
"Varese",1014993927,733697460,690060786,414517341,461082947,442118409,"manifattura","Lombardia","Nord-Ovest"
"Venezia",623925074,436493457,381834414,122172755,134209384,135378972,"manifattura","Veneto","Nord-Est"
"Verbano-Cusio-Ossola",57320643,44378913,46926961,5982386,8226735,12636631,"manifattura","Piemonte","Nord-Ovest"
"Vercelli",122212016,109352755,94545983,242289991,252641093,282675452,"manifattura","Piemonte","Nord-Ovest"
"Verona",1385806379,856219776,866959802,160089277,127929523,124987807,"manifattura","Veneto","Nord-Est"
"Vibo Valentia",14237878,8488023,8995148,2449793,3883597,6271219,"manifattura","Calabria","Sud"
"Vicenza",1491538682,1078086458,1062570773,596321897,516363173,539663356,"manifattura","Veneto","Nord-Est"
"Viterbo",52997107,38435551,48900826,5071320,2654220,4599140,"manifattura","Lazio","Centro"
"Agrigento",0,3597,0,0,0,0,"trattamento rifiuti","Sicilia","Isole"
"Alessandria",41886,6713594,2263129,47586706,72438047,53803883,"trattamento rifiuti","Piemonte","Nord-Ovest"
"Ancona",13718,7052,21830,59212,0,0,"trattamento rifiuti","Marche","Centro"
"Arezzo",33655851,7896420,27591355,0,0,0,"trattamento rifiuti","Toscana","Centro"
"Ascoli Piceno",0,0,0,1923,0,0,"trattamento rifiuti","Marche","Centro"
"Avellino",0,252815,1387,1496,0,0,"trattamento rifiuti","Campania","Sud"
"Bari",0,0,2363,0,217442,142531,"trattamento rifiuti","Puglia","Sud"
"Barletta-Andria-Trani",0,0,55503,0,0,0,"trattamento rifiuti","Puglia","Sud"
"Belluno",0,0,0,529133,1270,0,"trattamento rifiuti","Veneto","Nord-Est"
"Bergamo",3938360,7465485,3916070,125926093,120092302,107985003,"trattamento rifiuti","Lombardia","Nord-Ovest"
"Biella",4012338,5295535,3590027,0,0,0,"trattamento rifiuti","Piemonte","Nord-Ovest"
"Bologna",0,6694,72184,4251,0,1281,"trattamento rifiuti","Emilia-Romagna","Nord-Est"
"Bolzano/Bozen",4523,0,0,0,364775,962654,"trattamento rifiuti","Trentino-Alto Adige","Nord-Est"
"Brescia",10881,160832,138410,36614286,78305094,84884244,"trattamento rifiuti","Lombardia","Nord-Ovest"
"Caserta",2568,69611,0,120202,822267,729506,"trattamento rifiuti","Campania","Sud"
"Catania",0,0,0,140730,101543,0,"trattamento rifiuti","Sicilia","Isole"
"Como",9400,4292,29355,72700,67506,338817,"trattamento rifiuti","Lombardia","Nord-Ovest"
"Cremona",66618,0,0,0,0,4385,"trattamento rifiuti","Lombardia","Nord-Ovest"
"Cuneo",0,0,0,1058,0,10238,"trattamento rifiuti","Piemonte","Nord-Ovest"
"Fermo",0,0,0,1118,0,0,"trattamento rifiuti","Marche","Centro"
"Ferrara",173968,2383222,425061,45129352,58322087,59506118,"trattamento rifiuti","Emilia-Romagna","Nord-Est"
"Firenze",156450,246081,10463,15152,0,0,"trattamento rifiuti","Toscana","Centro"
"Forlì-Cesena",0,0,0,0,1012,1044798,"trattamento rifiuti","Emilia-Romagna","Nord-Est"
"Frosinone",0,2004,0,0,0,0,"trattamento rifiuti","Lazio","Centro"
"Genova",64000,354710,70096,115994,11413,0,"trattamento rifiuti","Liguria","Nord-Ovest"
"Lecce",0,24147,0,0,0,0,"trattamento rifiuti","Puglia","Sud"
"Lecco",0,8846,7200,75248,0,0,"trattamento rifiuti","Lombardia","Nord-Ovest"
"Livorno",0,0,0,0,0,10682,"trattamento rifiuti","Toscana","Centro"
"Lodi",0,11539,0,0,0,0,"trattamento rifiuti","Lombardia","Nord-Ovest"
"Macerata",1615,195440,0,0,3238,0,"trattamento rifiuti","Marche","Centro"
"Mantova",0,33486,0,0,0,0,"trattamento rifiuti","Lombardia","Nord-Ovest"
"Milano",3568865,4347381,4266678,1391196,984616,582897,"trattamento rifiuti","Lombardia","Nord-Ovest"
"Modena",94088,185443,24789,1350,18114,0,"trattamento rifiuti","Emilia-Romagna","Nord-Est"
"Monza e della Brianza",0,14330,0,207352,0,1874353,"trattamento rifiuti","Lombardia","Nord-Ovest"
"Napoli",33460,0,2814,994850,277796,595618,"trattamento rifiuti","Campania","Sud"
"Novara",0,0,0,4761,1014527,0,"trattamento rifiuti","Piemonte","Nord-Ovest"
"Padova",15985,0,2637,19177,0,0,"trattamento rifiuti","Veneto","Nord-Est"
"Parma",1811,70353,49799,0,0,4722,"trattamento rifiuti","Emilia-Romagna","Nord-Est"
"Pavia",107749,0,0,19326607,27495332,46441613,"trattamento rifiuti","Lombardia","Nord-Ovest"
"Perugia",117107,37771,0,0,1182,0,"trattamento rifiuti","Umbria","Centro"
"Pesaro e Urbino",0,616911,292007,0,1368024,1901031,"trattamento rifiuti","Marche","Centro"
"Piacenza",0,2423,0,0,0,0,"trattamento rifiuti","Emilia-Romagna","Nord-Est"
"Pisa",0,0,0,0,510873,3775,"trattamento rifiuti","Toscana","Centro"
"Pistoia",54909,95470,3221,0,0,0,"trattamento rifiuti","Toscana","Centro"
"Pordenone",0,70024,1647,0,0,0,"trattamento rifiuti","Friuli-Venezia Giulia","Nord-Est"
"Prato",168664,384802,520428,98224,0,0,"trattamento rifiuti","Toscana","Centro"
"Province non specificate e altri stati membri",0,0,0,0,0,17090,"trattamento rifiuti","Non specificato","Non specificato"
"Ravenna",0,12187,0,467399,1410826,4983436,"trattamento rifiuti","Emilia-Romagna","Nord-Est"
"Reggio nell'Emilia",0,0,14358,13941,0,1721,"trattamento rifiuti","Emilia-Romagna","Nord-Est"
"Rimini",4234,6374,0,0,0,0,"trattamento rifiuti","Emilia-Romagna","Nord-Est"
"Roma",44325,19418,51339,0,0,0,"trattamento rifiuti","Lazio","Centro"
"Rovigo",0,0,0,0,3241,0,"trattamento rifiuti","Veneto","Nord-Est"
"Salerno",0,0,0,0,15005,0,"trattamento rifiuti","Campania","Sud"
"Savona",0,43740,0,0,0,0,"trattamento rifiuti","Liguria","Nord-Ovest"
"Siracusa",0,0,3744186,0,0,0,"trattamento rifiuti","Altro","Non specificato"
"Taranto",0,0,5380,0,0,0,"trattamento rifiuti","Puglia","Sud"
"Terni",2650,4733,0,0,0,0,"trattamento rifiuti","Umbria","Centro"
"Torino",50953,49353,22725,9182,1004,39567,"trattamento rifiuti","Piemonte","Nord-Ovest"
"Trento",0,8959,0,0,0,0,"trattamento rifiuti","Trentino-Alto Adige","Nord-Est"
"Treviso",106327,229461,209421,33385,196221,0,"trattamento rifiuti","Veneto","Nord-Est"
"Udine",20820,0,3778,0,0,0,"trattamento rifiuti","Friuli-Venezia Giulia","Nord-Est"
"Varese",65601,0,0,1018623,4674300,5104174,"trattamento rifiuti","Lombardia","Nord-Ovest"
"Vercelli",2042707,331040,0,0,0,0,"trattamento rifiuti","Piemonte","Nord-Ovest"
"Vicenza",3121,74920,148619,42160,253288,724810,"trattamento rifiuti","Veneto","Nord-Est"
"Agrigento",3633,0,3149,5175,8884,1836,"servizi info","Sicilia","Isole"
"Alessandria",43053,52800,58128,0,0,56209,"servizi info","Piemonte","Nord-Ovest"
"Ancona",578589,379760,457736,30166,39260,36269,"servizi info","Marche","Centro"
"Aosta",5425,4000,1413,13677,2466,0,"servizi info","Valle d'Aosta","Nord-Ovest"
"Arezzo",10904,33290,52922,20915,5877,5222,"servizi info","Toscana","Centro"
"Ascoli Piceno",0,2491,27584,21274,21118,26035,"servizi info","Marche","Centro"
"Asti",0,4578,2540,8550,74898,3928,"servizi info","Piemonte","Nord-Ovest"
"Avellino",0,12081,112751,0,0,0,"servizi info","Campania","Sud"
"Bari",37364,39612,24225,142749,4099,23497,"servizi info","Puglia","Sud"
"Barletta-Andria-Trani",2332,7396,22403,0,0,0,"servizi info","Puglia","Sud"
"Belluno",201145,46923,67526,289030,207427,347326,"servizi info","Veneto","Nord-Est"
"Benevento",18568,20228,37001,2294,16505,18920,"servizi info","Campania","Sud"
"Bergamo",554503,650059,961967,94648,736953,376040,"servizi info","Lombardia","Nord-Ovest"
"Biella",124261,13644,57054,0,4160,19038,"servizi info","Piemonte","Nord-Ovest"
"Bologna",4268459,3204150,5350511,578386,1340989,712498,"servizi info","Emilia-Romagna","Nord-Est"
"Bolzano/Bozen",243288,69659,29970,1125,0,12257,"servizi info","Trentino-Alto Adige","Nord-Est"
"Brescia",153638,107534,189434,108192,185078,28232,"servizi info","Lombardia","Nord-Ovest"
"Brindisi",0,2715,2648,0,0,0,"servizi info","Puglia","Sud"
"Cagliari",118132,53431,51450,18100,0,30000,"servizi info","Sardegna","Isole"
"Caltanissetta",11962,8873,3091,0,6561,1038,"servizi info","Sicilia","Isole"
"Caserta",0,2993,15147,0,4620,0,"servizi info","Campania","Sud"
"Catania",20263,1443,31621,2000,0,0,"servizi info","Sicilia","Isole"
"Catanzaro",1043,3376,65709,0,0,0,"servizi info","Calabria","Sud"
"Chieti",7574,37169,7751,70616,46590,41048,"servizi info","Abruzzo","Sud"
"Como",211667,173178,198048,165624,64403,79892,"servizi info","Lombardia","Nord-Ovest"
"Cosenza",23275,1021,4606,0,0,0,"servizi info","Calabria","Sud"
"Cremona",105363,36472,29004,40862,19235,53259,"servizi info","Lombardia","Nord-Ovest"
"Crotone",1198,0,0,0,0,0,"servizi info","Calabria","Sud"
"Cuneo",148142,169119,219262,126484,71536,524013,"servizi info","Piemonte","Nord-Ovest"
"Enna",1275,0,0,0,0,0,"servizi info","Sicilia","Isole"
"Fermo",3597,10923,2883,23666,87611,55292,"servizi info","Marche","Centro"
"Ferrara",15876,9911,100121,0,4895,7391,"servizi info","Emilia-Romagna","Nord-Est"
"Firenze",2261556,1034864,4123890,376577,210814,420858,"servizi info","Toscana","Centro"
"Foggia",4165,5913,13882,0,0,0,"servizi info","Puglia","Sud"
"Forlì-Cesena",375342,437053,459624,60602,37279,80775,"servizi info","Emilia-Romagna","Nord-Est"
"Frosinone",25150,2003503,8159,5806,2469,10220,"servizi info","Lazio","Centro"
"Genova",706603,214585,110992,92113,80161,122853,"servizi info","Liguria","Nord-Ovest"
"Gorizia",3080,3279,0,1250,0,0,"servizi info","Friuli-Venezia Giulia","Nord-Est"
"Grosseto",40434,2512,0,1283,0,0,"servizi info","Toscana","Centro"
"Imperia",0,1236,0,0,0,0,"servizi info","Liguria","Nord-Ovest"
"Isernia",0,5048,3496,0,0,0,"servizi info","Molise","Sud"
"La Spezia",0,76517,125388,0,30122,4699,"servizi info","Liguria","Nord-Ovest"
"L'Aquila",4370,0,8211,0,1173,0,"servizi info","Abruzzo","Sud"
"Latina",37064,12987,40238,1379,1930,6032,"servizi info","Lazio","Centro"
"Lecce",5094,7931,18875,15170,30163,12751,"servizi info","Puglia","Sud"
"Lecco",45764,2707,17513,1654,5769,1210,"servizi info","Lombardia","Nord-Ovest"
"Livorno",21798,13710,87808,0,0,9072,"servizi info","Toscana","Centro"
"Lodi",37751,10210,43110,133288,1337155,1175552,"servizi info","Lombardia","Nord-Ovest"
"Lucca",40273,21212,46710,31958,16539,43206,"servizi info","Toscana","Centro"
"Macerata",39628,27977,20530,4566,1950,8854,"servizi info","Marche","Centro"
"Mantova",123504,119540,55161,1038,34619,33065,"servizi info","Lombardia","Nord-Ovest"
"Massa-Carrara",2488,0,8243,1984,2650,0,"servizi info","Toscana","Centro"
"Matera",7212,15765,10487,1913,2622,3593,"servizi info","Basilicata","Sud"
"Messina",1307,5041,1498,0,0,0,"servizi info","Sicilia","Isole"
"Milano",31980537,41649771,37668077,9952756,9397817,7129588,"servizi info","Lombardia","Nord-Ovest"
"Modena",4554759,6626985,3239465,897760,296122,877972,"servizi info","Emilia-Romagna","Nord-Est"
"Monza e della Brianza",546749,804996,616381,92131,212067,471189,"servizi info","Lombardia","Nord-Ovest"
"Napoli",455084,642366,1133510,0,6895,18496,"servizi info","Campania","Sud"
"Novara",1015164,1158406,1210848,538378,956663,668256,"servizi info","Piemonte","Nord-Ovest"
"Nuoro",7760,5612,0,0,0,0,"servizi info","Sardegna","Isole"
"Padova",917138,385960,398944,567135,408048,305058,"servizi info","Veneto","Nord-Est"
"Palermo",0,6657,2386,0,0,0,"servizi info","Sicilia","Isole"
"Parma",16469,25163,59124,0,3020,0,"servizi info","Emilia-Romagna","Nord-Est"
"Pavia",21803,53150,13253,0,1048,49746,"servizi info","Lombardia","Nord-Ovest"
"Perugia",11522,16107,186291,42287,12953,78077,"servizi info","Umbria","Centro"
"Pesaro e Urbino",7702,3131,71956,16107,2160,15128,"servizi info","Marche","Centro"
"Pescara",3346,7712,6857,21012,0,3145,"servizi info","Abruzzo","Sud"
"Piacenza",115218,105324,60834,5519,10589,35254,"servizi info","Emilia-Romagna","Nord-Est"
"Pisa",51812,88887,72869,131045,121005,179963,"servizi info","Toscana","Centro"
"Pistoia",74460,307233,12442,250100,0,0,"servizi info","Toscana","Centro"
"Pordenone",124586,65444,33238,2926,3054,2781,"servizi info","Friuli-Venezia Giulia","Nord-Est"
"Potenza",3081,0,13630,0,0,0,"servizi info","Basilicata","Sud"
"Prato",656756,573098,125555,15077,225019,6261,"servizi info","Toscana","Centro"
"Province non specificate e altri stati membri",286087,222636,7597,109530,15097,263408,"servizi info","Non specificato","Non specificato"
"Ragusa",0,2923,0,0,0,0,"servizi info","Altro","Non specificato"
"Ravenna",3609,5985,186063,3709,10935,32551,"servizi info","Emilia-Romagna","Nord-Est"
"Reggio di Calabria",558228,251760,254676,0,2120,0,"servizi info","Calabria","Sud"
"Reggio nell'Emilia",250452,249922,194715,59532,50265,58539,"servizi info","Emilia-Romagna","Nord-Est"
"Rimini",998688,1261995,1129120,23765,234940,67010,"servizi info","Emilia-Romagna","Nord-Est"
"Roma",2910516,2891878,3199798,2622248,5507919,725535,"servizi info","Lazio","Centro"
"Rovigo",4831,7126,10310,1664,0,0,"servizi info","Veneto","Nord-Est"
"Salerno",248399,184710,162238,0,1547,0,"servizi info","Campania","Sud"
"Sassari",0,6764,5746,0,0,0,"servizi info","Sardegna","Isole"
"Savona",0,7103,2541,0,0,5584,"servizi info","Liguria","Nord-Ovest"
"Siena",12603,22944,0,46667,49474,34800,"servizi info","Toscana","Centro"
"Siracusa",5681,4224,1872,0,0,0,"servizi info","Altro","Non specificato"
"Sondrio",1870,2782,7594,0,0,0,"servizi info","Lombardia","Nord-Ovest"
"Taranto",281849,156917,208387,0,0,0,"servizi info","Puglia","Sud"
"Teramo",191920,258608,815684,19284,0,25965,"servizi info","Abruzzo","Sud"
"Terni",5128,1048,0,0,0,0,"servizi info","Umbria","Centro"
"Torino",1217353,755066,610196,245610,172280,700722,"servizi info","Piemonte","Nord-Ovest"
"Trapani",35912,85965,106730,0,0,0,"servizi info","Sicilia","Isole"
"Trento",61358,105601,88806,27428,1562,35484,"servizi info","Trentino-Alto Adige","Nord-Est"
"Treviso",2749960,1892492,2341716,215781,77854,87326,"servizi info","Veneto","Nord-Est"
"Trieste",1992595,1999807,2454071,4097,0,0,"servizi info","Friuli-Venezia Giulia","Nord-Est"
"Udine",214241,49976,43008,9347,41607,49754,"servizi info","Friuli-Venezia Giulia","Nord-Est"
"Varese",580645,455545,576415,555845,998418,257673,"servizi info","Lombardia","Nord-Ovest"
"Venezia",147856,138538,198062,516307,401938,57512,"servizi info","Veneto","Nord-Est"
"Verbano-Cusio-Ossola",4111,5368,0,0,0,2130,"servizi info","Piemonte","Nord-Ovest"
"Vercelli",27530,0,8059,21901,8121,122303,"servizi info","Piemonte","Nord-Ovest"
"Verona",253964,433224,79350,102047,121293,268166,"servizi info","Veneto","Nord-Est"
"Vicenza",1594273,1652647,2108038,90841,65379,149446,"servizi info","Veneto","Nord-Est"
"Viterbo",15774,19959,11481,1500,0,0,"servizi info","Lazio","Centro"
"Bergamo",0,3476,0,0,0,0,"attività professionali","Lombardia","Nord-Ovest"
"Bologna",0,0,0,0,1698,0,"attività professionali","Emilia-Romagna","Nord-Est"
"Brescia",0,0,0,12074,0,2480,"attività professionali","Lombardia","Nord-Ovest"
"L'Aquila",0,0,0,0,0,1520,"attività professionali","Abruzzo","Sud"
"Milano",0,0,5093,37312,6400,35630,"attività professionali","Lombardia","Nord-Ovest"
"Monza e della Brianza",16085,10768,0,0,87694,61772,"attività professionali","Lombardia","Nord-Ovest"
"Pordenone",1786,0,0,0,0,0,"attività professionali","Friuli-Venezia Giulia","Nord-Est"
"Roma",0,2228,0,0,0,0,"attività professionali","Lazio","Centro"
"Agrigento",1453,0,0,0,0,0,"attività artistiche","Sicilia","Isole"
"Ancona",0,91534,8996,0,0,0,"attività artistiche","Marche","Centro"
"Aosta",0,1032,0,0,0,0,"attività artistiche","Valle d'Aosta","Nord-Ovest"
"Arezzo",0,0,0,0,0,10000,"attività artistiche","Toscana","Centro"
"Ascoli Piceno",0,0,2941,0,9706,0,"attività artistiche","Marche","Centro"
"Asti",0,1704,0,0,0,0,"attività artistiche","Piemonte","Nord-Ovest"
"Avellino",30366,0,0,0,0,0,"attività artistiche","Campania","Sud"
"Bari",0,0,0,0,7887,0,"attività artistiche","Puglia","Sud"
"Bergamo",3414,17158,0,9600,6000,0,"attività artistiche","Lombardia","Nord-Ovest"
"Biella",0,0,0,0,0,1215,"attività artistiche","Piemonte","Nord-Ovest"
"Bologna",0,0,0,24366,61636,1649,"attività artistiche","Emilia-Romagna","Nord-Est"
"Bolzano/Bozen",664500,0,60459,106150,50000,0,"attività artistiche","Trentino-Alto Adige","Nord-Est"
"Brescia",1520,0,0,17631,41985,460407,"attività artistiche","Lombardia","Nord-Ovest"
"Brindisi",0,0,0,16550,0,0,"attività artistiche","Puglia","Sud"
"Cagliari",2446,0,0,5045,0,0,"attività artistiche","Sardegna","Isole"
"Campobasso",0,0,2601,0,0,0,"attività artistiche","Molise","Sud"
"Catania",2054,0,0,0,0,0,"attività artistiche","Sicilia","Isole"
"Catanzaro",1013,0,0,0,0,0,"attività artistiche","Calabria","Sud"
"Como",11073,0,21540,40900,0,22830,"attività artistiche","Lombardia","Nord-Ovest"
"Cosenza",0,7000,0,0,0,0,"attività artistiche","Calabria","Sud"
"Cuneo",0,0,198507,0,0,0,"attività artistiche","Piemonte","Nord-Ovest"
"Firenze",7711,72706,10000,71478,143944,510100,"attività artistiche","Toscana","Centro"
"Forlì-Cesena",0,0,0,0,18200,4650,"attività artistiche","Emilia-Romagna","Nord-Est"
"Genova",0,0,2437,174291,23553,2295,"attività artistiche","Liguria","Nord-Ovest"
"Latina",0,0,17225,0,0,2952,"attività artistiche","Lazio","Centro"
"Lecce",1757,8948,0,0,0,0,"attività artistiche","Puglia","Sud"
"Lecco",0,0,0,3942,0,0,"attività artistiche","Lombardia","Nord-Ovest"
"Lodi",22500,8100,0,0,0,0,"attività artistiche","Lombardia","Nord-Ovest"
"Lucca",357833,0,0,82952,1560,60000,"attività artistiche","Toscana","Centro"
"Macerata",469266,111038,116432,0,0,0,"attività artistiche","Marche","Centro"
"Mantova",0,38342,0,0,0,0,"attività artistiche","Lombardia","Nord-Ovest"
"Massa-Carrara",54932,0,0,0,0,0,"attività artistiche","Toscana","Centro"
"Matera",0,0,0,0,1139,0,"attività artistiche","Basilicata","Sud"
"Messina",0,0,0,0,0,1062,"attività artistiche","Sicilia","Isole"
"Milano",183261,281614,213051,958235,856986,609545,"attività artistiche","Lombardia","Nord-Ovest"
"Monza e della Brianza",0,1153,5096,7580,0,0,"attività artistiche","Lombardia","Nord-Ovest"
"Napoli",272956,316041,498332,286372,22100,5825,"attività artistiche","Campania","Sud"
"Padova",24052,0,72621,0,4750,38285,"attività artistiche","Veneto","Nord-Est"
"Palermo",0,0,7693,5000,0,0,"attività artistiche","Sicilia","Isole"
"Parma",0,0,0,67862,4394,2725,"attività artistiche","Emilia-Romagna","Nord-Est"
"Perugia",0,20794,0,0,0,0,"attività artistiche","Umbria","Centro"
"Pesaro e Urbino",0,0,2646,0,0,0,"attività artistiche","Marche","Centro"
"Pescara",0,0,0,0,3925,0,"attività artistiche","Abruzzo","Sud"
"Pisa",0,0,2340,1740,62632,0,"attività artistiche","Toscana","Centro"
"Pistoia",0,0,3918,0,0,0,"attività artistiche","Toscana","Centro"
"Potenza",0,0,25848,0,0,0,"attività artistiche","Basilicata","Sud"
"Prato",0,0,0,35100,0,0,"attività artistiche","Toscana","Centro"
"Province non specificate e altri stati membri",38088,35880,0,0,0,699012,"attività artistiche","Non specificato","Non specificato"
"Ravenna",0,14906,0,0,3500,0,"attività artistiche","Emilia-Romagna","Nord-Est"
"Reggio di Calabria",42840,3386,0,0,71000,0,"attività artistiche","Calabria","Sud"
"Reggio nell'Emilia",198388,141111,184099,0,0,0,"attività artistiche","Emilia-Romagna","Nord-Est"
"Rimini",0,0,0,0,0,37629,"attività artistiche","Emilia-Romagna","Nord-Est"
"Roma",155580,266240,180071,98257,316707,897550,"attività artistiche","Lazio","Centro"
"Salerno",0,0,0,0,0,55000,"attività artistiche","Campania","Sud"
"Sassari",0,7475,0,0,0,0,"attività artistiche","Sardegna","Isole"
"Siena",34115,0,0,652165,405488,110450,"attività artistiche","Toscana","Centro"
"Taranto",165673,40642,86369,0,0,0,"attività artistiche","Puglia","Sud"
"Teramo",0,1435,0,0,1435,0,"attività artistiche","Abruzzo","Sud"
"Terni",0,0,59062,0,0,0,"attività artistiche","Umbria","Centro"
"Torino",17902,47009,0,73191,31949,807599,"attività artistiche","Piemonte","Nord-Ovest"
"Trento",0,0,1560,3900,2300,0,"attività artistiche","Trentino-Alto Adige","Nord-Est"
"Treviso",10328,0,33492,1800,0,48750,"attività artistiche","Veneto","Nord-Est"
"Varese",111621,68639,124917,0,154622,0,"attività artistiche","Lombardia","Nord-Ovest"
"Venezia",36944,128204,118030,84427,401160,138060,"attività artistiche","Veneto","Nord-Est"
"Vercelli",0,2132,0,0,0,0,"attività artistiche","Piemonte","Nord-Ovest"
"Verona",0,54255,46594,7744,0,0,"attività artistiche","Veneto","Nord-Est"
"Vicenza",304519,170198,214858,0,28309,0,"attività artistiche","Veneto","Nord-Est"
"Viterbo",82542,65450,46223,0,1500,7464,"attività artistiche","Lazio","Centro"
"Barletta-Andria-Trani",0,0,1741,0,0,0,"prodotti delle altre attività di servizi","Puglia","Sud"
"Firenze",19040,0,0,0,0,0,"prodotti delle altre attività di servizi","Toscana","Centro"
"Forlì-Cesena",0,0,1758,0,0,0,"prodotti delle altre attività di servizi","Emilia-Romagna","Nord-Est"
"Napoli",530456,480297,0,0,0,4600,"prodotti delle altre attività di servizi","Campania","Sud"
"Province non specificate e altri stati membri",2146,0,0,0,0,0,"prodotti delle altre attività di servizi","Non specificato","Non specificato"
"Roma",0,117020,406614,0,0,0,"prodotti delle altre attività di servizi","Lazio","Centro"
"Province non specificate e altri stati membri",368125074,1240921952,108656922,0,0,0,"merci varie","Non specificato","Non specificato"
"Torino",15100,0,0,0,0,0,"merci varie","Piemonte","Nord-Ovest"
