"Provincia","Comune","Cognome","Nome","Voti"
"AREZZO","ANGHIARI","GIANI","EUGENIO",1029
"AREZZO","ANGHIARI","TOMASI","ALESSANDRO",1014
"AREZZO","ANGHIARI","MORO BUNDU","ANTONELLA",45
"AREZZO","AREZZO","GIANI","EUGENIO",17895
"AREZZO","AREZZO","TOMASI","ALESSANDRO",16474
"AREZZO","AREZZO","MORO BUNDU","ANTONELLA",902
"AREZZO","BADIA TEDALDA","GIANI","EUGENIO",191
"AREZZO","BADIA TEDALDA","TOMASI","ALESSANDRO",175
"AREZZO","BADIA TEDALDA","MORO BUNDU","ANTONELLA",17
"AREZZO","BIBBIENA","TOMASI","ALESSANDRO",2872
"AREZZO","BIBBIENA","GIANI","EUGENIO",1973
"AREZZO","BIBBIENA","MORO BUNDU","ANTONELLA",121
"AREZZO","BUCINE","GIANI","EUGENIO",2310
"AREZZO","BUCINE","TOMASI","ALESSANDRO",1390
"AREZZO","BUCINE","MORO BUNDU","ANTONELLA",95
"AREZZO","CAPOLONA","GIANI","EUGENIO",1014
"AREZZO","CAPOLONA","TOMASI","ALESSANDRO",888
"AREZZO","CAPOLONA","MORO BUNDU","ANTONELLA",52
"AREZZO","CAPRESE MICHELANGELO","TOMASI","ALESSANDRO",211
"AREZZO","CAPRESE MICHELANGELO","GIANI","EUGENIO",187
"AREZZO","CAPRESE MICHELANGELO","MORO BUNDU","ANTONELLA",6
"AREZZO","CASTEL FOCOGNANO","TOMASI","ALESSANDRO",639
"AREZZO","CASTEL FOCOGNANO","GIANI","EUGENIO",483
"AREZZO","CASTEL FOCOGNANO","MORO BUNDU","ANTONELLA",27
"AREZZO","CASTELFRANCO PIANDISCO'","GIANI","EUGENIO",2109
"AREZZO","CASTELFRANCO PIANDISCO'","TOMASI","ALESSANDRO",1554
"AREZZO","CASTELFRANCO PIANDISCO'","MORO BUNDU","ANTONELLA",184
"AREZZO","CASTEL SAN NICCOLO'","TOMASI","ALESSANDRO",491
"AREZZO","CASTEL SAN NICCOLO'","GIANI","EUGENIO",452
"AREZZO","CASTEL SAN NICCOLO'","MORO BUNDU","ANTONELLA",35
"AREZZO","CASTIGLION FIBOCCHI","TOMASI","ALESSANDRO",477
"AREZZO","CASTIGLION FIBOCCHI","GIANI","EUGENIO",387
"AREZZO","CASTIGLION FIBOCCHI","MORO BUNDU","ANTONELLA",25
"AREZZO","CASTIGLION FIORENTINO","TOMASI","ALESSANDRO",2718
"AREZZO","CASTIGLION FIORENTINO","GIANI","EUGENIO",2136
"AREZZO","CASTIGLION FIORENTINO","MORO BUNDU","ANTONELLA",73
"AREZZO","CAVRIGLIA","GIANI","EUGENIO",3134
"AREZZO","CAVRIGLIA","TOMASI","ALESSANDRO",898
"AREZZO","CAVRIGLIA","MORO BUNDU","ANTONELLA",151
"AREZZO","CHITIGNANO","GIANI","EUGENIO",176
"AREZZO","CHITIGNANO","TOMASI","ALESSANDRO",171
"AREZZO","CHITIGNANO","MORO BUNDU","ANTONELLA",6
"AREZZO","CHIUSI DELLA VERNA","TOMASI","ALESSANDRO",446
"AREZZO","CHIUSI DELLA VERNA","GIANI","EUGENIO",422
"AREZZO","CHIUSI DELLA VERNA","MORO BUNDU","ANTONELLA",17
"AREZZO","CIVITELLA IN VAL DI CHIANA","GIANI","EUGENIO",1753
"AREZZO","CIVITELLA IN VAL DI CHIANA","TOMASI","ALESSANDRO",1565
"AREZZO","CIVITELLA IN VAL DI CHIANA","MORO BUNDU","ANTONELLA",64
"AREZZO","CORTONA","GIANI","EUGENIO",4007
"AREZZO","CORTONA","TOMASI","ALESSANDRO",3705
"AREZZO","CORTONA","MORO BUNDU","ANTONELLA",171
"AREZZO","FOIANO DELLA CHIANA","GIANI","EUGENIO",1618
"AREZZO","FOIANO DELLA CHIANA","TOMASI","ALESSANDRO",1157
"AREZZO","FOIANO DELLA CHIANA","MORO BUNDU","ANTONELLA",57
"AREZZO","LATERINA PERGINE VALDARNO","GIANI","EUGENIO",1243
"AREZZO","LATERINA PERGINE VALDARNO","TOMASI","ALESSANDRO",974
"AREZZO","LATERINA PERGINE VALDARNO","MORO BUNDU","ANTONELLA",64
"AREZZO","LORO CIUFFENNA","GIANI","EUGENIO",1394
"AREZZO","LORO CIUFFENNA","TOMASI","ALESSANDRO",859
"AREZZO","LORO CIUFFENNA","MORO BUNDU","ANTONELLA",74
"AREZZO","LUCIGNANO","GIANI","EUGENIO",947
"AREZZO","LUCIGNANO","TOMASI","ALESSANDRO",500
"AREZZO","LUCIGNANO","MORO BUNDU","ANTONELLA",23
"AREZZO","MARCIANO DELLA CHIANA","GIANI","EUGENIO",558
"AREZZO","MARCIANO DELLA CHIANA","TOMASI","ALESSANDRO",515
"AREZZO","MARCIANO DELLA CHIANA","MORO BUNDU","ANTONELLA",17
"AREZZO","MONTEMIGNAIO","GIANI","EUGENIO",130
"AREZZO","MONTEMIGNAIO","TOMASI","ALESSANDRO",98
"AREZZO","MONTEMIGNAIO","MORO BUNDU","ANTONELLA",8
"AREZZO","MONTERCHI","TOMASI","ALESSANDRO",469
"AREZZO","MONTERCHI","GIANI","EUGENIO",238
"AREZZO","MONTERCHI","MORO BUNDU","ANTONELLA",17
"AREZZO","MONTE SAN SAVINO","TOMASI","ALESSANDRO",1585
"AREZZO","MONTE SAN SAVINO","GIANI","EUGENIO",1487
"AREZZO","MONTE SAN SAVINO","MORO BUNDU","ANTONELLA",60
"AREZZO","MONTEVARCHI","GIANI","EUGENIO",4901
"AREZZO","MONTEVARCHI","TOMASI","ALESSANDRO",3425
"AREZZO","MONTEVARCHI","MORO BUNDU","ANTONELLA",250
"AREZZO","ORTIGNANO RAGGIOLO","TOMASI","ALESSANDRO",218
"AREZZO","ORTIGNANO RAGGIOLO","GIANI","EUGENIO",188
"AREZZO","ORTIGNANO RAGGIOLO","MORO BUNDU","ANTONELLA",12
"AREZZO","PIEVE SANTO STEFANO","TOMASI","ALESSANDRO",569
"AREZZO","PIEVE SANTO STEFANO","GIANI","EUGENIO",452
"AREZZO","PIEVE SANTO STEFANO","MORO BUNDU","ANTONELLA",18
"AREZZO","POPPI","TOMASI","ALESSANDRO",1324
"AREZZO","POPPI","GIANI","EUGENIO",1048
"AREZZO","POPPI","MORO BUNDU","ANTONELLA",57
"AREZZO","PRATOVECCHIO STIA","TOMASI","ALESSANDRO",1248
"AREZZO","PRATOVECCHIO STIA","GIANI","EUGENIO",1052
"AREZZO","PRATOVECCHIO STIA","MORO BUNDU","ANTONELLA",57
"AREZZO","SAN GIOVANNI VALDARNO","GIANI","EUGENIO",4171
"AREZZO","SAN GIOVANNI VALDARNO","TOMASI","ALESSANDRO",1961
"AREZZO","SAN GIOVANNI VALDARNO","MORO BUNDU","ANTONELLA",228
"AREZZO","SANSEPOLCRO","TOMASI","ALESSANDRO",3073
"AREZZO","SANSEPOLCRO","GIANI","EUGENIO",2621
"AREZZO","SANSEPOLCRO","MORO BUNDU","ANTONELLA",173
"AREZZO","SESTINO","GIANI","EUGENIO",202
"AREZZO","SESTINO","TOMASI","ALESSANDRO",184
"AREZZO","SESTINO","MORO BUNDU","ANTONELLA",5
"AREZZO","SUBBIANO","TOMASI","ALESSANDRO",1110
"AREZZO","SUBBIANO","GIANI","EUGENIO",1093
"AREZZO","SUBBIANO","MORO BUNDU","ANTONELLA",62
"AREZZO","TALLA","GIANI","EUGENIO",191
"AREZZO","TALLA","TOMASI","ALESSANDRO",186
"AREZZO","TALLA","MORO BUNDU","ANTONELLA",20
"AREZZO","TERRANUOVA BRACCIOLINI","GIANI","EUGENIO",2903
"AREZZO","TERRANUOVA BRACCIOLINI","TOMASI","ALESSANDRO",1644
"AREZZO","TERRANUOVA BRACCIOLINI","MORO BUNDU","ANTONELLA",153
"GROSSETO","ARCIDOSSO","TOMASI","ALESSANDRO",655
"GROSSETO","ARCIDOSSO","GIANI","EUGENIO",600
"GROSSETO","ARCIDOSSO","MORO BUNDU","ANTONELLA",44
"GROSSETO","CAMPAGNATICO","TOMASI","ALESSANDRO",570
"GROSSETO","CAMPAGNATICO","GIANI","EUGENIO",297
"GROSSETO","CAMPAGNATICO","MORO BUNDU","ANTONELLA",27
"GROSSETO","CAPALBIO","GIANI","EUGENIO",563
"GROSSETO","CAPALBIO","TOMASI","ALESSANDRO",536
"GROSSETO","CAPALBIO","MORO BUNDU","ANTONELLA",29
"GROSSETO","CASTEL DEL PIANO","TOMASI","ALESSANDRO",747
"GROSSETO","CASTEL DEL PIANO","GIANI","EUGENIO",724
"GROSSETO","CASTEL DEL PIANO","MORO BUNDU","ANTONELLA",56
"GROSSETO","CASTELL'AZZARA","GIANI","EUGENIO",390
"GROSSETO","CASTELL'AZZARA","TOMASI","ALESSANDRO",159
"GROSSETO","CASTELL'AZZARA","MORO BUNDU","ANTONELLA",12
"GROSSETO","CASTIGLIONE DELLA PESCAIA","TOMASI","ALESSANDRO",1347
"GROSSETO","CASTIGLIONE DELLA PESCAIA","GIANI","EUGENIO",1113
"GROSSETO","CASTIGLIONE DELLA PESCAIA","MORO BUNDU","ANTONELLA",62
"GROSSETO","CINIGIANO","TOMASI","ALESSANDRO",378
"GROSSETO","CINIGIANO","GIANI","EUGENIO",306
"GROSSETO","CINIGIANO","MORO BUNDU","ANTONELLA",24
"GROSSETO","CIVITELLA PAGANICO","TOMASI","ALESSANDRO",506
"GROSSETO","CIVITELLA PAGANICO","GIANI","EUGENIO",475
"GROSSETO","CIVITELLA PAGANICO","MORO BUNDU","ANTONELLA",20
"GROSSETO","FOLLONICA","GIANI","EUGENIO",3811
"GROSSETO","FOLLONICA","TOMASI","ALESSANDRO",3530
"GROSSETO","FOLLONICA","MORO BUNDU","ANTONELLA",296
"GROSSETO","GAVORRANO","GIANI","EUGENIO",1430
"GROSSETO","GAVORRANO","TOMASI","ALESSANDRO",1135
"GROSSETO","GAVORRANO","MORO BUNDU","ANTONELLA",111
"GROSSETO","GROSSETO","TOMASI","ALESSANDRO",15161
"GROSSETO","GROSSETO","GIANI","EUGENIO",14146
"GROSSETO","GROSSETO","MORO BUNDU","ANTONELLA",797
"GROSSETO","ISOLA DEL GIGLIO","TOMASI","ALESSANDRO",242
"GROSSETO","ISOLA DEL GIGLIO","GIANI","EUGENIO",118
"GROSSETO","ISOLA DEL GIGLIO","MORO BUNDU","ANTONELLA",4
"GROSSETO","MAGLIANO IN TOSCANA","GIANI","EUGENIO",753
"GROSSETO","MAGLIANO IN TOSCANA","TOMASI","ALESSANDRO",572
"GROSSETO","MAGLIANO IN TOSCANA","MORO BUNDU","ANTONELLA",19
"GROSSETO","MANCIANO","GIANI","EUGENIO",1054
"GROSSETO","MANCIANO","TOMASI","ALESSANDRO",1024
"GROSSETO","MANCIANO","MORO BUNDU","ANTONELLA",57
"GROSSETO","MASSA MARITTIMA","GIANI","EUGENIO",1580
"GROSSETO","MASSA MARITTIMA","TOMASI","ALESSANDRO",1225
"GROSSETO","MASSA MARITTIMA","MORO BUNDU","ANTONELLA",87
"GROSSETO","MONTE ARGENTARIO","TOMASI","ALESSANDRO",2548
"GROSSETO","MONTE ARGENTARIO","GIANI","EUGENIO",1534
"GROSSETO","MONTE ARGENTARIO","MORO BUNDU","ANTONELLA",56
"GROSSETO","MONTEROTONDO MARITTIMO","GIANI","EUGENIO",300
"GROSSETO","MONTEROTONDO MARITTIMO","TOMASI","ALESSANDRO",142
"GROSSETO","MONTEROTONDO MARITTIMO","MORO BUNDU","ANTONELLA",27
"GROSSETO","MONTIERI","GIANI","EUGENIO",223
"GROSSETO","MONTIERI","TOMASI","ALESSANDRO",183
"GROSSETO","MONTIERI","MORO BUNDU","ANTONELLA",22
"GROSSETO","ORBETELLO","TOMASI","ALESSANDRO",2584
"GROSSETO","ORBETELLO","GIANI","EUGENIO",2549
"GROSSETO","ORBETELLO","MORO BUNDU","ANTONELLA",100
"GROSSETO","PITIGLIANO","GIANI","EUGENIO",658
"GROSSETO","PITIGLIANO","TOMASI","ALESSANDRO",537
"GROSSETO","PITIGLIANO","MORO BUNDU","ANTONELLA",46
"GROSSETO","ROCCALBEGNA","TOMASI","ALESSANDRO",179
"GROSSETO","ROCCALBEGNA","GIANI","EUGENIO",169
"GROSSETO","ROCCALBEGNA","MORO BUNDU","ANTONELLA",17
"GROSSETO","ROCCASTRADA","GIANI","EUGENIO",1710
"GROSSETO","ROCCASTRADA","TOMASI","ALESSANDRO",1235
"GROSSETO","ROCCASTRADA","MORO BUNDU","ANTONELLA",116
"GROSSETO","SANTA FIORA","GIANI","EUGENIO",505
"GROSSETO","SANTA FIORA","TOMASI","ALESSANDRO",395
"GROSSETO","SANTA FIORA","MORO BUNDU","ANTONELLA",61
"GROSSETO","SCANSANO","TOMASI","ALESSANDRO",657
"GROSSETO","SCANSANO","GIANI","EUGENIO",592
"GROSSETO","SCANSANO","MORO BUNDU","ANTONELLA",51
"GROSSETO","SCARLINO","GIANI","EUGENIO",625
"GROSSETO","SCARLINO","TOMASI","ALESSANDRO",604
"GROSSETO","SCARLINO","MORO BUNDU","ANTONELLA",46
"GROSSETO","SEGGIANO","GIANI","EUGENIO",136
"GROSSETO","SEGGIANO","TOMASI","ALESSANDRO",129
"GROSSETO","SEGGIANO","MORO BUNDU","ANTONELLA",21
"GROSSETO","SEMPRONIANO","GIANI","EUGENIO",232
"GROSSETO","SEMPRONIANO","TOMASI","ALESSANDRO",187
"GROSSETO","SEMPRONIANO","MORO BUNDU","ANTONELLA",10
"GROSSETO","SORANO","GIANI","EUGENIO",582
"GROSSETO","SORANO","TOMASI","ALESSANDRO",542
"GROSSETO","SORANO","MORO BUNDU","ANTONELLA",48
"LIVORNO","BIBBONA","GIANI","EUGENIO",683
"LIVORNO","BIBBONA","TOMASI","ALESSANDRO",421
"LIVORNO","BIBBONA","MORO BUNDU","ANTONELLA",32
"LIVORNO","CAMPIGLIA MARITTIMA","GIANI","EUGENIO",2247
"LIVORNO","CAMPIGLIA MARITTIMA","TOMASI","ALESSANDRO",1941
"LIVORNO","CAMPIGLIA MARITTIMA","MORO BUNDU","ANTONELLA",335
"LIVORNO","CAMPO NELL'ELBA","TOMASI","ALESSANDRO",1117
"LIVORNO","CAMPO NELL'ELBA","GIANI","EUGENIO",515
"LIVORNO","CAMPO NELL'ELBA","MORO BUNDU","ANTONELLA",85
"LIVORNO","CAPOLIVERI","TOMASI","ALESSANDRO",726
"LIVORNO","CAPOLIVERI","GIANI","EUGENIO",373
"LIVORNO","CAPOLIVERI","MORO BUNDU","ANTONELLA",36
"LIVORNO","CAPRAIA ISOLA","GIANI","EUGENIO",71
"LIVORNO","CAPRAIA ISOLA","TOMASI","ALESSANDRO",65
"LIVORNO","CAPRAIA ISOLA","MORO BUNDU","ANTONELLA",4
"LIVORNO","CASTAGNETO CARDUCCI","GIANI","EUGENIO",1495
"LIVORNO","CASTAGNETO CARDUCCI","TOMASI","ALESSANDRO",1336
"LIVORNO","CASTAGNETO CARDUCCI","MORO BUNDU","ANTONELLA",96
"LIVORNO","CECINA","GIANI","EUGENIO",5226
"LIVORNO","CECINA","TOMASI","ALESSANDRO",4150
"LIVORNO","CECINA","MORO BUNDU","ANTONELLA",366
"LIVORNO","COLLESALVETTI","GIANI","EUGENIO",3522
"LIVORNO","COLLESALVETTI","TOMASI","ALESSANDRO",2010
"LIVORNO","COLLESALVETTI","MORO BUNDU","ANTONELLA",430
"LIVORNO","LIVORNO","GIANI","EUGENIO",35946
"LIVORNO","LIVORNO","TOMASI","ALESSANDRO",17024
"LIVORNO","LIVORNO","MORO BUNDU","ANTONELLA",4431
"LIVORNO","MARCIANA","TOMASI","ALESSANDRO",351
"LIVORNO","MARCIANA","GIANI","EUGENIO",272
"LIVORNO","MARCIANA","MORO BUNDU","ANTONELLA",24
"LIVORNO","MARCIANA MARINA","GIANI","EUGENIO",310
"LIVORNO","MARCIANA MARINA","TOMASI","ALESSANDRO",309
"LIVORNO","MARCIANA MARINA","MORO BUNDU","ANTONELLA",33
"LIVORNO","PIOMBINO","GIANI","EUGENIO",5670
"LIVORNO","PIOMBINO","TOMASI","ALESSANDRO",4465
"LIVORNO","PIOMBINO","MORO BUNDU","ANTONELLA",1449
"LIVORNO","PORTO AZZURRO","TOMASI","ALESSANDRO",689
"LIVORNO","PORTO AZZURRO","GIANI","EUGENIO",338
"LIVORNO","PORTO AZZURRO","MORO BUNDU","ANTONELLA",48
"LIVORNO","PORTOFERRAIO","TOMASI","ALESSANDRO",1730
"LIVORNO","PORTOFERRAIO","GIANI","EUGENIO",1281
"LIVORNO","PORTOFERRAIO","MORO BUNDU","ANTONELLA",307
"LIVORNO","RIO","TOMASI","ALESSANDRO",536
"LIVORNO","RIO","GIANI","EUGENIO",504
"LIVORNO","RIO","MORO BUNDU","ANTONELLA",52
"LIVORNO","ROSIGNANO MARITTIMO","GIANI","EUGENIO",6636
"LIVORNO","ROSIGNANO MARITTIMO","TOMASI","ALESSANDRO",3670
"LIVORNO","ROSIGNANO MARITTIMO","MORO BUNDU","ANTONELLA",678
"LIVORNO","SAN VINCENZO","GIANI","EUGENIO",1244
"LIVORNO","SAN VINCENZO","TOMASI","ALESSANDRO",956
"LIVORNO","SAN VINCENZO","MORO BUNDU","ANTONELLA",172
"LIVORNO","SASSETTA","GIANI","EUGENIO",99
"LIVORNO","SASSETTA","TOMASI","ALESSANDRO",42
"LIVORNO","SASSETTA","MORO BUNDU","ANTONELLA",10
"LIVORNO","SUVERETO","GIANI","EUGENIO",610
"LIVORNO","SUVERETO","TOMASI","ALESSANDRO",356
"LIVORNO","SUVERETO","MORO BUNDU","ANTONELLA",124
"LUCCA","ALTOPASCIO","TOMASI","ALESSANDRO",2605
"LUCCA","ALTOPASCIO","GIANI","EUGENIO",1951
"LUCCA","ALTOPASCIO","MORO BUNDU","ANTONELLA",136
"LUCCA","BAGNI DI LUCCA","TOMASI","ALESSANDRO",992
"LUCCA","BAGNI DI LUCCA","GIANI","EUGENIO",866
"LUCCA","BAGNI DI LUCCA","MORO BUNDU","ANTONELLA",78
"LUCCA","BARGA","GIANI","EUGENIO",2457
"LUCCA","BARGA","TOMASI","ALESSANDRO",1595
"LUCCA","BARGA","MORO BUNDU","ANTONELLA",147
"LUCCA","BORGO A MOZZANO","TOMASI","ALESSANDRO",1254
"LUCCA","BORGO A MOZZANO","GIANI","EUGENIO",1151
"LUCCA","BORGO A MOZZANO","MORO BUNDU","ANTONELLA",147
"LUCCA","CAMAIORE","GIANI","EUGENIO",5709
"LUCCA","CAMAIORE","TOMASI","ALESSANDRO",5407
"LUCCA","CAMAIORE","MORO BUNDU","ANTONELLA",425
"LUCCA","CAMPORGIANO","GIANI","EUGENIO",623
"LUCCA","CAMPORGIANO","TOMASI","ALESSANDRO",354
"LUCCA","CAMPORGIANO","MORO BUNDU","ANTONELLA",23
"LUCCA","CAPANNORI","TOMASI","ALESSANDRO",8047
"LUCCA","CAPANNORI","GIANI","EUGENIO",7210
"LUCCA","CAPANNORI","MORO BUNDU","ANTONELLA",841
"LUCCA","CAREGGINE","GIANI","EUGENIO",211
"LUCCA","CAREGGINE","TOMASI","ALESSANDRO",87
"LUCCA","CAREGGINE","MORO BUNDU","ANTONELLA",5
"LUCCA","CASTELNUOVO DI GARFAGNANA","GIANI","EUGENIO",1605
"LUCCA","CASTELNUOVO DI GARFAGNANA","TOMASI","ALESSANDRO",952
"LUCCA","CASTELNUOVO DI GARFAGNANA","MORO BUNDU","ANTONELLA",70
"LUCCA","CASTIGLIONE DI GARFAGNANA","TOMASI","ALESSANDRO",512
"LUCCA","CASTIGLIONE DI GARFAGNANA","GIANI","EUGENIO",380
"LUCCA","CASTIGLIONE DI GARFAGNANA","MORO BUNDU","ANTONELLA",19
"LUCCA","COREGLIA ANTELMINELLI","GIANI","EUGENIO",1003
"LUCCA","COREGLIA ANTELMINELLI","TOMASI","ALESSANDRO",947
"LUCCA","COREGLIA ANTELMINELLI","MORO BUNDU","ANTONELLA",59
"LUCCA","FABBRICHE DI VERGEMOLI","TOMASI","ALESSANDRO",212
"LUCCA","FABBRICHE DI VERGEMOLI","GIANI","EUGENIO",126
"LUCCA","FABBRICHE DI VERGEMOLI","MORO BUNDU","ANTONELLA",12
"LUCCA","FORTE DEI MARMI","TOMASI","ALESSANDRO",1344
"LUCCA","FORTE DEI MARMI","GIANI","EUGENIO",1006
"LUCCA","FORTE DEI MARMI","MORO BUNDU","ANTONELLA",77
"LUCCA","FOSCIANDORA","GIANI","EUGENIO",159
"LUCCA","FOSCIANDORA","TOMASI","ALESSANDRO",100
"LUCCA","FOSCIANDORA","MORO BUNDU","ANTONELLA",15
"LUCCA","GALLICANO","GIANI","EUGENIO",834
"LUCCA","GALLICANO","TOMASI","ALESSANDRO",630
"LUCCA","GALLICANO","MORO BUNDU","ANTONELLA",41
"LUCCA","LUCCA","GIANI","EUGENIO",16160
"LUCCA","LUCCA","TOMASI","ALESSANDRO",14514
"LUCCA","LUCCA","MORO BUNDU","ANTONELLA",1659
"LUCCA","MASSAROSA","TOMASI","ALESSANDRO",3946
"LUCCA","MASSAROSA","GIANI","EUGENIO",3615
"LUCCA","MASSAROSA","MORO BUNDU","ANTONELLA",347
"LUCCA","MINUCCIANO","GIANI","EUGENIO",419
"LUCCA","MINUCCIANO","TOMASI","ALESSANDRO",314
"LUCCA","MINUCCIANO","MORO BUNDU","ANTONELLA",18
"LUCCA","MOLAZZANA","GIANI","EUGENIO",290
"LUCCA","MOLAZZANA","TOMASI","ALESSANDRO",179
"LUCCA","MOLAZZANA","MORO BUNDU","ANTONELLA",14
"LUCCA","MONTECARLO","TOMASI","ALESSANDRO",1031
"LUCCA","MONTECARLO","GIANI","EUGENIO",645
"LUCCA","MONTECARLO","MORO BUNDU","ANTONELLA",72
"LUCCA","PESCAGLIA","TOMASI","ALESSANDRO",612
"LUCCA","PESCAGLIA","GIANI","EUGENIO",485
"LUCCA","PESCAGLIA","MORO BUNDU","ANTONELLA",53
"LUCCA","PIAZZA AL SERCHIO","GIANI","EUGENIO",596
"LUCCA","PIAZZA AL SERCHIO","TOMASI","ALESSANDRO",364
"LUCCA","PIAZZA AL SERCHIO","MORO BUNDU","ANTONELLA",38
"LUCCA","PIETRASANTA","TOMASI","ALESSANDRO",4071
"LUCCA","PIETRASANTA","GIANI","EUGENIO",3896
"LUCCA","PIETRASANTA","MORO BUNDU","ANTONELLA",467
"LUCCA","PIEVE FOSCIANA","GIANI","EUGENIO",628
"LUCCA","PIEVE FOSCIANA","TOMASI","ALESSANDRO",444
"LUCCA","PIEVE FOSCIANA","MORO BUNDU","ANTONELLA",33
"LUCCA","PORCARI","TOMASI","ALESSANDRO",1586
"LUCCA","PORCARI","GIANI","EUGENIO",1197
"LUCCA","PORCARI","MORO BUNDU","ANTONELLA",113
"LUCCA","SAN ROMANO IN GARFAGNANA","GIANI","EUGENIO",429
"LUCCA","SAN ROMANO IN GARFAGNANA","TOMASI","ALESSANDRO",236
"LUCCA","SAN ROMANO IN GARFAGNANA","MORO BUNDU","ANTONELLA",9
"LUCCA","SERAVEZZA","GIANI","EUGENIO",2543
"LUCCA","SERAVEZZA","TOMASI","ALESSANDRO",1636
"LUCCA","SERAVEZZA","MORO BUNDU","ANTONELLA",273
"LUCCA","SILLANO GIUNCUGNANO","TOMASI","ALESSANDRO",212
"LUCCA","SILLANO GIUNCUGNANO","GIANI","EUGENIO",205
"LUCCA","SILLANO GIUNCUGNANO","MORO BUNDU","ANTONELLA",10
"LUCCA","STAZZEMA","GIANI","EUGENIO",575
"LUCCA","STAZZEMA","TOMASI","ALESSANDRO",355
"LUCCA","STAZZEMA","MORO BUNDU","ANTONELLA",52
"LUCCA","VAGLI SOTTO","GIANI","EUGENIO",177
"LUCCA","VAGLI SOTTO","TOMASI","ALESSANDRO",144
"LUCCA","VAGLI SOTTO","MORO BUNDU","ANTONELLA",9
"LUCCA","VIAREGGIO","GIANI","EUGENIO",11506
"LUCCA","VIAREGGIO","TOMASI","ALESSANDRO",8759
"LUCCA","VIAREGGIO","MORO BUNDU","ANTONELLA",1050
"LUCCA","VILLA BASILICA","TOMASI","ALESSANDRO",332
"LUCCA","VILLA BASILICA","GIANI","EUGENIO",259
"LUCCA","VILLA BASILICA","MORO BUNDU","ANTONELLA",11
"LUCCA","VILLA COLLEMANDINA","GIANI","EUGENIO",253
"LUCCA","VILLA COLLEMANDINA","TOMASI","ALESSANDRO",219
"LUCCA","VILLA COLLEMANDINA","MORO BUNDU","ANTONELLA",10
"MASSA-CARRARA","AULLA","TOMASI","ALESSANDRO",1935
"MASSA-CARRARA","AULLA","GIANI","EUGENIO",1502
"MASSA-CARRARA","AULLA","MORO BUNDU","ANTONELLA",131
"MASSA-CARRARA","BAGNONE","TOMASI","ALESSANDRO",418
"MASSA-CARRARA","BAGNONE","GIANI","EUGENIO",253
"MASSA-CARRARA","BAGNONE","MORO BUNDU","ANTONELLA",21
"MASSA-CARRARA","CARRARA","TOMASI","ALESSANDRO",9163
"MASSA-CARRARA","CARRARA","GIANI","EUGENIO",9061
"MASSA-CARRARA","CARRARA","MORO BUNDU","ANTONELLA",1094
"MASSA-CARRARA","CASOLA IN LUNIGIANA","TOMASI","ALESSANDRO",226
"MASSA-CARRARA","CASOLA IN LUNIGIANA","GIANI","EUGENIO",160
"MASSA-CARRARA","CASOLA IN LUNIGIANA","MORO BUNDU","ANTONELLA",17
"MASSA-CARRARA","COMANO","TOMASI","ALESSANDRO",152
"MASSA-CARRARA","COMANO","GIANI","EUGENIO",125
"MASSA-CARRARA","COMANO","MORO BUNDU","ANTONELLA",4
"MASSA-CARRARA","FILATTIERA","TOMASI","ALESSANDRO",686
"MASSA-CARRARA","FILATTIERA","GIANI","EUGENIO",315
"MASSA-CARRARA","FILATTIERA","MORO BUNDU","ANTONELLA",25
"MASSA-CARRARA","FIVIZZANO","GIANI","EUGENIO",1541
"MASSA-CARRARA","FIVIZZANO","TOMASI","ALESSANDRO",1517
"MASSA-CARRARA","FIVIZZANO","MORO BUNDU","ANTONELLA",76
"MASSA-CARRARA","FOSDINOVO","GIANI","EUGENIO",834
"MASSA-CARRARA","FOSDINOVO","TOMASI","ALESSANDRO",549
"MASSA-CARRARA","FOSDINOVO","MORO BUNDU","ANTONELLA",83
"MASSA-CARRARA","LICCIANA NARDI","TOMASI","ALESSANDRO",1153
"MASSA-CARRARA","LICCIANA NARDI","GIANI","EUGENIO",631
"MASSA-CARRARA","LICCIANA NARDI","MORO BUNDU","ANTONELLA",39
"MASSA-CARRARA","MASSA","GIANI","EUGENIO",12501
"MASSA-CARRARA","MASSA","TOMASI","ALESSANDRO",9649
"MASSA-CARRARA","MASSA","MORO BUNDU","ANTONELLA",1310
"MASSA-CARRARA","MONTIGNOSO","GIANI","EUGENIO",2202
"MASSA-CARRARA","MONTIGNOSO","TOMASI","ALESSANDRO",1254
"MASSA-CARRARA","MONTIGNOSO","MORO BUNDU","ANTONELLA",309
"MASSA-CARRARA","MULAZZO","TOMASI","ALESSANDRO",671
"MASSA-CARRARA","MULAZZO","GIANI","EUGENIO",289
"MASSA-CARRARA","MULAZZO","MORO BUNDU","ANTONELLA",37
"MASSA-CARRARA","PODENZANA","GIANI","EUGENIO",379
"MASSA-CARRARA","PODENZANA","TOMASI","ALESSANDRO",341
"MASSA-CARRARA","PODENZANA","MORO BUNDU","ANTONELLA",25
"MASSA-CARRARA","PONTREMOLI","TOMASI","ALESSANDRO",2501
"MASSA-CARRARA","PONTREMOLI","GIANI","EUGENIO",861
"MASSA-CARRARA","PONTREMOLI","MORO BUNDU","ANTONELLA",89
"MASSA-CARRARA","TRESANA","TOMASI","ALESSANDRO",523
"MASSA-CARRARA","TRESANA","GIANI","EUGENIO",270
"MASSA-CARRARA","TRESANA","MORO BUNDU","ANTONELLA",19
"MASSA-CARRARA","VILLAFRANCA IN LUNIGIANA","TOMASI","ALESSANDRO",1346
"MASSA-CARRARA","VILLAFRANCA IN LUNIGIANA","GIANI","EUGENIO",565
"MASSA-CARRARA","VILLAFRANCA IN LUNIGIANA","MORO BUNDU","ANTONELLA",48
"MASSA-CARRARA","ZERI","GIANI","EUGENIO",230
"MASSA-CARRARA","ZERI","TOMASI","ALESSANDRO",158
"MASSA-CARRARA","ZERI","MORO BUNDU","ANTONELLA",9
"PISA","BIENTINA","GIANI","EUGENIO",1637
"PISA","BIENTINA","TOMASI","ALESSANDRO",1530
"PISA","BIENTINA","MORO BUNDU","ANTONELLA",143
"PISA","BUTI","GIANI","EUGENIO",1350
"PISA","BUTI","TOMASI","ALESSANDRO",879
"PISA","BUTI","MORO BUNDU","ANTONELLA",95
"PISA","CALCI","GIANI","EUGENIO",2030
"PISA","CALCI","TOMASI","ALESSANDRO",857
"PISA","CALCI","MORO BUNDU","ANTONELLA",191
"PISA","CALCINAIA","GIANI","EUGENIO",2727
"PISA","CALCINAIA","TOMASI","ALESSANDRO",2048
"PISA","CALCINAIA","MORO BUNDU","ANTONELLA",130
"PISA","CAPANNOLI","GIANI","EUGENIO",1457
"PISA","CAPANNOLI","TOMASI","ALESSANDRO",1122
"PISA","CAPANNOLI","MORO BUNDU","ANTONELLA",78
"PISA","CASALE MARITTIMO","GIANI","EUGENIO",206
"PISA","CASALE MARITTIMO","TOMASI","ALESSANDRO",199
"PISA","CASALE MARITTIMO","MORO BUNDU","ANTONELLA",13
"PISA","CASCIANA TERME LARI","GIANI","EUGENIO",2418
"PISA","CASCIANA TERME LARI","TOMASI","ALESSANDRO",2064
"PISA","CASCIANA TERME LARI","MORO BUNDU","ANTONELLA",282
"PISA","CASCINA","GIANI","EUGENIO",10328
"PISA","CASCINA","TOMASI","ALESSANDRO",6858
"PISA","CASCINA","MORO BUNDU","ANTONELLA",740
"PISA","CASTELFRANCO DI SOTTO","TOMASI","ALESSANDRO",2203
"PISA","CASTELFRANCO DI SOTTO","GIANI","EUGENIO",2177
"PISA","CASTELFRANCO DI SOTTO","MORO BUNDU","ANTONELLA",133
"PISA","CASTELLINA MARITTIMA","GIANI","EUGENIO",387
"PISA","CASTELLINA MARITTIMA","TOMASI","ALESSANDRO",250
"PISA","CASTELLINA MARITTIMA","MORO BUNDU","ANTONELLA",50
"PISA","CASTELNUOVO DI VAL DI CECINA","GIANI","EUGENIO",443
"PISA","CASTELNUOVO DI VAL DI CECINA","TOMASI","ALESSANDRO",361
"PISA","CASTELNUOVO DI VAL DI CECINA","MORO BUNDU","ANTONELLA",51
"PISA","CHIANNI","TOMASI","ALESSANDRO",244
"PISA","CHIANNI","GIANI","EUGENIO",228
"PISA","CHIANNI","MORO BUNDU","ANTONELLA",45
"PISA","CRESPINA LORENZANA","GIANI","EUGENIO",1118
"PISA","CRESPINA LORENZANA","TOMASI","ALESSANDRO",773
"PISA","CRESPINA LORENZANA","MORO BUNDU","ANTONELLA",108
"PISA","FAUGLIA","GIANI","EUGENIO",756
"PISA","FAUGLIA","TOMASI","ALESSANDRO",498
"PISA","FAUGLIA","MORO BUNDU","ANTONELLA",90
"PISA","GUARDISTALLO","GIANI","EUGENIO",333
"PISA","GUARDISTALLO","TOMASI","ALESSANDRO",151
"PISA","GUARDISTALLO","MORO BUNDU","ANTONELLA",25
"PISA","LAJATICO","GIANI","EUGENIO",334
"PISA","LAJATICO","TOMASI","ALESSANDRO",206
"PISA","LAJATICO","MORO BUNDU","ANTONELLA",19
"PISA","MONTECATINI VAL DI CECINA","TOMASI","ALESSANDRO",304
"PISA","MONTECATINI VAL DI CECINA","GIANI","EUGENIO",299
"PISA","MONTECATINI VAL DI CECINA","MORO BUNDU","ANTONELLA",29
"PISA","MONTESCUDAIO","GIANI","EUGENIO",487
"PISA","MONTESCUDAIO","TOMASI","ALESSANDRO",267
"PISA","MONTESCUDAIO","MORO BUNDU","ANTONELLA",37
"PISA","MONTEVERDI MARITTIMO","TOMASI","ALESSANDRO",180
"PISA","MONTEVERDI MARITTIMO","GIANI","EUGENIO",108
"PISA","MONTEVERDI MARITTIMO","MORO BUNDU","ANTONELLA",10
"PISA","MONTOPOLI IN VAL D'ARNO","TOMASI","ALESSANDRO",2070
"PISA","MONTOPOLI IN VAL D'ARNO","GIANI","EUGENIO",2032
"PISA","MONTOPOLI IN VAL D'ARNO","MORO BUNDU","ANTONELLA",171
"PISA","ORCIANO PISANO","TOMASI","ALESSANDRO",121
"PISA","ORCIANO PISANO","GIANI","EUGENIO",110
"PISA","ORCIANO PISANO","MORO BUNDU","ANTONELLA",13
"PISA","PALAIA","GIANI","EUGENIO",1075
"PISA","PALAIA","TOMASI","ALESSANDRO",861
"PISA","PALAIA","MORO BUNDU","ANTONELLA",118
"PISA","PECCIOLI","GIANI","EUGENIO",1154
"PISA","PECCIOLI","TOMASI","ALESSANDRO",827
"PISA","PECCIOLI","MORO BUNDU","ANTONELLA",78
"PISA","PISA","GIANI","EUGENIO",21161
"PISA","PISA","TOMASI","ALESSANDRO",13190
"PISA","PISA","MORO BUNDU","ANTONELLA",2356
"PISA","POMARANCE","GIANI","EUGENIO",1500
"PISA","POMARANCE","TOMASI","ALESSANDRO",847
"PISA","POMARANCE","MORO BUNDU","ANTONELLA",86
"PISA","PONSACCO","GIANI","EUGENIO",2671
"PISA","PONSACCO","TOMASI","ALESSANDRO",2612
"PISA","PONSACCO","MORO BUNDU","ANTONELLA",175
"PISA","PONTEDERA","GIANI","EUGENIO",5815
"PISA","PONTEDERA","TOMASI","ALESSANDRO",4772
"PISA","PONTEDERA","MORO BUNDU","ANTONELLA",509
"PISA","RIPARBELLA","GIANI","EUGENIO",286
"PISA","RIPARBELLA","TOMASI","ALESSANDRO",172
"PISA","RIPARBELLA","MORO BUNDU","ANTONELLA",29
"PISA","SAN GIULIANO TERME","GIANI","EUGENIO",7958
"PISA","SAN GIULIANO TERME","TOMASI","ALESSANDRO",4597
"PISA","SAN GIULIANO TERME","MORO BUNDU","ANTONELLA",824
"PISA","SAN MINIATO","GIANI","EUGENIO",6025
"PISA","SAN MINIATO","TOMASI","ALESSANDRO",4443
"PISA","SAN MINIATO","MORO BUNDU","ANTONELLA",716
"PISA","SANTA CROCE SULL'ARNO","TOMASI","ALESSANDRO",2448
"PISA","SANTA CROCE SULL'ARNO","GIANI","EUGENIO",2006
"PISA","SANTA CROCE SULL'ARNO","MORO BUNDU","ANTONELLA",109
"PISA","SANTA LUCE","GIANI","EUGENIO",412
"PISA","SANTA LUCE","TOMASI","ALESSANDRO",239
"PISA","SANTA LUCE","MORO BUNDU","ANTONELLA",44
"PISA","SANTA MARIA A MONTE","TOMASI","ALESSANDRO",2327
"PISA","SANTA MARIA A MONTE","GIANI","EUGENIO",2090
"PISA","SANTA MARIA A MONTE","MORO BUNDU","ANTONELLA",139
"PISA","TERRICCIOLA","GIANI","EUGENIO",905
"PISA","TERRICCIOLA","TOMASI","ALESSANDRO",855
"PISA","TERRICCIOLA","MORO BUNDU","ANTONELLA",53
"PISA","VECCHIANO","GIANI","EUGENIO",2760
"PISA","VECCHIANO","TOMASI","ALESSANDRO",1940
"PISA","VECCHIANO","MORO BUNDU","ANTONELLA",234
"PISA","VICOPISANO","GIANI","EUGENIO",2060
"PISA","VICOPISANO","TOMASI","ALESSANDRO",1341
"PISA","VICOPISANO","MORO BUNDU","ANTONELLA",168
"PISA","VOLTERRA","GIANI","EUGENIO",2064
"PISA","VOLTERRA","TOMASI","ALESSANDRO",1860
"PISA","VOLTERRA","MORO BUNDU","ANTONELLA",330
"PISTOIA","ABETONE CUTIGLIANO","TOMASI","ALESSANDRO",484
"PISTOIA","ABETONE CUTIGLIANO","GIANI","EUGENIO",327
"PISTOIA","ABETONE CUTIGLIANO","MORO BUNDU","ANTONELLA",19
"PISTOIA","AGLIANA","TOMASI","ALESSANDRO",3472
"PISTOIA","AGLIANA","GIANI","EUGENIO",3258
"PISTOIA","AGLIANA","MORO BUNDU","ANTONELLA",173
"PISTOIA","BUGGIANO","GIANI","EUGENIO",1666
"PISTOIA","BUGGIANO","TOMASI","ALESSANDRO",1642
"PISTOIA","BUGGIANO","MORO BUNDU","ANTONELLA",133
"PISTOIA","CHIESINA UZZANESE","TOMASI","ALESSANDRO",1084
"PISTOIA","CHIESINA UZZANESE","GIANI","EUGENIO",632
"PISTOIA","CHIESINA UZZANESE","MORO BUNDU","ANTONELLA",35
"PISTOIA","LAMPORECCHIO","GIANI","EUGENIO",1619
"PISTOIA","LAMPORECCHIO","TOMASI","ALESSANDRO",1108
"PISTOIA","LAMPORECCHIO","MORO BUNDU","ANTONELLA",141
"PISTOIA","LARCIANO","GIANI","EUGENIO",1581
"PISTOIA","LARCIANO","TOMASI","ALESSANDRO",921
"PISTOIA","LARCIANO","MORO BUNDU","ANTONELLA",71
"PISTOIA","MARLIANA","TOMASI","ALESSANDRO",748
"PISTOIA","MARLIANA","GIANI","EUGENIO",524
"PISTOIA","MARLIANA","MORO BUNDU","ANTONELLA",42
"PISTOIA","MASSA E COZZILE","TOMASI","ALESSANDRO",1511
"PISTOIA","MASSA E COZZILE","GIANI","EUGENIO",1445
"PISTOIA","MASSA E COZZILE","MORO BUNDU","ANTONELLA",84
"PISTOIA","MONSUMMANO TERME","TOMASI","ALESSANDRO",3533
"PISTOIA","MONSUMMANO TERME","GIANI","EUGENIO",3378
"PISTOIA","MONSUMMANO TERME","MORO BUNDU","ANTONELLA",146
"PISTOIA","MONTALE","TOMASI","ALESSANDRO",2152
"PISTOIA","MONTALE","GIANI","EUGENIO",2097
"PISTOIA","MONTALE","MORO BUNDU","ANTONELLA",163
"PISTOIA","MONTECATINI-TERME","TOMASI","ALESSANDRO",3914
"PISTOIA","MONTECATINI-TERME","GIANI","EUGENIO",2590
"PISTOIA","MONTECATINI-TERME","MORO BUNDU","ANTONELLA",178
"PISTOIA","PESCIA","TOMASI","ALESSANDRO",3592
"PISTOIA","PESCIA","GIANI","EUGENIO",2836
"PISTOIA","PESCIA","MORO BUNDU","ANTONELLA",307
"PISTOIA","PIEVE A NIEVOLE","GIANI","EUGENIO",1685
"PISTOIA","PIEVE A NIEVOLE","TOMASI","ALESSANDRO",1624
"PISTOIA","PIEVE A NIEVOLE","MORO BUNDU","ANTONELLA",89
"PISTOIA","PISTOIA","GIANI","EUGENIO",19593
"PISTOIA","PISTOIA","TOMASI","ALESSANDRO",18921
"PISTOIA","PISTOIA","MORO BUNDU","ANTONELLA",1367
"PISTOIA","PONTE BUGGIANESE","GIANI","EUGENIO",1721
"PISTOIA","PONTE BUGGIANESE","TOMASI","ALESSANDRO",1664
"PISTOIA","PONTE BUGGIANESE","MORO BUNDU","ANTONELLA",71
"PISTOIA","QUARRATA","TOMASI","ALESSANDRO",5319
"PISTOIA","QUARRATA","GIANI","EUGENIO",4307
"PISTOIA","QUARRATA","MORO BUNDU","ANTONELLA",291
"PISTOIA","SAMBUCA PISTOIESE","TOMASI","ALESSANDRO",258
"PISTOIA","SAMBUCA PISTOIESE","GIANI","EUGENIO",177
"PISTOIA","SAMBUCA PISTOIESE","MORO BUNDU","ANTONELLA",29
"PISTOIA","SAN MARCELLO PITEGLIO","TOMASI","ALESSANDRO",1755
"PISTOIA","SAN MARCELLO PITEGLIO","GIANI","EUGENIO",1527
"PISTOIA","SAN MARCELLO PITEGLIO","MORO BUNDU","ANTONELLA",132
"PISTOIA","SERRAVALLE PISTOIESE","TOMASI","ALESSANDRO",2648
"PISTOIA","SERRAVALLE PISTOIESE","GIANI","EUGENIO",2247
"PISTOIA","SERRAVALLE PISTOIESE","MORO BUNDU","ANTONELLA",143
"PISTOIA","UZZANO","TOMASI","ALESSANDRO",1012
"PISTOIA","UZZANO","GIANI","EUGENIO",986
"PISTOIA","UZZANO","MORO BUNDU","ANTONELLA",104
"SIENA","ABBADIA SAN SALVATORE","GIANI","EUGENIO",1360
"SIENA","ABBADIA SAN SALVATORE","TOMASI","ALESSANDRO",866
"SIENA","ABBADIA SAN SALVATORE","MORO BUNDU","ANTONELLA",136
"SIENA","ASCIANO","GIANI","EUGENIO",1483
"SIENA","ASCIANO","TOMASI","ALESSANDRO",914
"SIENA","ASCIANO","MORO BUNDU","ANTONELLA",81
"SIENA","BUONCONVENTO","GIANI","EUGENIO",599
"SIENA","BUONCONVENTO","TOMASI","ALESSANDRO",466
"SIENA","BUONCONVENTO","MORO BUNDU","ANTONELLA",38
"SIENA","CASOLE D'ELSA","GIANI","EUGENIO",702
"SIENA","CASOLE D'ELSA","TOMASI","ALESSANDRO",701
"SIENA","CASOLE D'ELSA","MORO BUNDU","ANTONELLA",97
"SIENA","CASTELLINA IN CHIANTI","GIANI","EUGENIO",589
"SIENA","CASTELLINA IN CHIANTI","TOMASI","ALESSANDRO",338
"SIENA","CASTELLINA IN CHIANTI","MORO BUNDU","ANTONELLA",37
"SIENA","CASTELNUOVO BERARDENGA","GIANI","EUGENIO",2057
"SIENA","CASTELNUOVO BERARDENGA","TOMASI","ALESSANDRO",1141
"SIENA","CASTELNUOVO BERARDENGA","MORO BUNDU","ANTONELLA",161
"SIENA","CASTIGLIONE D'ORCIA","GIANI","EUGENIO",518
"SIENA","CASTIGLIONE D'ORCIA","TOMASI","ALESSANDRO",259
"SIENA","CASTIGLIONE D'ORCIA","MORO BUNDU","ANTONELLA",24
"SIENA","CETONA","GIANI","EUGENIO",554
"SIENA","CETONA","TOMASI","ALESSANDRO",341
"SIENA","CETONA","MORO BUNDU","ANTONELLA",26
"SIENA","CHIANCIANO TERME","GIANI","EUGENIO",1230
"SIENA","CHIANCIANO TERME","TOMASI","ALESSANDRO",980
"SIENA","CHIANCIANO TERME","MORO BUNDU","ANTONELLA",46
"SIENA","CHIUSDINO","GIANI","EUGENIO",408
"SIENA","CHIUSDINO","TOMASI","ALESSANDRO",181
"SIENA","CHIUSDINO","MORO BUNDU","ANTONELLA",23
"SIENA","CHIUSI","GIANI","EUGENIO",1801
"SIENA","CHIUSI","TOMASI","ALESSANDRO",947
"SIENA","CHIUSI","MORO BUNDU","ANTONELLA",96
"SIENA","COLLE DI VAL D'ELSA","GIANI","EUGENIO",4758
"SIENA","COLLE DI VAL D'ELSA","TOMASI","ALESSANDRO",2774
"SIENA","COLLE DI VAL D'ELSA","MORO BUNDU","ANTONELLA",378
"SIENA","GAIOLE IN CHIANTI","TOMASI","ALESSANDRO",424
"SIENA","GAIOLE IN CHIANTI","GIANI","EUGENIO",401
"SIENA","GAIOLE IN CHIANTI","MORO BUNDU","ANTONELLA",49
"SIENA","MONTALCINO","GIANI","EUGENIO",1132
"SIENA","MONTALCINO","TOMASI","ALESSANDRO",756
"SIENA","MONTALCINO","MORO BUNDU","ANTONELLA",40
"SIENA","MONTEPULCIANO","GIANI","EUGENIO",2769
"SIENA","MONTEPULCIANO","TOMASI","ALESSANDRO",1833
"SIENA","MONTEPULCIANO","MORO BUNDU","ANTONELLA",176
"SIENA","MONTERIGGIONI","GIANI","EUGENIO",2422
"SIENA","MONTERIGGIONI","TOMASI","ALESSANDRO",1407
"SIENA","MONTERIGGIONI","MORO BUNDU","ANTONELLA",137
"SIENA","MONTERONI D'ARBIA","GIANI","EUGENIO",2380
"SIENA","MONTERONI D'ARBIA","TOMASI","ALESSANDRO",935
"SIENA","MONTERONI D'ARBIA","MORO BUNDU","ANTONELLA",101
"SIENA","MONTICIANO","GIANI","EUGENIO",272
"SIENA","MONTICIANO","TOMASI","ALESSANDRO",170
"SIENA","MONTICIANO","MORO BUNDU","ANTONELLA",20
"SIENA","MURLO","GIANI","EUGENIO",519
"SIENA","MURLO","TOMASI","ALESSANDRO",326
"SIENA","MURLO","MORO BUNDU","ANTONELLA",28
"SIENA","PIANCASTAGNAIO","GIANI","EUGENIO",801
"SIENA","PIANCASTAGNAIO","TOMASI","ALESSANDRO",571
"SIENA","PIANCASTAGNAIO","MORO BUNDU","ANTONELLA",56
"SIENA","PIENZA","GIANI","EUGENIO",506
"SIENA","PIENZA","TOMASI","ALESSANDRO",284
"SIENA","PIENZA","MORO BUNDU","ANTONELLA",41
"SIENA","POGGIBONSI","GIANI","EUGENIO",6655
"SIENA","POGGIBONSI","TOMASI","ALESSANDRO",3672
"SIENA","POGGIBONSI","MORO BUNDU","ANTONELLA",742
"SIENA","RADDA IN CHIANTI","GIANI","EUGENIO",304
"SIENA","RADDA IN CHIANTI","TOMASI","ALESSANDRO",213
"SIENA","RADDA IN CHIANTI","MORO BUNDU","ANTONELLA",18
"SIENA","RADICOFANI","GIANI","EUGENIO",188
"SIENA","RADICOFANI","TOMASI","ALESSANDRO",184
"SIENA","RADICOFANI","MORO BUNDU","ANTONELLA",6
"SIENA","RADICONDOLI","GIANI","EUGENIO",252
"SIENA","RADICONDOLI","TOMASI","ALESSANDRO",103
"SIENA","RADICONDOLI","MORO BUNDU","ANTONELLA",21
"SIENA","RAPOLANO TERME","GIANI","EUGENIO",1156
"SIENA","RAPOLANO TERME","TOMASI","ALESSANDRO",561
"SIENA","RAPOLANO TERME","MORO BUNDU","ANTONELLA",45
"SIENA","SAN CASCIANO DEI BAGNI","GIANI","EUGENIO",382
"SIENA","SAN CASCIANO DEI BAGNI","TOMASI","ALESSANDRO",203
"SIENA","SAN CASCIANO DEI BAGNI","MORO BUNDU","ANTONELLA",15
"SIENA","SAN GIMIGNANO","GIANI","EUGENIO",1900
"SIENA","SAN GIMIGNANO","TOMASI","ALESSANDRO",923
"SIENA","SAN GIMIGNANO","MORO BUNDU","ANTONELLA",149
"SIENA","SAN QUIRICO D'ORCIA","GIANI","EUGENIO",578
"SIENA","SAN QUIRICO D'ORCIA","TOMASI","ALESSANDRO",299
"SIENA","SAN QUIRICO D'ORCIA","MORO BUNDU","ANTONELLA",27
"SIENA","SARTEANO","GIANI","EUGENIO",1006
"SIENA","SARTEANO","TOMASI","ALESSANDRO",764
"SIENA","SARTEANO","MORO BUNDU","ANTONELLA",39
"SIENA","SIENA","GIANI","EUGENIO",12175
"SIENA","SIENA","TOMASI","ALESSANDRO",8878
"SIENA","SIENA","MORO BUNDU","ANTONELLA",794
"SIENA","SINALUNGA","GIANI","EUGENIO",2494
"SIENA","SINALUNGA","TOMASI","ALESSANDRO",1558
"SIENA","SINALUNGA","MORO BUNDU","ANTONELLA",90
"SIENA","SOVICILLE","GIANI","EUGENIO",2227
"SIENA","SOVICILLE","TOMASI","ALESSANDRO",1196
"SIENA","SOVICILLE","MORO BUNDU","ANTONELLA",176
"SIENA","TORRITA DI SIENA","GIANI","EUGENIO",1722
"SIENA","TORRITA DI SIENA","TOMASI","ALESSANDRO",800
"SIENA","TORRITA DI SIENA","MORO BUNDU","ANTONELLA",47
"SIENA","TREQUANDA","GIANI","EUGENIO",322
"SIENA","TREQUANDA","TOMASI","ALESSANDRO",128
"SIENA","TREQUANDA","MORO BUNDU","ANTONELLA",15
"PRATO","CANTAGALLO","GIANI","EUGENIO",618
"PRATO","CANTAGALLO","TOMASI","ALESSANDRO",553
"PRATO","CANTAGALLO","MORO BUNDU","ANTONELLA",67
"PRATO","CARMIGNANO","TOMASI","ALESSANDRO",2858
"PRATO","CARMIGNANO","GIANI","EUGENIO",2640
"PRATO","CARMIGNANO","MORO BUNDU","ANTONELLA",233
"PRATO","MONTEMURLO","GIANI","EUGENIO",3309
"PRATO","MONTEMURLO","TOMASI","ALESSANDRO",3031
"PRATO","MONTEMURLO","MORO BUNDU","ANTONELLA",183
"PRATO","POGGIO A CAIANO","TOMASI","ALESSANDRO",1944
"PRATO","POGGIO A CAIANO","GIANI","EUGENIO",1832
"PRATO","POGGIO A CAIANO","MORO BUNDU","ANTONELLA",99
"PRATO","PRATO","GIANI","EUGENIO",33636
"PRATO","PRATO","TOMASI","ALESSANDRO",29212
"PRATO","PRATO","MORO BUNDU","ANTONELLA",2593
"PRATO","VAIANO","GIANI","EUGENIO",2126
"PRATO","VAIANO","TOMASI","ALESSANDRO",1944
"PRATO","VAIANO","MORO BUNDU","ANTONELLA",200
"PRATO","VERNIO","GIANI","EUGENIO",1112
"PRATO","VERNIO","TOMASI","ALESSANDRO",1044
"PRATO","VERNIO","MORO BUNDU","ANTONELLA",86
"FIRENZE","FIRENZE","GIANI","EUGENIO",84410
"FIRENZE","FIRENZE","TOMASI","ALESSANDRO",52975
"FIRENZE","FIRENZE","MORO BUNDU","ANTONELLA",13041
"FIRENZE","BAGNO A RIPOLI","GIANI","EUGENIO",7139
"FIRENZE","BAGNO A RIPOLI","TOMASI","ALESSANDRO",3432
"FIRENZE","BAGNO A RIPOLI","MORO BUNDU","ANTONELLA",874
"FIRENZE","BARBERINO DI MUGELLO","GIANI","EUGENIO",2412
"FIRENZE","BARBERINO DI MUGELLO","TOMASI","ALESSANDRO",1302
"FIRENZE","BARBERINO DI MUGELLO","MORO BUNDU","ANTONELLA",301
"FIRENZE","BARBERINO TAVARNELLE","GIANI","EUGENIO",2739
"FIRENZE","BARBERINO TAVARNELLE","TOMASI","ALESSANDRO",1902
"FIRENZE","BARBERINO TAVARNELLE","MORO BUNDU","ANTONELLA",276
"FIRENZE","BORGO SAN LORENZO","GIANI","EUGENIO",4186
"FIRENZE","BORGO SAN LORENZO","TOMASI","ALESSANDRO",2249
"FIRENZE","BORGO SAN LORENZO","MORO BUNDU","ANTONELLA",572
"FIRENZE","DICOMANO","GIANI","EUGENIO",1171
"FIRENZE","DICOMANO","TOMASI","ALESSANDRO",706
"FIRENZE","DICOMANO","MORO BUNDU","ANTONELLA",139
"FIRENZE","FIESOLE","GIANI","EUGENIO",3711
"FIRENZE","FIESOLE","TOMASI","ALESSANDRO",1905
"FIRENZE","FIESOLE","MORO BUNDU","ANTONELLA",470
"FIRENZE","FIGLINE E INCISA VALDARNO","GIANI","EUGENIO",4756
"FIRENZE","FIGLINE E INCISA VALDARNO","TOMASI","ALESSANDRO",3564
"FIRENZE","FIGLINE E INCISA VALDARNO","MORO BUNDU","ANTONELLA",505
"FIRENZE","FIRENZUOLA","GIANI","EUGENIO",856
"FIRENZE","FIRENZUOLA","TOMASI","ALESSANDRO",805
"FIRENZE","FIRENZUOLA","MORO BUNDU","ANTONELLA",65
"FIRENZE","GREVE IN CHIANTI","GIANI","EUGENIO",3233
"FIRENZE","GREVE IN CHIANTI","TOMASI","ALESSANDRO",1691
"FIRENZE","GREVE IN CHIANTI","MORO BUNDU","ANTONELLA",318
"FIRENZE","IMPRUNETA","GIANI","EUGENIO",3820
"FIRENZE","IMPRUNETA","TOMASI","ALESSANDRO",2058
"FIRENZE","IMPRUNETA","MORO BUNDU","ANTONELLA",405
"FIRENZE","LONDA","GIANI","EUGENIO",379
"FIRENZE","LONDA","TOMASI","ALESSANDRO",286
"FIRENZE","LONDA","MORO BUNDU","ANTONELLA",73
"FIRENZE","MARRADI","GIANI","EUGENIO",775
"FIRENZE","MARRADI","TOMASI","ALESSANDRO",385
"FIRENZE","MARRADI","MORO BUNDU","ANTONELLA",24
"FIRENZE","PALAZZUOLO SUL SENIO","GIANI","EUGENIO",243
"FIRENZE","PALAZZUOLO SUL SENIO","TOMASI","ALESSANDRO",152
"FIRENZE","PALAZZUOLO SUL SENIO","MORO BUNDU","ANTONELLA",28
"FIRENZE","PELAGO","GIANI","EUGENIO",2098
"FIRENZE","PELAGO","TOMASI","ALESSANDRO",1102
"FIRENZE","PELAGO","MORO BUNDU","ANTONELLA",225
"FIRENZE","PONTASSIEVE","GIANI","EUGENIO",5769
"FIRENZE","PONTASSIEVE","TOMASI","ALESSANDRO",2535
"FIRENZE","PONTASSIEVE","MORO BUNDU","ANTONELLA",587
"FIRENZE","REGGELLO","GIANI","EUGENIO",4395
"FIRENZE","REGGELLO","TOMASI","ALESSANDRO",2463
"FIRENZE","REGGELLO","MORO BUNDU","ANTONELLA",316
"FIRENZE","RIGNANO SULL'ARNO","GIANI","EUGENIO",2267
"FIRENZE","RIGNANO SULL'ARNO","TOMASI","ALESSANDRO",1094
"FIRENZE","RIGNANO SULL'ARNO","MORO BUNDU","ANTONELLA",230
"FIRENZE","RUFINA","GIANI","EUGENIO",1816
"FIRENZE","RUFINA","TOMASI","ALESSANDRO",993
"FIRENZE","RUFINA","MORO BUNDU","ANTONELLA",190
"FIRENZE","SAN CASCIANO IN VAL DI PESA","GIANI","EUGENIO",4335
"FIRENZE","SAN CASCIANO IN VAL DI PESA","TOMASI","ALESSANDRO",2365
"FIRENZE","SAN CASCIANO IN VAL DI PESA","MORO BUNDU","ANTONELLA",565
"FIRENZE","SAN GODENZO","GIANI","EUGENIO",243
"FIRENZE","SAN GODENZO","TOMASI","ALESSANDRO",203
"FIRENZE","SAN GODENZO","MORO BUNDU","ANTONELLA",37
"FIRENZE","SCARPERIA E SAN PIERO","GIANI","EUGENIO",2986
"FIRENZE","SCARPERIA E SAN PIERO","TOMASI","ALESSANDRO",1367
"FIRENZE","SCARPERIA E SAN PIERO","MORO BUNDU","ANTONELLA",409
"FIRENZE","VAGLIA","GIANI","EUGENIO",1363
"FIRENZE","VAGLIA","TOMASI","ALESSANDRO",796
"FIRENZE","VAGLIA","MORO BUNDU","ANTONELLA",233
"FIRENZE","VICCHIO","GIANI","EUGENIO",1795
"FIRENZE","VICCHIO","TOMASI","ALESSANDRO",898
"FIRENZE","VICCHIO","MORO BUNDU","ANTONELLA",294
"FIRENZE","CAPRAIA E LIMITE","GIANI","EUGENIO",1953
"FIRENZE","CAPRAIA E LIMITE","TOMASI","ALESSANDRO",1105
"FIRENZE","CAPRAIA E LIMITE","MORO BUNDU","ANTONELLA",198
"FIRENZE","CASTELFIORENTINO","GIANI","EUGENIO",3580
"FIRENZE","CASTELFIORENTINO","TOMASI","ALESSANDRO",2176
"FIRENZE","CASTELFIORENTINO","MORO BUNDU","ANTONELLA",269
"FIRENZE","CERRETO GUIDI","GIANI","EUGENIO",2304
"FIRENZE","CERRETO GUIDI","TOMASI","ALESSANDRO",1435
"FIRENZE","CERRETO GUIDI","MORO BUNDU","ANTONELLA",211
"FIRENZE","CERTALDO","GIANI","EUGENIO",3862
"FIRENZE","CERTALDO","TOMASI","ALESSANDRO",1892
"FIRENZE","CERTALDO","MORO BUNDU","ANTONELLA",218
"FIRENZE","EMPOLI","GIANI","EUGENIO",10713
"FIRENZE","EMPOLI","TOMASI","ALESSANDRO",5852
"FIRENZE","EMPOLI","MORO BUNDU","ANTONELLA",1448
"FIRENZE","FUCECCHIO","TOMASI","ALESSANDRO",3762
"FIRENZE","FUCECCHIO","GIANI","EUGENIO",3752
"FIRENZE","FUCECCHIO","MORO BUNDU","ANTONELLA",247
"FIRENZE","GAMBASSI TERME","GIANI","EUGENIO",1167
"FIRENZE","GAMBASSI TERME","TOMASI","ALESSANDRO",673
"FIRENZE","GAMBASSI TERME","MORO BUNDU","ANTONELLA",100
"FIRENZE","MONTAIONE","GIANI","EUGENIO",801
"FIRENZE","MONTAIONE","TOMASI","ALESSANDRO",477
"FIRENZE","MONTAIONE","MORO BUNDU","ANTONELLA",48
"FIRENZE","MONTELUPO FIORENTINO","GIANI","EUGENIO",3488
"FIRENZE","MONTELUPO FIORENTINO","TOMASI","ALESSANDRO",2244
"FIRENZE","MONTELUPO FIORENTINO","MORO BUNDU","ANTONELLA",365
"FIRENZE","MONTESPERTOLI","GIANI","EUGENIO",3116
"FIRENZE","MONTESPERTOLI","TOMASI","ALESSANDRO",2007
"FIRENZE","MONTESPERTOLI","MORO BUNDU","ANTONELLA",449
"FIRENZE","VINCI","GIANI","EUGENIO",3430
"FIRENZE","VINCI","TOMASI","ALESSANDRO",1838
"FIRENZE","VINCI","MORO BUNDU","ANTONELLA",395
"FIRENZE","CALENZANO","GIANI","EUGENIO",4677
"FIRENZE","CALENZANO","TOMASI","ALESSANDRO",2540
"FIRENZE","CALENZANO","MORO BUNDU","ANTONELLA",489
"FIRENZE","CAMPI BISENZIO","GIANI","EUGENIO",7791
"FIRENZE","CAMPI BISENZIO","TOMASI","ALESSANDRO",6224
"FIRENZE","CAMPI BISENZIO","MORO BUNDU","ANTONELLA",1002
"FIRENZE","LASTRA A SIGNA","GIANI","EUGENIO",4133
"FIRENZE","LASTRA A SIGNA","TOMASI","ALESSANDRO",2911
"FIRENZE","LASTRA A SIGNA","MORO BUNDU","ANTONELLA",416
"FIRENZE","SCANDICCI","GIANI","EUGENIO",12275
"FIRENZE","SCANDICCI","TOMASI","ALESSANDRO",6665
"FIRENZE","SCANDICCI","MORO BUNDU","ANTONELLA",1116
"FIRENZE","SESTO FIORENTINO","GIANI","EUGENIO",15147
"FIRENZE","SESTO FIORENTINO","TOMASI","ALESSANDRO",5700
"FIRENZE","SESTO FIORENTINO","MORO BUNDU","ANTONELLA",1236
"FIRENZE","SIGNA","GIANI","EUGENIO",3200
"FIRENZE","SIGNA","TOMASI","ALESSANDRO",2828
"FIRENZE","SIGNA","MORO BUNDU","ANTONELLA",370
