"Provincia","Comune","com","perc","ele_t"
"AREZZO","ANGHIARI",1,6.46,4749
"AREZZO","ANGHIARI",2,25.54,4749
"AREZZO","ANGHIARI",3,32.76,4749
"AREZZO","ANGHIARI",4,45.19,4749
"AREZZO","AREZZO",1,9.22,77229
"AREZZO","AREZZO",2,28.16,77229
"AREZZO","AREZZO",3,35.28,77229
"AREZZO","AREZZO",4,46.79,77229
"AREZZO","BADIA TEDALDA",1,9.3,796
"AREZZO","BADIA TEDALDA",2,30.4,796
"AREZZO","BADIA TEDALDA",3,36.06,796
"AREZZO","BADIA TEDALDA",4,51.51,796
"AREZZO","BIBBIENA",1,9.79,9519
"AREZZO","BIBBIENA",2,33.35,9519
"AREZZO","BIBBIENA",3,42.4,9519
"AREZZO","BIBBIENA",4,54.19,9519
"AREZZO","BUCINE",1,7.95,8025
"AREZZO","BUCINE",2,28.86,8025
"AREZZO","BUCINE",3,36.88,8025
"AREZZO","BUCINE",4,48.61,8025
"AREZZO","CAPOLONA",1,8.39,4340
"AREZZO","CAPOLONA",2,29.22,4340
"AREZZO","CAPOLONA",3,35.28,4340
"AREZZO","CAPOLONA",4,46.71,4340
"AREZZO","CAPRESE MICHELANGELO",1,4.6,1109
"AREZZO","CAPRESE MICHELANGELO",2,18.03,1109
"AREZZO","CAPRESE MICHELANGELO",3,24.35,1109
"AREZZO","CAPRESE MICHELANGELO",4,37.15,1109
"AREZZO","CASTEL FOCOGNANO",1,8.44,2417
"AREZZO","CASTEL FOCOGNANO",2,29.71,2417
"AREZZO","CASTEL FOCOGNANO",3,37.32,2417
"AREZZO","CASTEL FOCOGNANO",4,49.11,2417
"AREZZO","CASTEL SAN NICCOLO'",1,7.56,2157
"AREZZO","CASTEL SAN NICCOLO'",2,26.56,2157
"AREZZO","CASTEL SAN NICCOLO'",3,34.49,2157
"AREZZO","CASTEL SAN NICCOLO'",4,47.84,2157
"AREZZO","CASTELFRANCO PIANDISCO'",1,8.63,8055
"AREZZO","CASTELFRANCO PIANDISCO'",2,28.52,8055
"AREZZO","CASTELFRANCO PIANDISCO'",3,37.53,8055
"AREZZO","CASTELFRANCO PIANDISCO'",4,49.68,8055
"AREZZO","CASTIGLION FIBOCCHI",1,8.97,1750
"AREZZO","CASTIGLION FIBOCCHI",2,29.94,1750
"AREZZO","CASTIGLION FIBOCCHI",3,37.94,1750
"AREZZO","CASTIGLION FIBOCCHI",4,52.69,1750
"AREZZO","CASTIGLION FIORENTINO",1,7.98,10756
"AREZZO","CASTIGLION FIORENTINO",2,28.19,10756
"AREZZO","CASTIGLION FIORENTINO",3,36.04,10756
"AREZZO","CASTIGLION FIORENTINO",4,47.28,10756
"AREZZO","CAVRIGLIA",1,10.84,7918
"AREZZO","CAVRIGLIA",2,33.11,7918
"AREZZO","CAVRIGLIA",3,42.31,7918
"AREZZO","CAVRIGLIA",4,54.56,7918
"AREZZO","CHITIGNANO",1,11.87,758
"AREZZO","CHITIGNANO",2,28.36,758
"AREZZO","CHITIGNANO",3,34.04,758
"AREZZO","CHITIGNANO",4,49.21,758
"AREZZO","CHIUSI DELLA VERNA",1,10.63,1609
"AREZZO","CHIUSI DELLA VERNA",2,37.23,1609
"AREZZO","CHIUSI DELLA VERNA",3,44.31,1609
"AREZZO","CHIUSI DELLA VERNA",4,57.61,1609
"AREZZO","CIVITELLA IN VAL DI CHIANA",1,7.99,7238
"AREZZO","CIVITELLA IN VAL DI CHIANA",2,27.7,7238
"AREZZO","CIVITELLA IN VAL DI CHIANA",3,36.54,7238
"AREZZO","CIVITELLA IN VAL DI CHIANA",4,48.38,7238
"AREZZO","CORTONA",1,7.97,17448
"AREZZO","CORTONA",2,26.66,17448
"AREZZO","CORTONA",3,33.91,17448
"AREZZO","CORTONA",4,46.5,17448
"AREZZO","FOIANO DELLA CHIANA",1,6.93,7356
"AREZZO","FOIANO DELLA CHIANA",2,21.9,7356
"AREZZO","FOIANO DELLA CHIANA",3,29.62,7356
"AREZZO","FOIANO DELLA CHIANA",4,39.72,7356
"AREZZO","LATERINA PERGINE VALDARNO",1,5.93,5412
"AREZZO","LATERINA PERGINE VALDARNO",2,25.41,5412
"AREZZO","LATERINA PERGINE VALDARNO",3,31.67,5412
"AREZZO","LATERINA PERGINE VALDARNO",4,43.51,5412
"AREZZO","LORO CIUFFENNA",1,8.66,5035
"AREZZO","LORO CIUFFENNA",2,27.79,5035
"AREZZO","LORO CIUFFENNA",3,36.11,5035
"AREZZO","LORO CIUFFENNA",4,47.49,5035
"AREZZO","LUCIGNANO",1,9.98,2976
"AREZZO","LUCIGNANO",2,29.17,2976
"AREZZO","LUCIGNANO",3,39.11,2976
"AREZZO","LUCIGNANO",4,52.39,2976
"AREZZO","MARCIANO DELLA CHIANA",1,6.79,2858
"AREZZO","MARCIANO DELLA CHIANA",2,22.81,2858
"AREZZO","MARCIANO DELLA CHIANA",3,29.53,2858
"AREZZO","MARCIANO DELLA CHIANA",4,39.47,2858
"AREZZO","MONTE SAN SAVINO",1,8.11,7142
"AREZZO","MONTE SAN SAVINO",2,25.99,7142
"AREZZO","MONTE SAN SAVINO",3,34.25,7142
"AREZZO","MONTE SAN SAVINO",4,45.18,7142
"AREZZO","MONTEMIGNAIO",1,16.16,458
"AREZZO","MONTEMIGNAIO",2,32.31,458
"AREZZO","MONTEMIGNAIO",3,40.39,458
"AREZZO","MONTEMIGNAIO",4,53.49,458
"AREZZO","MONTERCHI",1,9.88,1599
"AREZZO","MONTERCHI",2,28.39,1599
"AREZZO","MONTERCHI",3,35.52,1599
"AREZZO","MONTERCHI",4,46.47,1599
"AREZZO","MONTEVARCHI",1,9.19,18385
"AREZZO","MONTEVARCHI",2,28.99,18385
"AREZZO","MONTEVARCHI",3,36.57,18385
"AREZZO","MONTEVARCHI",4,48.02,18385
"AREZZO","ORTIGNANO RAGGIOLO",1,9.97,742
"AREZZO","ORTIGNANO RAGGIOLO",2,36.12,742
"AREZZO","ORTIGNANO RAGGIOLO",3,44.07,742
"AREZZO","ORTIGNANO RAGGIOLO",4,58.76,742
"AREZZO","PIEVE SANTO STEFANO",1,6.68,2574
"AREZZO","PIEVE SANTO STEFANO",2,24.98,2574
"AREZZO","PIEVE SANTO STEFANO",3,30.5,2574
"AREZZO","PIEVE SANTO STEFANO",4,41.88,2574
"AREZZO","POPPI",1,10.03,4705
"AREZZO","POPPI",2,32.18,4705
"AREZZO","POPPI",3,40.62,4705
"AREZZO","POPPI",4,53.52,4705
"AREZZO","PRATOVECCHIO STIA",1,10.67,4490
"AREZZO","PRATOVECCHIO STIA",2,34.65,4490
"AREZZO","PRATOVECCHIO STIA",3,42.67,4490
"AREZZO","PRATOVECCHIO STIA",4,54.68,4490
"AREZZO","SAN GIOVANNI VALDARNO",1,10.16,13067
"AREZZO","SAN GIOVANNI VALDARNO",2,31.18,13067
"AREZZO","SAN GIOVANNI VALDARNO",3,39.05,13067
"AREZZO","SAN GIOVANNI VALDARNO",4,50.41,13067
"AREZZO","SANSEPOLCRO",1,8.55,12683
"AREZZO","SANSEPOLCRO",2,27.66,12683
"AREZZO","SANSEPOLCRO",3,35.48,12683
"AREZZO","SANSEPOLCRO",4,47.65,12683
"AREZZO","SESTINO",1,6.96,1035
"AREZZO","SESTINO",2,23,1035
"AREZZO","SESTINO",3,29.08,1035
"AREZZO","SESTINO",4,40.39,1035
"AREZZO","SUBBIANO",1,8.49,5182
"AREZZO","SUBBIANO",2,26.4,5182
"AREZZO","SUBBIANO",3,34.12,5182
"AREZZO","SUBBIANO",4,45.14,5182
"AREZZO","TALLA",1,8.33,948
"AREZZO","TALLA",2,24.58,948
"AREZZO","TALLA",3,29.43,948
"AREZZO","TALLA",4,43.67,948
"AREZZO","TERRANUOVA BRACCIOLINI",1,8.71,10031
"AREZZO","TERRANUOVA BRACCIOLINI",2,28.51,10031
"AREZZO","TERRANUOVA BRACCIOLINI",3,36.87,10031
"AREZZO","TERRANUOVA BRACCIOLINI",4,48.38,10031
"GROSSETO","ARCIDOSSO",1,8.44,3151
"GROSSETO","ARCIDOSSO",2,23.04,3151
"GROSSETO","ARCIDOSSO",3,28.15,3151
"GROSSETO","ARCIDOSSO",4,42.4,3151
"GROSSETO","CAMPAGNATICO",1,7.54,1871
"GROSSETO","CAMPAGNATICO",2,24.96,1871
"GROSSETO","CAMPAGNATICO",3,32.71,1871
"GROSSETO","CAMPAGNATICO",4,49.06,1871
"GROSSETO","CAPALBIO",1,8.18,2972
"GROSSETO","CAPALBIO",2,21.77,2972
"GROSSETO","CAPALBIO",3,26.48,2972
"GROSSETO","CAPALBIO",4,38.9,2972
"GROSSETO","CASTEL DEL PIANO",1,10.16,3523
"GROSSETO","CASTEL DEL PIANO",2,25.72,3523
"GROSSETO","CASTEL DEL PIANO",3,31.62,3523
"GROSSETO","CASTEL DEL PIANO",4,44.56,3523
"GROSSETO","CASTELL'AZZARA",1,10.91,1155
"GROSSETO","CASTELL'AZZARA",2,32.38,1155
"GROSSETO","CASTELL'AZZARA",3,38.87,1155
"GROSSETO","CASTELL'AZZARA",4,50.3,1155
"GROSSETO","CASTIGLIONE DELLA PESCAIA",1,9.59,6405
"GROSSETO","CASTIGLIONE DELLA PESCAIA",2,22.86,6405
"GROSSETO","CASTIGLIONE DELLA PESCAIA",3,27.34,6405
"GROSSETO","CASTIGLIONE DELLA PESCAIA",4,40.23,6405
"GROSSETO","CINIGIANO",1,8.55,1778
"GROSSETO","CINIGIANO",2,21.65,1778
"GROSSETO","CINIGIANO",3,28.29,1778
"GROSSETO","CINIGIANO",4,41.34,1778
"GROSSETO","CIVITELLA PAGANICO",1,8.89,2250
"GROSSETO","CIVITELLA PAGANICO",2,23.91,2250
"GROSSETO","CIVITELLA PAGANICO",3,30.44,2250
"GROSSETO","CIVITELLA PAGANICO",4,45.78,2250
"GROSSETO","FOLLONICA",1,10.92,17314
"GROSSETO","FOLLONICA",2,27.47,17314
"GROSSETO","FOLLONICA",3,33.41,17314
"GROSSETO","FOLLONICA",4,45.36,17314
"GROSSETO","GAVORRANO",1,8.69,6777
"GROSSETO","GAVORRANO",2,23.77,6777
"GROSSETO","GAVORRANO",3,27.87,6777
"GROSSETO","GAVORRANO",4,40.59,6777
"GROSSETO","GROSSETO",1,10.96,65781
"GROSSETO","GROSSETO",2,28.17,65781
"GROSSETO","GROSSETO",3,34.91,65781
"GROSSETO","GROSSETO",4,46.92,65781
"GROSSETO","ISOLA DEL GIGLIO",1,6.7,1344
"GROSSETO","ISOLA DEL GIGLIO",2,16.59,1344
"GROSSETO","ISOLA DEL GIGLIO",3,18.6,1344
"GROSSETO","ISOLA DEL GIGLIO",4,27.75,1344
"GROSSETO","MAGLIANO IN TOSCANA",1,8.41,2795
"GROSSETO","MAGLIANO IN TOSCANA",2,25.55,2795
"GROSSETO","MAGLIANO IN TOSCANA",3,33.85,2795
"GROSSETO","MAGLIANO IN TOSCANA",4,49.45,2795
"GROSSETO","MANCIANO",1,8.45,5458
"GROSSETO","MANCIANO",2,22.52,5458
"GROSSETO","MANCIANO",3,27.39,5458
"GROSSETO","MANCIANO",4,40.38,5458
"GROSSETO","MASSA MARITTIMA",1,10.21,6609
"GROSSETO","MASSA MARITTIMA",2,27.36,6609
"GROSSETO","MASSA MARITTIMA",3,33.8,6609
"GROSSETO","MASSA MARITTIMA",4,45.53,6609
"GROSSETO","MONTE ARGENTARIO",1,9.2,10201
"GROSSETO","MONTE ARGENTARIO",2,23.41,10201
"GROSSETO","MONTE ARGENTARIO",3,27.18,10201
"GROSSETO","MONTE ARGENTARIO",4,41.84,10201
"GROSSETO","MONTEROTONDO MARITTIMO",1,11.24,872
"GROSSETO","MONTEROTONDO MARITTIMO",2,34.17,872
"GROSSETO","MONTEROTONDO MARITTIMO",3,41.86,872
"GROSSETO","MONTEROTONDO MARITTIMO",4,58.37,872
"GROSSETO","MONTIERI",1,10.82,804
"GROSSETO","MONTIERI",2,35.95,804
"GROSSETO","MONTIERI",3,40.3,804
"GROSSETO","MONTIERI",4,55.35,804
"GROSSETO","ORBETELLO",1,9.68,12073
"GROSSETO","ORBETELLO",2,25.08,12073
"GROSSETO","ORBETELLO",3,30.51,12073
"GROSSETO","ORBETELLO",4,44.49,12073
"GROSSETO","PITIGLIANO",1,7.89,3297
"GROSSETO","PITIGLIANO",2,20.72,3297
"GROSSETO","PITIGLIANO",3,26.75,3297
"GROSSETO","PITIGLIANO",4,39.22,3297
"GROSSETO","ROCCALBEGNA",1,8.58,734
"GROSSETO","ROCCALBEGNA",2,32.02,734
"GROSSETO","ROCCALBEGNA",3,39.78,734
"GROSSETO","ROCCALBEGNA",4,53,734
"GROSSETO","ROCCASTRADA",1,9.09,7026
"GROSSETO","ROCCASTRADA",2,25.48,7026
"GROSSETO","ROCCASTRADA",3,32.31,7026
"GROSSETO","ROCCASTRADA",4,45.2,7026
"GROSSETO","SANTA FIORA",1,10.6,2122
"GROSSETO","SANTA FIORA",2,28.23,2122
"GROSSETO","SANTA FIORA",3,33.46,2122
"GROSSETO","SANTA FIORA",4,47.13,2122
"GROSSETO","SCANSANO",1,7.08,3249
"GROSSETO","SCANSANO",2,21.55,3249
"GROSSETO","SCANSANO",3,27.76,3249
"GROSSETO","SCANSANO",4,41.77,3249
"GROSSETO","SCARLINO",1,10.66,3050
"GROSSETO","SCARLINO",2,26.56,3050
"GROSSETO","SCARLINO",3,31.51,3050
"GROSSETO","SCARLINO",4,43.25,3050
"GROSSETO","SEGGIANO",1,5.88,680
"GROSSETO","SEGGIANO",2,20,680
"GROSSETO","SEGGIANO",3,26.47,680
"GROSSETO","SEGGIANO",4,42.65,680
"GROSSETO","SEMPRONIANO",1,10.1,782
"GROSSETO","SEMPRONIANO",2,29.03,782
"GROSSETO","SEMPRONIANO",3,33.63,782
"GROSSETO","SEMPRONIANO",4,55.24,782
"GROSSETO","SORANO",1,7.94,2656
"GROSSETO","SORANO",2,25.6,2656
"GROSSETO","SORANO",3,32.08,2656
"GROSSETO","SORANO",4,45.67,2656
"LIVORNO","BIBBONA",1,7.86,2543
"LIVORNO","BIBBONA",2,23.87,2543
"LIVORNO","BIBBONA",3,33.27,2543
"LIVORNO","BIBBONA",4,45.89,2543
"LIVORNO","CAMPIGLIA MARITTIMA",1,9.36,10298
"LIVORNO","CAMPIGLIA MARITTIMA",2,26.26,10298
"LIVORNO","CAMPIGLIA MARITTIMA",3,32.6,10298
"LIVORNO","CAMPIGLIA MARITTIMA",4,45.43,10298
"LIVORNO","CAMPO NELL'ELBA",1,9.87,4732
"LIVORNO","CAMPO NELL'ELBA",2,22.61,4732
"LIVORNO","CAMPO NELL'ELBA",3,26.82,4732
"LIVORNO","CAMPO NELL'ELBA",4,37.21,4732
"LIVORNO","CAPOLIVERI",1,7.77,3463
"LIVORNO","CAPOLIVERI",2,18.94,3463
"LIVORNO","CAPOLIVERI",3,22.81,3463
"LIVORNO","CAPOLIVERI",4,33.93,3463
"LIVORNO","CAPRAIA ISOLA",1,9.68,372
"LIVORNO","CAPRAIA ISOLA",2,24.73,372
"LIVORNO","CAPRAIA ISOLA",3,25.54,372
"LIVORNO","CAPRAIA ISOLA",4,38.71,372
"LIVORNO","CASTAGNETO CARDUCCI",1,10.35,6789
"LIVORNO","CASTAGNETO CARDUCCI",2,26.5,6789
"LIVORNO","CASTAGNETO CARDUCCI",3,32.74,6789
"LIVORNO","CASTAGNETO CARDUCCI",4,44.53,6789
"LIVORNO","CECINA",1,8.98,23765
"LIVORNO","CECINA",2,24.31,23765
"LIVORNO","CECINA",3,30.73,23765
"LIVORNO","CECINA",4,41.97,23765
"LIVORNO","COLLESALVETTI",1,9.01,13744
"LIVORNO","COLLESALVETTI",2,26.16,13744
"LIVORNO","COLLESALVETTI",3,33.08,13744
"LIVORNO","COLLESALVETTI",4,44.5,13744
"LIVORNO","LIVORNO",1,10.08,136482
"LIVORNO","LIVORNO",2,25.55,136482
"LIVORNO","LIVORNO",3,31.8,136482
"LIVORNO","LIVORNO",4,43.06,136482
"LIVORNO","MARCIANA",1,4.05,3133
"LIVORNO","MARCIANA",2,12.42,3133
"LIVORNO","MARCIANA",3,14.62,3133
"LIVORNO","MARCIANA",4,21.26,3133
"LIVORNO","MARCIANA MARINA",1,4.48,3505
"LIVORNO","MARCIANA MARINA",2,11.5,3505
"LIVORNO","MARCIANA MARINA",3,13.58,3505
"LIVORNO","MARCIANA MARINA",4,19.12,3505
"LIVORNO","PIOMBINO",1,10.96,26598
"LIVORNO","PIOMBINO",2,28.39,26598
"LIVORNO","PIOMBINO",3,33.31,26598
"LIVORNO","PIOMBINO",4,45.2,26598
"LIVORNO","PORTO AZZURRO",1,6.65,3069
"LIVORNO","PORTO AZZURRO",2,18.74,3069
"LIVORNO","PORTO AZZURRO",3,24.05,3069
"LIVORNO","PORTO AZZURRO",4,36.33,3069
"LIVORNO","PORTOFERRAIO",1,7.29,10144
"LIVORNO","PORTOFERRAIO",2,19.54,10144
"LIVORNO","PORTOFERRAIO",3,23.17,10144
"LIVORNO","PORTOFERRAIO",4,33.77,10144
"LIVORNO","RIO",1,9.77,3030
"LIVORNO","RIO",2,22.71,3030
"LIVORNO","RIO",3,25.81,3030
"LIVORNO","RIO",4,39.11,3030
"LIVORNO","ROSIGNANO MARITTIMO",1,9.59,25985
"LIVORNO","ROSIGNANO MARITTIMO",2,24.33,25985
"LIVORNO","ROSIGNANO MARITTIMO",3,31.32,25985
"LIVORNO","ROSIGNANO MARITTIMO",4,43.23,25985
"LIVORNO","SAN VINCENZO",1,10.34,5388
"LIVORNO","SAN VINCENZO",2,26.24,5388
"LIVORNO","SAN VINCENZO",3,32.18,5388
"LIVORNO","SAN VINCENZO",4,45.73,5388
"LIVORNO","SASSETTA",1,8.42,380
"LIVORNO","SASSETTA",2,25.79,380
"LIVORNO","SASSETTA",3,28.95,380
"LIVORNO","SASSETTA",4,40.26,380
"LIVORNO","SUVERETO",1,8.51,2363
"LIVORNO","SUVERETO",2,23.83,2363
"LIVORNO","SUVERETO",3,31.82,2363
"LIVORNO","SUVERETO",4,47.48,2363
"LUCCA","ALTOPASCIO",1,7.91,12447
"LUCCA","ALTOPASCIO",2,22.44,12447
"LUCCA","ALTOPASCIO",3,29.09,12447
"LUCCA","ALTOPASCIO",4,38.93,12447
"LUCCA","BAGNI DI LUCCA",1,4.5,7379
"LUCCA","BAGNI DI LUCCA",2,15.48,7379
"LUCCA","BAGNI DI LUCCA",3,18.78,7379
"LUCCA","BAGNI DI LUCCA",4,27.05,7379
"LUCCA","BARGA",1,9.57,9239
"LUCCA","BARGA",2,28.65,9239
"LUCCA","BARGA",3,36.39,9239
"LUCCA","BARGA",4,47.84,9239
"LUCCA","BORGO A MOZZANO",1,6.83,7089
"LUCCA","BORGO A MOZZANO",2,22.09,7089
"LUCCA","BORGO A MOZZANO",3,27.54,7089
"LUCCA","BORGO A MOZZANO",4,37.3,7089
"LUCCA","CAMAIORE",1,8.6,28461
"LUCCA","CAMAIORE",2,24.28,28461
"LUCCA","CAMAIORE",3,29.92,28461
"LUCCA","CAMAIORE",4,41.6,28461
"LUCCA","CAMPORGIANO",1,7.67,2281
"LUCCA","CAMPORGIANO",2,26,2281
"LUCCA","CAMPORGIANO",3,32.09,2281
"LUCCA","CAMPORGIANO",4,45.59,2281
"LUCCA","CAPANNORI",1,7.16,43898
"LUCCA","CAPANNORI",2,21.73,43898
"LUCCA","CAPANNORI",3,27.84,43898
"LUCCA","CAPANNORI",4,37.75,43898
"LUCCA","CAREGGINE",1,4.39,1207
"LUCCA","CAREGGINE",2,15.74,1207
"LUCCA","CAREGGINE",3,20.46,1207
"LUCCA","CAREGGINE",4,26.76,1207
"LUCCA","CASTELNUOVO DI GARFAGNANA",1,8.88,6123
"LUCCA","CASTELNUOVO DI GARFAGNANA",2,25.76,6123
"LUCCA","CASTELNUOVO DI GARFAGNANA",3,32.45,6123
"LUCCA","CASTELNUOVO DI GARFAGNANA",4,44.46,6123
"LUCCA","CASTIGLIONE DI GARFAGNANA",1,12.94,1553
"LUCCA","CASTIGLIONE DI GARFAGNANA",2,33.93,1553
"LUCCA","CASTIGLIONE DI GARFAGNANA",3,43.85,1553
"LUCCA","CASTIGLIONE DI GARFAGNANA",4,60.85,1553
"LUCCA","COREGLIA ANTELMINELLI",1,8.1,5467
"LUCCA","COREGLIA ANTELMINELLI",2,23.32,5467
"LUCCA","COREGLIA ANTELMINELLI",3,29.12,5467
"LUCCA","COREGLIA ANTELMINELLI",4,38.39,5467
"LUCCA","FABBRICHE DI VERGEMOLI",1,5.01,1298
"LUCCA","FABBRICHE DI VERGEMOLI",2,18.18,1298
"LUCCA","FABBRICHE DI VERGEMOLI",3,22.19,1298
"LUCCA","FABBRICHE DI VERGEMOLI",4,28.27,1298
"LUCCA","FORTE DEI MARMI",1,9.06,5903
"LUCCA","FORTE DEI MARMI",2,23.85,5903
"LUCCA","FORTE DEI MARMI",3,29.1,5903
"LUCCA","FORTE DEI MARMI",4,42.59,5903
"LUCCA","FOSCIANDORA",1,7.22,609
"LUCCA","FOSCIANDORA",2,25.62,609
"LUCCA","FOSCIANDORA",3,30.71,609
"LUCCA","FOSCIANDORA",4,45.98,609
"LUCCA","GALLICANO",1,8.57,3465
"LUCCA","GALLICANO",2,26.35,3465
"LUCCA","GALLICANO",3,32.76,3465
"LUCCA","GALLICANO",4,45.8,3465
"LUCCA","LUCCA",1,8.05,81673
"LUCCA","LUCCA",2,23.27,81673
"LUCCA","LUCCA",3,29.65,81673
"LUCCA","LUCCA",4,40.53,81673
"LUCCA","MASSAROSA",1,8.16,19682
"LUCCA","MASSAROSA",2,23.3,19682
"LUCCA","MASSAROSA",3,29.84,19682
"LUCCA","MASSAROSA",4,41.41,19682
"LUCCA","MINUCCIANO",1,6.7,1732
"LUCCA","MINUCCIANO",2,27.89,1732
"LUCCA","MINUCCIANO",3,34.93,1732
"LUCCA","MINUCCIANO",4,45.61,1732
"LUCCA","MOLAZZANA",1,7.6,1302
"LUCCA","MOLAZZANA",2,18.28,1302
"LUCCA","MOLAZZANA",3,25.96,1302
"LUCCA","MOLAZZANA",4,38.4,1302
"LUCCA","MONTECARLO",1,9.13,3899
"LUCCA","MONTECARLO",2,27.11,3899
"LUCCA","MONTECARLO",3,34.8,3899
"LUCCA","MONTECARLO",4,46.4,3899
"LUCCA","PESCAGLIA",1,5.4,3521
"LUCCA","PESCAGLIA",2,18.8,3521
"LUCCA","PESCAGLIA",3,23.74,3521
"LUCCA","PESCAGLIA",4,33.94,3521
"LUCCA","PIAZZA AL SERCHIO",1,6.57,2252
"LUCCA","PIAZZA AL SERCHIO",2,24.91,2252
"LUCCA","PIAZZA AL SERCHIO",3,33.39,2252
"LUCCA","PIAZZA AL SERCHIO",4,46,2252
"LUCCA","PIETRASANTA",1,8.23,20916
"LUCCA","PIETRASANTA",2,23.25,20916
"LUCCA","PIETRASANTA",3,28.74,20916
"LUCCA","PIETRASANTA",4,41.48,20916
"LUCCA","PIEVE FOSCIANA",1,8.03,2926
"LUCCA","PIEVE FOSCIANA",2,22.66,2926
"LUCCA","PIEVE FOSCIANA",3,28.74,2926
"LUCCA","PIEVE FOSCIANA",4,39.58,2926
"LUCCA","PORCARI",1,8.99,6994
"LUCCA","PORCARI",2,25.88,6994
"LUCCA","PORCARI",3,31.26,6994
"LUCCA","PORCARI",4,42.61,6994
"LUCCA","SAN ROMANO IN GARFAGNANA",1,6.21,1434
"LUCCA","SAN ROMANO IN GARFAGNANA",2,27.27,1434
"LUCCA","SAN ROMANO IN GARFAGNANA",3,36.96,1434
"LUCCA","SAN ROMANO IN GARFAGNANA",4,49.09,1434
"LUCCA","SERAVEZZA",1,8.43,11155
"LUCCA","SERAVEZZA",2,23.85,11155
"LUCCA","SERAVEZZA",3,29.31,11155
"LUCCA","SERAVEZZA",4,41.5,11155
"LUCCA","SILLANO GIUNCUGNANO",1,4.17,1174
"LUCCA","SILLANO GIUNCUGNANO",2,18.4,1174
"LUCCA","SILLANO GIUNCUGNANO",3,25.3,1174
"LUCCA","SILLANO GIUNCUGNANO",4,37.65,1174
"LUCCA","STAZZEMA",1,5.09,3460
"LUCCA","STAZZEMA",2,15.9,3460
"LUCCA","STAZZEMA",3,19.8,3460
"LUCCA","STAZZEMA",4,29.8,3460
"LUCCA","VAGLI SOTTO",1,5.35,1216
"LUCCA","VAGLI SOTTO",2,16.61,1216
"LUCCA","VAGLI SOTTO",3,21.63,1216
"LUCCA","VAGLI SOTTO",4,29.85,1216
"LUCCA","VIAREGGIO",1,9.55,52093
"LUCCA","VIAREGGIO",2,24.79,52093
"LUCCA","VIAREGGIO",3,30.56,52093
"LUCCA","VIAREGGIO",4,41.77,52093
"LUCCA","VILLA BASILICA",1,5.36,1754
"LUCCA","VILLA BASILICA",2,20.87,1754
"LUCCA","VILLA BASILICA",3,24.97,1754
"LUCCA","VILLA BASILICA",4,35.63,1754
"LUCCA","VILLA COLLEMANDINA",1,4.14,1813
"LUCCA","VILLA COLLEMANDINA",2,14.45,1813
"LUCCA","VILLA COLLEMANDINA",3,20.3,1813
"LUCCA","VILLA COLLEMANDINA",4,28.08,1813
"MASSA-CARRARA","AULLA",1,7.38,9347
"MASSA-CARRARA","AULLA",2,23.26,9347
"MASSA-CARRARA","AULLA",3,28.33,9347
"MASSA-CARRARA","AULLA",4,39.41,9347
"MASSA-CARRARA","BAGNONE",1,7.12,1700
"MASSA-CARRARA","BAGNONE",2,22.76,1700
"MASSA-CARRARA","BAGNONE",3,29.12,1700
"MASSA-CARRARA","BAGNONE",4,42.06,1700
"MASSA-CARRARA","CARRARA",1,7.45,52420
"MASSA-CARRARA","CARRARA",2,21.34,52420
"MASSA-CARRARA","CARRARA",3,26.72,52420
"MASSA-CARRARA","CARRARA",4,37.83,52420
"MASSA-CARRARA","CASOLA IN LUNIGIANA",1,8.43,961
"MASSA-CARRARA","CASOLA IN LUNIGIANA",2,24.77,961
"MASSA-CARRARA","CASOLA IN LUNIGIANA",3,29.66,961
"MASSA-CARRARA","CASOLA IN LUNIGIANA",4,43.29,961
"MASSA-CARRARA","COMANO",1,5.2,904
"MASSA-CARRARA","COMANO",2,15.6,904
"MASSA-CARRARA","COMANO",3,18.58,904
"MASSA-CARRARA","COMANO",4,31.86,904
"MASSA-CARRARA","FILATTIERA",1,9.15,2120
"MASSA-CARRARA","FILATTIERA",2,29.06,2120
"MASSA-CARRARA","FILATTIERA",3,36.18,2120
"MASSA-CARRARA","FILATTIERA",4,50.94,2120
"MASSA-CARRARA","FIVIZZANO",1,7.64,7476
"MASSA-CARRARA","FIVIZZANO",2,25.27,7476
"MASSA-CARRARA","FIVIZZANO",3,31.33,7476
"MASSA-CARRARA","FIVIZZANO",4,43.93,7476
"MASSA-CARRARA","FOSDINOVO",1,7.2,4164
"MASSA-CARRARA","FOSDINOVO",2,19.24,4164
"MASSA-CARRARA","FOSDINOVO",3,25.02,4164
"MASSA-CARRARA","FOSDINOVO",4,35.83,4164
"MASSA-CARRARA","LICCIANA NARDI",1,7.31,4228
"MASSA-CARRARA","LICCIANA NARDI",2,24.1,4228
"MASSA-CARRARA","LICCIANA NARDI",3,30.68,4228
"MASSA-CARRARA","LICCIANA NARDI",4,44.77,4228
"MASSA-CARRARA","MASSA",1,8.2,57148
"MASSA-CARRARA","MASSA",2,23.23,57148
"MASSA-CARRARA","MASSA",3,29.61,57148
"MASSA-CARRARA","MASSA",4,42.21,57148
"MASSA-CARRARA","MONTIGNOSO",1,8.82,8850
"MASSA-CARRARA","MONTIGNOSO",2,24.76,8850
"MASSA-CARRARA","MONTIGNOSO",3,31.56,8850
"MASSA-CARRARA","MONTIGNOSO",4,43.83,8850
"MASSA-CARRARA","MULAZZO",1,6.03,2670
"MASSA-CARRARA","MULAZZO",2,18.88,2670
"MASSA-CARRARA","MULAZZO",3,27.49,2670
"MASSA-CARRARA","MULAZZO",4,38.91,2670
"MASSA-CARRARA","PODENZANA",1,7.54,1910
"MASSA-CARRARA","PODENZANA",2,23.61,1910
"MASSA-CARRARA","PODENZANA",3,28.43,1910
"MASSA-CARRARA","PODENZANA",4,40.68,1910
"MASSA-CARRARA","PONTREMOLI",1,9.67,8428
"MASSA-CARRARA","PONTREMOLI",2,26.2,8428
"MASSA-CARRARA","PONTREMOLI",3,31.41,8428
"MASSA-CARRARA","PONTREMOLI",4,42.58,8428
"MASSA-CARRARA","TRESANA",1,8.67,1903
"MASSA-CARRARA","TRESANA",2,25.28,1903
"MASSA-CARRARA","TRESANA",3,31.84,1903
"MASSA-CARRARA","TRESANA",4,44.46,1903
"MASSA-CARRARA","VILLAFRANCA IN LUNIGIANA",1,7.13,4139
"MASSA-CARRARA","VILLAFRANCA IN LUNIGIANA",2,25.54,4139
"MASSA-CARRARA","VILLAFRANCA IN LUNIGIANA",3,33.37,4139
"MASSA-CARRARA","VILLAFRANCA IN LUNIGIANA",4,48.68,4139
"MASSA-CARRARA","ZERI",1,6.03,1626
"MASSA-CARRARA","ZERI",2,14.64,1626
"MASSA-CARRARA","ZERI",3,17.16,1626
"MASSA-CARRARA","ZERI",4,24.97,1626
"PISA","BIENTINA",1,9.01,7344
"PISA","BIENTINA",2,26.46,7344
"PISA","BIENTINA",3,33.32,7344
"PISA","BIENTINA",4,46.49,7344
"PISA","BUTI",1,9.09,4775
"PISA","BUTI",2,29.78,4775
"PISA","BUTI",3,37.78,4775
"PISA","BUTI",4,50.41,4775
"PISA","CALCI",1,11.17,5723
"PISA","CALCI",2,30.51,5723
"PISA","CALCI",3,40.91,5723
"PISA","CALCI",4,55.32,5723
"PISA","CALCINAIA",1,10.43,10439
"PISA","CALCINAIA",2,29.1,10439
"PISA","CALCINAIA",3,36.76,10439
"PISA","CALCINAIA",4,48.31,10439
"PISA","CAPANNOLI",1,9.2,5153
"PISA","CAPANNOLI",2,28.93,5153
"PISA","CAPANNOLI",3,39.32,5153
"PISA","CAPANNOLI",4,53.11,5153
"PISA","CASALE MARITTIMO",1,9.1,901
"PISA","CASALE MARITTIMO",2,29.19,901
"PISA","CASALE MARITTIMO",3,34.18,901
"PISA","CASALE MARITTIMO",4,48.06,901
"PISA","CASCIANA TERME LARI",1,8.83,9938
"PISA","CASCIANA TERME LARI",2,27.68,9938
"PISA","CASCIANA TERME LARI",3,36.98,9938
"PISA","CASCIANA TERME LARI",4,49.46,9938
"PISA","CASCINA",1,10.1,36240
"PISA","CASCINA",2,28.91,36240
"PISA","CASCINA",3,38.49,36240
"PISA","CASCINA",4,50.68,36240
"PISA","CASTELFRANCO DI SOTTO",1,9.33,10325
"PISA","CASTELFRANCO DI SOTTO",2,26.62,10325
"PISA","CASTELFRANCO DI SOTTO",3,34.74,10325
"PISA","CASTELFRANCO DI SOTTO",4,45.26,10325
"PISA","CASTELLINA MARITTIMA",1,8.12,1589
"PISA","CASTELLINA MARITTIMA",2,25.74,1589
"PISA","CASTELLINA MARITTIMA",3,30.96,1589
"PISA","CASTELLINA MARITTIMA",4,44.05,1589
"PISA","CASTELNUOVO DI VAL DI CECINA",1,12.25,1608
"PISA","CASTELNUOVO DI VAL DI CECINA",2,31.65,1608
"PISA","CASTELNUOVO DI VAL DI CECINA",3,39.61,1608
"PISA","CASTELNUOVO DI VAL DI CECINA",4,55.22,1608
"PISA","CHIANNI",1,7.26,1102
"PISA","CHIANNI",2,28.13,1102
"PISA","CHIANNI",3,38.02,1102
"PISA","CHIANNI",4,48.91,1102
"PISA","CRESPINA LORENZANA",1,7.84,4503
"PISA","CRESPINA LORENZANA",2,24.63,4503
"PISA","CRESPINA LORENZANA",3,32.2,4503
"PISA","CRESPINA LORENZANA",4,46.3,4503
"PISA","FAUGLIA",1,9.75,3137
"PISA","FAUGLIA",2,25.34,3137
"PISA","FAUGLIA",3,31.81,3137
"PISA","FAUGLIA",4,44.12,3137
"PISA","GUARDISTALLO",1,14.46,989
"PISA","GUARDISTALLO",2,32.76,989
"PISA","GUARDISTALLO",3,40.65,989
"PISA","GUARDISTALLO",4,55.41,989
"PISA","LAJATICO",1,7.7,1078
"PISA","LAJATICO",2,26.9,1078
"PISA","LAJATICO",3,38.96,1078
"PISA","LAJATICO",4,53.53,1078
"PISA","MONTECATINI VAL DI CECINA",1,10,1370
"PISA","MONTECATINI VAL DI CECINA",2,27.81,1370
"PISA","MONTECATINI VAL DI CECINA",3,34.31,1370
"PISA","MONTECATINI VAL DI CECINA",4,47.88,1370
"PISA","MONTESCUDAIO",1,8.47,1819
"PISA","MONTESCUDAIO",2,26.06,1819
"PISA","MONTESCUDAIO",3,32.71,1819
"PISA","MONTESCUDAIO",4,45.74,1819
"PISA","MONTEVERDI MARITTIMO",1,11.13,593
"PISA","MONTEVERDI MARITTIMO",2,30.69,593
"PISA","MONTEVERDI MARITTIMO",3,36.59,593
"PISA","MONTEVERDI MARITTIMO",4,52.11,593
"PISA","MONTOPOLI IN VAL D'ARNO",1,9.05,8968
"PISA","MONTOPOLI IN VAL D'ARNO",2,27.54,8968
"PISA","MONTOPOLI IN VAL D'ARNO",3,37,8968
"PISA","MONTOPOLI IN VAL D'ARNO",4,49.28,8968
"PISA","ORCIANO PISANO",1,5.06,553
"PISA","ORCIANO PISANO",2,21.16,553
"PISA","ORCIANO PISANO",3,29.48,553
"PISA","ORCIANO PISANO",4,45.75,553
"PISA","PALAIA",1,11.33,3856
"PISA","PALAIA",2,31.2,3856
"PISA","PALAIA",3,41.23,3856
"PISA","PALAIA",4,54.93,3856
"PISA","PECCIOLI",1,9.56,3839
"PISA","PECCIOLI",2,31.1,3839
"PISA","PECCIOLI",3,40.56,3839
"PISA","PECCIOLI",4,55.8,3839
"PISA","PISA",1,11.3,72709
"PISA","PISA",2,30.17,72709
"PISA","PISA",3,38.47,72709
"PISA","PISA",4,51.49,72709
"PISA","POMARANCE",1,11.58,4267
"PISA","POMARANCE",2,34.59,4267
"PISA","POMARANCE",3,42.54,4267
"PISA","POMARANCE",4,58.94,4267
"PISA","PONSACCO",1,8.25,12205
"PISA","PONSACCO",2,23.79,12205
"PISA","PONSACCO",3,31.81,12205
"PISA","PONSACCO",4,46.01,12205
"PISA","PONTEDERA",1,10.71,22288
"PISA","PONTEDERA",2,30.5,22288
"PISA","PONTEDERA",3,39.46,22288
"PISA","PONTEDERA",4,50.96,22288
"PISA","RIPARBELLA",1,5.84,1369
"PISA","RIPARBELLA",2,19.94,1369
"PISA","RIPARBELLA",3,26.22,1369
"PISA","RIPARBELLA",4,37.4,1369
"PISA","SAN GIULIANO TERME",1,10.2,26381
"PISA","SAN GIULIANO TERME",2,29.37,26381
"PISA","SAN GIULIANO TERME",3,38.77,26381
"PISA","SAN GIULIANO TERME",4,51.87,26381
"PISA","SAN MINIATO",1,9.55,22688
"PISA","SAN MINIATO",2,28.91,22688
"PISA","SAN MINIATO",3,38.01,22688
"PISA","SAN MINIATO",4,50.85,22688
"PISA","SANTA CROCE SULL'ARNO",1,9.99,10236
"PISA","SANTA CROCE SULL'ARNO",2,27.59,10236
"PISA","SANTA CROCE SULL'ARNO",3,34.85,10236
"PISA","SANTA CROCE SULL'ARNO",4,45.65,10236
"PISA","SANTA LUCE",1,9.57,1358
"PISA","SANTA LUCE",2,27.47,1358
"PISA","SANTA LUCE",3,37.63,1358
"PISA","SANTA LUCE",4,52.65,1358
"PISA","SANTA MARIA A MONTE",1,7.34,10949
"PISA","SANTA MARIA A MONTE",2,23.13,10949
"PISA","SANTA MARIA A MONTE",3,31.58,10949
"PISA","SANTA MARIA A MONTE",4,43.04,10949
"PISA","TERRICCIOLA",1,10.94,3593
"PISA","TERRICCIOLA",2,30.03,3593
"PISA","TERRICCIOLA",3,39.69,3593
"PISA","TERRICCIOLA",4,52.27,3593
"PISA","VECCHIANO",1,9.62,10389
"PISA","VECCHIANO",2,27.42,10389
"PISA","VECCHIANO",3,36.34,10389
"PISA","VECCHIANO",4,49.02,10389
"PISA","VICOPISANO",1,10.05,7503
"PISA","VICOPISANO",2,27.67,7503
"PISA","VICOPISANO",3,35.67,7503
"PISA","VICOPISANO",4,48.75,7503
"PISA","VOLTERRA",1,11.12,7931
"PISA","VOLTERRA",2,33.3,7931
"PISA","VOLTERRA",3,42.09,7931
"PISA","VOLTERRA",4,56.36,7931
"PISTOIA","ABETONE CUTIGLIANO",1,9.61,1717
"PISTOIA","ABETONE CUTIGLIANO",2,29.18,1717
"PISTOIA","ABETONE CUTIGLIANO",3,36.11,1717
"PISTOIA","ABETONE CUTIGLIANO",4,49.91,1717
"PISTOIA","AGLIANA",1,11.27,14122
"PISTOIA","AGLIANA",2,30.75,14122
"PISTOIA","AGLIANA",3,39,14122
"PISTOIA","AGLIANA",4,50.03,14122
"PISTOIA","BUGGIANO",1,10.41,7922
"PISTOIA","BUGGIANO",2,27.62,7922
"PISTOIA","BUGGIANO",3,33.68,7922
"PISTOIA","BUGGIANO",4,44.67,7922
"PISTOIA","CHIESINA UZZANESE",1,12.04,3637
"PISTOIA","CHIESINA UZZANESE",2,31.95,3637
"PISTOIA","CHIESINA UZZANESE",3,38.44,3637
"PISTOIA","CHIESINA UZZANESE",4,49.66,3637
"PISTOIA","LAMPORECCHIO",1,10.8,6035
"PISTOIA","LAMPORECCHIO",2,29.25,6035
"PISTOIA","LAMPORECCHIO",3,36.84,6035
"PISTOIA","LAMPORECCHIO",4,49.35,6035
"PISTOIA","LARCIANO",1,10.32,5380
"PISTOIA","LARCIANO",2,30.17,5380
"PISTOIA","LARCIANO",3,37.73,5380
"PISTOIA","LARCIANO",4,49.91,5380
"PISTOIA","MARLIANA",1,10.18,2878
"PISTOIA","MARLIANA",2,29.26,2878
"PISTOIA","MARLIANA",3,35.89,2878
"PISTOIA","MARLIANA",4,47.01,2878
"PISTOIA","MASSA E COZZILE",1,10.67,6483
"PISTOIA","MASSA E COZZILE",2,29.03,6483
"PISTOIA","MASSA E COZZILE",3,35.72,6483
"PISTOIA","MASSA E COZZILE",4,48.23,6483
"PISTOIA","MONSUMMANO TERME",1,9.08,17489
"PISTOIA","MONSUMMANO TERME",2,25.47,17489
"PISTOIA","MONSUMMANO TERME",3,32.05,17489
"PISTOIA","MONSUMMANO TERME",4,41.6,17489
"PISTOIA","MONTALE",1,10.41,8774
"PISTOIA","MONTALE",2,29.52,8774
"PISTOIA","MONTALE",3,38.45,8774
"PISTOIA","MONTALE",4,51.7,8774
"PISTOIA","MONTECATINI-TERME",1,9.8,16299
"PISTOIA","MONTECATINI-TERME",2,25.17,16299
"PISTOIA","MONTECATINI-TERME",3,30.66,16299
"PISTOIA","MONTECATINI-TERME",4,41.83,16299
"PISTOIA","PESCIA",1,9.56,16564
"PISTOIA","PESCIA",2,25.65,16564
"PISTOIA","PESCIA",3,31.47,16564
"PISTOIA","PESCIA",4,41.88,16564
"PISTOIA","PIEVE A NIEVOLE",1,10.22,7661
"PISTOIA","PIEVE A NIEVOLE",2,27.37,7661
"PISTOIA","PIEVE A NIEVOLE",3,33.66,7661
"PISTOIA","PIEVE A NIEVOLE",4,45.73,7661
"PISTOIA","PISTOIA",1,12.25,74462
"PISTOIA","PISTOIA",2,34.08,74462
"PISTOIA","PISTOIA",3,42.98,74462
"PISTOIA","PISTOIA",4,54.89,74462
"PISTOIA","PONTE BUGGIANESE",1,10.32,7453
"PISTOIA","PONTE BUGGIANESE",2,28.89,7453
"PISTOIA","PONTE BUGGIANESE",3,36.37,7453
"PISTOIA","PONTE BUGGIANESE",4,48.28,7453
"PISTOIA","QUARRATA",1,9.42,20952
"PISTOIA","QUARRATA",2,28.63,20952
"PISTOIA","QUARRATA",3,37.02,20952
"PISTOIA","QUARRATA",4,48.76,20952
"PISTOIA","SAMBUCA PISTOIESE",1,9.77,1474
"PISTOIA","SAMBUCA PISTOIESE",2,21.78,1474
"PISTOIA","SAMBUCA PISTOIESE",3,24.69,1474
"PISTOIA","SAMBUCA PISTOIESE",4,32.97,1474
"PISTOIA","SAN MARCELLO PITEGLIO",1,9.59,7546
"PISTOIA","SAN MARCELLO PITEGLIO",2,29.7,7546
"PISTOIA","SAN MARCELLO PITEGLIO",3,35.56,7546
"PISTOIA","SAN MARCELLO PITEGLIO",4,47.03,7546
"PISTOIA","SERRAVALLE PISTOIESE",1,11.48,9943
"PISTOIA","SERRAVALLE PISTOIESE",2,31.52,9943
"PISTOIA","SERRAVALLE PISTOIESE",3,39.7,9943
"PISTOIA","SERRAVALLE PISTOIESE",4,52.01,9943
"PISTOIA","UZZANO",1,10.56,4764
"PISTOIA","UZZANO",2,27.96,4764
"PISTOIA","UZZANO",3,34.89,4764
"PISTOIA","UZZANO",4,45.53,4764
"SIENA","ABBADIA SAN SALVATORE",1,9.01,4719
"SIENA","ABBADIA SAN SALVATORE",2,30.39,4719
"SIENA","ABBADIA SAN SALVATORE",3,36.45,4719
"SIENA","ABBADIA SAN SALVATORE",4,52,4719
"SIENA","ASCIANO",1,8.68,5312
"SIENA","ASCIANO",2,27.86,5312
"SIENA","ASCIANO",3,36.52,5312
"SIENA","ASCIANO",4,48.21,5312
"SIENA","BUONCONVENTO",1,9.75,2380
"SIENA","BUONCONVENTO",2,26.51,2380
"SIENA","BUONCONVENTO",3,35.55,2380
"SIENA","BUONCONVENTO",4,48.32,2380
"SIENA","CASOLE D'ELSA",1,10.19,2984
"SIENA","CASOLE D'ELSA",2,30.06,2984
"SIENA","CASOLE D'ELSA",3,37.87,2984
"SIENA","CASOLE D'ELSA",4,51.51,2984
"SIENA","CASTELLINA IN CHIANTI",1,8.76,2010
"SIENA","CASTELLINA IN CHIANTI",2,27.26,2010
"SIENA","CASTELLINA IN CHIANTI",3,37.26,2010
"SIENA","CASTELLINA IN CHIANTI",4,49.7,2010
"SIENA","CASTELNUOVO BERARDENGA",1,9.14,7167
"SIENA","CASTELNUOVO BERARDENGA",2,27.74,7167
"SIENA","CASTELNUOVO BERARDENGA",3,36.19,7167
"SIENA","CASTELNUOVO BERARDENGA",4,48.43,7167
"SIENA","CASTIGLIONE D'ORCIA",1,8.35,1761
"SIENA","CASTIGLIONE D'ORCIA",2,24.99,1761
"SIENA","CASTIGLIONE D'ORCIA",3,33.05,1761
"SIENA","CASTIGLIONE D'ORCIA",4,47.47,1761
"SIENA","CETONA",1,7.36,2039
"SIENA","CETONA",2,23.64,2039
"SIENA","CETONA",3,32.07,2039
"SIENA","CETONA",4,46.98,2039
"SIENA","CHIANCIANO TERME",1,8.98,5276
"SIENA","CHIANCIANO TERME",2,25.47,5276
"SIENA","CHIANCIANO TERME",3,31.16,5276
"SIENA","CHIANCIANO TERME",4,43.86,5276
"SIENA","CHIUSDINO",1,8.16,1237
"SIENA","CHIUSDINO",2,28.86,1237
"SIENA","CHIUSDINO",3,36.3,1237
"SIENA","CHIUSDINO",4,51.41,1237
"SIENA","CHIUSI",1,8.34,5998
"SIENA","CHIUSI",2,28.74,5998
"SIENA","CHIUSI",3,36.7,5998
"SIENA","CHIUSI",4,49.37,5998
"SIENA","COLLE DI VAL D'ELSA",1,8.98,17113
"SIENA","COLLE DI VAL D'ELSA",2,27.59,17113
"SIENA","COLLE DI VAL D'ELSA",3,36.15,17113
"SIENA","COLLE DI VAL D'ELSA",4,47.3,17113
"SIENA","GAIOLE IN CHIANTI",1,10.48,1928
"SIENA","GAIOLE IN CHIANTI",2,28.53,1928
"SIENA","GAIOLE IN CHIANTI",3,35.17,1928
"SIENA","GAIOLE IN CHIANTI",4,46.21,1928
"SIENA","MONTALCINO",1,8.6,4313
"SIENA","MONTALCINO",2,24.83,4313
"SIENA","MONTALCINO",3,32.65,4313
"SIENA","MONTALCINO",4,46.88,4313
"SIENA","MONTEPULCIANO",1,7.78,10708
"SIENA","MONTEPULCIANO",2,24.81,10708
"SIENA","MONTEPULCIANO",3,32.65,10708
"SIENA","MONTEPULCIANO",4,45.78,10708
"SIENA","MONTERIGGIONI",1,9.37,7709
"SIENA","MONTERIGGIONI",2,30.26,7709
"SIENA","MONTERIGGIONI",3,40.21,7709
"SIENA","MONTERIGGIONI",4,52.74,7709
"SIENA","MONTERONI D'ARBIA",1,10.04,6766
"SIENA","MONTERONI D'ARBIA",2,30.74,6766
"SIENA","MONTERONI D'ARBIA",3,40.85,6766
"SIENA","MONTERONI D'ARBIA",4,52.66,6766
"SIENA","MONTICIANO",1,9.68,1033
"SIENA","MONTICIANO",2,26.72,1033
"SIENA","MONTICIANO",3,32.62,1033
"SIENA","MONTICIANO",4,46.27,1033
"SIENA","MURLO",1,10.53,1880
"SIENA","MURLO",2,25.64,1880
"SIENA","MURLO",3,33.94,1880
"SIENA","MURLO",4,48.46,1880
"SIENA","PIANCASTAGNAIO",1,7.76,3055
"SIENA","PIANCASTAGNAIO",2,26.68,3055
"SIENA","PIANCASTAGNAIO",3,34.89,3055
"SIENA","PIANCASTAGNAIO",4,48.48,3055
"SIENA","PIENZA",1,9.9,1586
"SIENA","PIENZA",2,29.26,1586
"SIENA","PIENZA",3,37.14,1586
"SIENA","PIENZA",4,54.1,1586
"SIENA","POGGIBONSI",1,9.88,22378
"SIENA","POGGIBONSI",2,29.99,22378
"SIENA","POGGIBONSI",3,39.36,22378
"SIENA","POGGIBONSI",4,50.76,22378
"SIENA","RADDA IN CHIANTI",1,9.92,1180
"SIENA","RADDA IN CHIANTI",2,26.69,1180
"SIENA","RADDA IN CHIANTI",3,35.34,1180
"SIENA","RADDA IN CHIANTI",4,47.88,1180
"SIENA","RADICOFANI",1,5.99,885
"SIENA","RADICOFANI",2,23.5,885
"SIENA","RADICOFANI",3,30.17,885
"SIENA","RADICOFANI",4,44.29,885
"SIENA","RADICONDOLI",1,14.62,677
"SIENA","RADICONDOLI",2,36.04,677
"SIENA","RADICONDOLI",3,44.46,677
"SIENA","RADICONDOLI",4,64.99,677
"SIENA","RAPOLANO TERME",1,8.35,4419
"SIENA","RAPOLANO TERME",2,23.26,4419
"SIENA","RAPOLANO TERME",3,29.76,4419
"SIENA","RAPOLANO TERME",4,40.91,4419
"SIENA","SAN CASCIANO DEI BAGNI",1,9.87,1206
"SIENA","SAN CASCIANO DEI BAGNI",2,28.69,1206
"SIENA","SAN CASCIANO DEI BAGNI",3,35.41,1206
"SIENA","SAN CASCIANO DEI BAGNI",4,51.16,1206
"SIENA","SAN GIMIGNANO",1,8.94,5993
"SIENA","SAN GIMIGNANO",2,26.9,5993
"SIENA","SAN GIMIGNANO",3,36.94,5993
"SIENA","SAN GIMIGNANO",4,51.04,5993
"SIENA","SAN QUIRICO D'ORCIA",1,8.13,2041
"SIENA","SAN QUIRICO D'ORCIA",2,25.77,2041
"SIENA","SAN QUIRICO D'ORCIA",3,32.48,2041
"SIENA","SAN QUIRICO D'ORCIA",4,46.06,2041
"SIENA","SARTEANO",1,9.8,3593
"SIENA","SARTEANO",2,31.17,3593
"SIENA","SARTEANO",3,38.21,3593
"SIENA","SARTEANO",4,51.8,3593
"SIENA","SIENA",1,10.66,43234
"SIENA","SIENA",2,29.92,43234
"SIENA","SIENA",3,38.78,43234
"SIENA","SIENA",4,51.64,43234
"SIENA","SINALUNGA",1,8.34,9984
"SIENA","SINALUNGA",2,23.18,9984
"SIENA","SINALUNGA",3,30.17,9984
"SIENA","SINALUNGA",4,42.91,9984
"SIENA","SOVICILLE",1,8.82,7822
"SIENA","SOVICILLE",2,26.83,7822
"SIENA","SOVICILLE",3,35.18,7822
"SIENA","SOVICILLE",4,47.05,7822
"SIENA","TORRITA DI SIENA",1,8.53,5674
"SIENA","TORRITA DI SIENA",2,26.72,5674
"SIENA","TORRITA DI SIENA",3,34.05,5674
"SIENA","TORRITA DI SIENA",4,46.63,5674
"SIENA","TREQUANDA",1,9.37,993
"SIENA","TREQUANDA",2,26.69,993
"SIENA","TREQUANDA",3,34.64,993
"SIENA","TREQUANDA",4,48.54,993
"PRATO","CANTAGALLO",1,9.78,2587
"PRATO","CANTAGALLO",2,28.41,2587
"PRATO","CANTAGALLO",3,36.92,2587
"PRATO","CANTAGALLO",4,49.13,2587
"PRATO","CARMIGNANO",1,9.97,11282
"PRATO","CARMIGNANO",2,30.41,11282
"PRATO","CARMIGNANO",3,40.08,11282
"PRATO","CARMIGNANO",4,52.21,11282
"PRATO","MONTEMURLO",1,9.45,14412
"PRATO","MONTEMURLO",2,27.86,14412
"PRATO","MONTEMURLO",3,36.39,14412
"PRATO","MONTEMURLO",4,46.61,14412
"PRATO","POGGIO A CAIANO",1,11.55,7410
"PRATO","POGGIO A CAIANO",2,33.21,7410
"PRATO","POGGIO A CAIANO",3,42.01,7410
"PRATO","POGGIO A CAIANO",4,53.51,7410
"PRATO","PRATO",1,10.87,131730
"PRATO","PRATO",2,31.35,131730
"PRATO","PRATO",3,39.99,131730
"PRATO","PRATO",4,51.11,131730
"PRATO","VAIANO",1,10.86,8277
"PRATO","VAIANO",2,31.97,8277
"PRATO","VAIANO",3,41.09,8277
"PRATO","VAIANO",4,52.97,8277
"PRATO","VERNIO",1,8.73,5099
"PRATO","VERNIO",2,27.3,5099
"PRATO","VERNIO",3,33.54,5099
"PRATO","VERNIO",4,45.62,5099
"FIRENZE","BAGNO A RIPOLI",1,12.71,20585
"FIRENZE","BAGNO A RIPOLI",2,35.59,20585
"FIRENZE","BAGNO A RIPOLI",3,44.07,20585
"FIRENZE","BAGNO A RIPOLI",4,56.93,20585
"FIRENZE","BARBERINO DI MUGELLO",1,9.07,8597
"FIRENZE","BARBERINO DI MUGELLO",2,28.03,8597
"FIRENZE","BARBERINO DI MUGELLO",3,36.86,8597
"FIRENZE","BARBERINO DI MUGELLO",4,48.18,8597
"FIRENZE","BARBERINO TAVARNELLE",1,9.96,9627
"FIRENZE","BARBERINO TAVARNELLE",2,30.4,9627
"FIRENZE","BARBERINO TAVARNELLE",3,40.22,9627
"FIRENZE","BARBERINO TAVARNELLE",4,52.88,9627
"FIRENZE","BORGO SAN LORENZO",1,9.65,14547
"FIRENZE","BORGO SAN LORENZO",2,28.94,14547
"FIRENZE","BORGO SAN LORENZO",3,37.05,14547
"FIRENZE","BORGO SAN LORENZO",4,49.63,14547
"FIRENZE","CALENZANO",1,11.61,14424
"FIRENZE","CALENZANO",2,32.83,14424
"FIRENZE","CALENZANO",3,41.52,14424
"FIRENZE","CALENZANO",4,54.78,14424
"FIRENZE","CAMPI BISENZIO",1,9.73,32438
"FIRENZE","CAMPI BISENZIO",2,27.88,32438
"FIRENZE","CAMPI BISENZIO",3,36.3,32438
"FIRENZE","CAMPI BISENZIO",4,47.78,32438
"FIRENZE","CAPRAIA E LIMITE",1,10.07,6226
"FIRENZE","CAPRAIA E LIMITE",2,31.18,6226
"FIRENZE","CAPRAIA E LIMITE",3,41.44,6226
"FIRENZE","CAPRAIA E LIMITE",4,54.11,6226
"FIRENZE","CASTELFIORENTINO",1,9.99,13194
"FIRENZE","CASTELFIORENTINO",2,28.63,13194
"FIRENZE","CASTELFIORENTINO",3,36.49,13194
"FIRENZE","CASTELFIORENTINO",4,46.95,13194
"FIRENZE","CERRETO GUIDI",1,8.77,8257
"FIRENZE","CERRETO GUIDI",2,27.54,8257
"FIRENZE","CERRETO GUIDI",3,36.68,8257
"FIRENZE","CERRETO GUIDI",4,49.39,8257
"FIRENZE","CERTALDO",1,9.2,12581
"FIRENZE","CERTALDO",2,27.62,12581
"FIRENZE","CERTALDO",3,36.12,12581
"FIRENZE","CERTALDO",4,48.93,12581
"FIRENZE","DICOMANO",1,10.13,4286
"FIRENZE","DICOMANO",2,28.39,4286
"FIRENZE","DICOMANO",3,35.67,4286
"FIRENZE","DICOMANO",4,48.3,4286
"FIRENZE","EMPOLI",1,10.69,36131
"FIRENZE","EMPOLI",2,30.57,36131
"FIRENZE","EMPOLI",3,39.35,36131
"FIRENZE","EMPOLI",4,51.22,36131
"FIRENZE","FIESOLE",1,11.54,11109
"FIRENZE","FIESOLE",2,34.77,11109
"FIRENZE","FIESOLE",3,43.38,11109
"FIRENZE","FIESOLE",4,56.07,11109
"FIRENZE","FIGLINE E INCISA VALDARNO",1,9.79,18409
"FIRENZE","FIGLINE E INCISA VALDARNO",2,29.78,18409
"FIRENZE","FIGLINE E INCISA VALDARNO",3,37.42,18409
"FIRENZE","FIGLINE E INCISA VALDARNO",4,49.22,18409
"FIRENZE","FIRENZE",1,12.84,286659
"FIRENZE","FIRENZE",2,32.93,286659
"FIRENZE","FIRENZE",3,41.13,286659
"FIRENZE","FIRENZE",4,53.69,286659
"FIRENZE","FIRENZUOLA",1,8.68,3756
"FIRENZE","FIRENZUOLA",2,27,3756
"FIRENZE","FIRENZUOLA",3,33.2,3756
"FIRENZE","FIRENZUOLA",4,47.74,3756
"FIRENZE","FUCECCHIO",1,9.24,17107
"FIRENZE","FUCECCHIO",2,26.88,17107
"FIRENZE","FUCECCHIO",3,35.02,17107
"FIRENZE","FUCECCHIO",4,46.56,17107
"FIRENZE","GAMBASSI TERME",1,8.99,4058
"FIRENZE","GAMBASSI TERME",2,27.99,4058
"FIRENZE","GAMBASSI TERME",3,36.77,4058
"FIRENZE","GAMBASSI TERME",4,49.93,4058
"FIRENZE","GREVE IN CHIANTI",1,9.57,10915
"FIRENZE","GREVE IN CHIANTI",2,28.37,10915
"FIRENZE","GREVE IN CHIANTI",3,36.23,10915
"FIRENZE","GREVE IN CHIANTI",4,49.4,10915
"FIRENZE","IMPRUNETA",1,11.38,11595
"FIRENZE","IMPRUNETA",2,31.97,11595
"FIRENZE","IMPRUNETA",3,41.05,11595
"FIRENZE","IMPRUNETA",4,55.7,11595
"FIRENZE","LASTRA A SIGNA",1,9.52,15471
"FIRENZE","LASTRA A SIGNA",2,28.98,15471
"FIRENZE","LASTRA A SIGNA",3,38.09,15471
"FIRENZE","LASTRA A SIGNA",4,49.58,15471
"FIRENZE","LONDA",1,9.08,1509
"FIRENZE","LONDA",2,26.24,1509
"FIRENZE","LONDA",3,34.19,1509
"FIRENZE","LONDA",4,49.97,1509
"FIRENZE","MARRADI",1,7.98,2606
"FIRENZE","MARRADI",2,20.22,2606
"FIRENZE","MARRADI",3,27.82,2606
"FIRENZE","MARRADI",4,46.62,2606
"FIRENZE","MONTAIONE",1,10.28,2811
"FIRENZE","MONTAIONE",2,27.78,2811
"FIRENZE","MONTAIONE",3,34.86,2811
"FIRENZE","MONTAIONE",4,48.74,2811
"FIRENZE","MONTELUPO FIORENTINO",1,11.45,11385
"FIRENZE","MONTELUPO FIORENTINO",2,33.45,11385
"FIRENZE","MONTELUPO FIORENTINO",3,42.41,11385
"FIRENZE","MONTELUPO FIORENTINO",4,54.97,11385
"FIRENZE","MONTESPERTOLI",1,11.02,10828
"FIRENZE","MONTESPERTOLI",2,30.35,10828
"FIRENZE","MONTESPERTOLI",3,39.74,10828
"FIRENZE","MONTESPERTOLI",4,52.8,10828
"FIRENZE","PALAZZUOLO SUL SENIO",1,6.02,1097
"FIRENZE","PALAZZUOLO SUL SENIO",2,19.87,1097
"FIRENZE","PALAZZUOLO SUL SENIO",3,26.25,1097
"FIRENZE","PALAZZUOLO SUL SENIO",4,40.2,1097
"FIRENZE","PELAGO",1,11.39,6284
"FIRENZE","PELAGO",2,34.02,6284
"FIRENZE","PELAGO",3,42.58,6284
"FIRENZE","PELAGO",4,55.97,6284
"FIRENZE","PONTASSIEVE",1,12.58,15881
"FIRENZE","PONTASSIEVE",2,35.85,15881
"FIRENZE","PONTASSIEVE",3,45.45,15881
"FIRENZE","PONTASSIEVE",4,57.4,15881
"FIRENZE","REGGELLO",1,11.16,13555
"FIRENZE","REGGELLO",2,32.76,13555
"FIRENZE","REGGELLO",3,41.11,13555
"FIRENZE","REGGELLO",4,54.8,13555
"FIRENZE","RIGNANO SULL'ARNO",1,10.73,6980
"FIRENZE","RIGNANO SULL'ARNO",2,31.07,6980
"FIRENZE","RIGNANO SULL'ARNO",3,39.9,6980
"FIRENZE","RIGNANO SULL'ARNO",4,53.17,6980
"FIRENZE","RUFINA",1,11.14,5870
"FIRENZE","RUFINA",2,30.77,5870
"FIRENZE","RUFINA",3,40.85,5870
"FIRENZE","RUFINA",4,52.96,5870
"FIRENZE","SAN CASCIANO IN VAL DI PESA",1,11.14,13542
"FIRENZE","SAN CASCIANO IN VAL DI PESA",2,32.79,13542
"FIRENZE","SAN CASCIANO IN VAL DI PESA",3,41.42,13542
"FIRENZE","SAN CASCIANO IN VAL DI PESA",4,55.17,13542
"FIRENZE","SAN GODENZO",1,8.14,909
"FIRENZE","SAN GODENZO",2,29.7,909
"FIRENZE","SAN GODENZO",3,40.59,909
"FIRENZE","SAN GODENZO",4,55.23,909
"FIRENZE","SCANDICCI",1,11.73,39384
"FIRENZE","SCANDICCI",2,31.95,39384
"FIRENZE","SCANDICCI",3,40.35,39384
"FIRENZE","SCANDICCI",4,52.25,39384
"FIRENZE","SCARPERIA E SAN PIERO",1,9.59,9560
"FIRENZE","SCARPERIA E SAN PIERO",2,28.6,9560
"FIRENZE","SCARPERIA E SAN PIERO",3,37.7,9560
"FIRENZE","SCARPERIA E SAN PIERO",4,51.49,9560
"FIRENZE","SESTO FIORENTINO",1,12.69,38799
"FIRENZE","SESTO FIORENTINO",2,35.93,38799
"FIRENZE","SESTO FIORENTINO",3,45.68,38799
"FIRENZE","SESTO FIORENTINO",4,58.25,38799
"FIRENZE","SIGNA",1,10.03,14205
"FIRENZE","SIGNA",2,27.34,14205
"FIRENZE","SIGNA",3,35.94,14205
"FIRENZE","SIGNA",4,46.66,14205
"FIRENZE","VAGLIA",1,12.06,4371
"FIRENZE","VAGLIA",2,34,4371
"FIRENZE","VAGLIA",3,42.62,4371
"FIRENZE","VAGLIA",4,55.94,4371
"FIRENZE","VICCHIO",1,8.64,6643
"FIRENZE","VICCHIO",2,26.01,6643
"FIRENZE","VICCHIO",3,34.47,6643
"FIRENZE","VICCHIO",4,47.19,6643
"FIRENZE","VINCI",1,10.39,11247
"FIRENZE","VINCI",2,30.06,11247
"FIRENZE","VINCI",3,39.4,11247
"FIRENZE","VINCI",4,51.68,11247
