comune,candidato,voti,voti_numeric,percentuale,perc_numeric,provincia
Anghiari,Ceccardi Susanna,1.349,1349,"49,02",49.02,Arezzo
Anghiari,Giani Eugenio,1.096,1096,"39,83",39.83,Arezzo
Anghiari,Galletti Irene,172,172,"6,25",6.25,Arezzo
Anghiari,Fattori Tommaso,86,86,"3,12",3.12,Arezzo
Anghiari,Barzanti Marco,38,38,"1,38",1.38,Arezzo
Anghiari,Catello Salvatore,11,11,"0,4",0.4,Arezzo
Arezzo,Ceccardi Susanna,24.022,24022,"49,01",49.01,Arezzo
Arezzo,Giani Eugenio,20.595,20595,"42,02",42.02,Arezzo
Arezzo,Galletti Irene,2.794,2794,"5,7",5.7,Arezzo
Arezzo,Barzanti Marco,659,659,"1,34",1.34,Arezzo
Arezzo,Fattori Tommaso,650,650,"1,33",1.33,Arezzo
Arezzo,Catello Salvatore,294,294,"0,6",0.6,Arezzo
Badia Tedalda,Ceccardi Susanna,283,283,"57,87",57.87,Arezzo
Badia Tedalda,Giani Eugenio,168,168,"34,36",34.36,Arezzo
Badia Tedalda,Galletti Irene,20,20,"4,09",4.09,Arezzo
Badia Tedalda,Barzanti Marco,13,13,"2,66",2.66,Arezzo
Badia Tedalda,Fattori Tommaso,3,3,"0,61",0.61,Arezzo
Badia Tedalda,Catello Salvatore,2,2,"0,41",0.41,Arezzo
Bibbiena,Giani Eugenio,2.696,2696,"50,81",50.81,Arezzo
Bibbiena,Ceccardi Susanna,2.125,2125,"40,05",40.05,Arezzo
Bibbiena,Galletti Irene,299,299,"5,64",5.64,Arezzo
Bibbiena,Fattori Tommaso,93,93,"1,75",1.75,Arezzo
Bibbiena,Barzanti Marco,60,60,"1,13",1.13,Arezzo
Bibbiena,Catello Salvatore,33,33,"0,62",0.62,Arezzo
Bucine,Giani Eugenio,2.453,2453,"49,79",49.79,Arezzo
Bucine,Ceccardi Susanna,1.938,1938,"39,33",39.33,Arezzo
Bucine,Galletti Irene,357,357,"7,25",7.25,Arezzo
Bucine,Barzanti Marco,85,85,"1,73",1.73,Arezzo
Bucine,Fattori Tommaso,50,50,"1,01",1.01,Arezzo
Bucine,Catello Salvatore,44,44,"0,89",0.89,Arezzo
Capolona,Ceccardi Susanna,1.2,12,"46,69",46.69,Arezzo
Capolona,Giani Eugenio,1.087,1087,"42,3",42.3,Arezzo
Capolona,Galletti Irene,184,184,"7,16",7.16,Arezzo
Capolona,Barzanti Marco,44,44,"1,71",1.71,Arezzo
Capolona,Fattori Tommaso,29,29,"1,13",1.13,Arezzo
Capolona,Catello Salvatore,26,26,"1,01",1.01,Arezzo
Caprese Michelangelo,Ceccardi Susanna,317,317,"54,0",54,Arezzo
Caprese Michelangelo,Giani Eugenio,227,227,"38,67",38.67,Arezzo
Caprese Michelangelo,Galletti Irene,20,20,"3,41",3.41,Arezzo
Caprese Michelangelo,Fattori Tommaso,11,11,"1,87",1.87,Arezzo
Caprese Michelangelo,Barzanti Marco,7,7,"1,19",1.19,Arezzo
Caprese Michelangelo,Catello Salvatore,5,5,"0,85",0.85,Arezzo
Castel Focognano,Ceccardi Susanna,659,659,"46,87",46.87,Arezzo
Castel Focognano,Giani Eugenio,603,603,"42,89",42.89,Arezzo
Castel Focognano,Galletti Irene,87,87,"6,19",6.19,Arezzo
Castel Focognano,Barzanti Marco,24,24,"1,71",1.71,Arezzo
Castel Focognano,Fattori Tommaso,23,23,"1,64",1.64,Arezzo
Castel Focognano,Catello Salvatore,10,10,"0,71",0.71,Arezzo
Castel San Niccolò,Giani Eugenio,709,709,"56,31",56.31,Arezzo
Castel San Niccolò,Ceccardi Susanna,456,456,"36,22",36.22,Arezzo
Castel San Niccolò,Galletti Irene,60,60,"4,77",4.77,Arezzo
Castel San Niccolò,Fattori Tommaso,16,16,"1,27",1.27,Arezzo
Castel San Niccolò,Barzanti Marco,15,15,"1,19",1.19,Arezzo
Castel San Niccolò,Catello Salvatore,3,3,"0,24",0.24,Arezzo
Castelfranco Piandiscò,Giani Eugenio,2.323,2323,"48,01",48.01,Arezzo
Castelfranco Piandiscò,Ceccardi Susanna,1.941,1941,"40,11",40.11,Arezzo
Castelfranco Piandiscò,Galletti Irene,396,396,"8,18",8.18,Arezzo
Castelfranco Piandiscò,Fattori Tommaso,94,94,"1,94",1.94,Arezzo
Castelfranco Piandiscò,Barzanti Marco,63,63,"1,3",1.3,Arezzo
Castelfranco Piandiscò,Catello Salvatore,22,22,"0,45",0.45,Arezzo
Castiglion Fibocchi,Ceccardi Susanna,567,567,"54,21",54.21,Arezzo
Castiglion Fibocchi,Giani Eugenio,401,401,"38,34",38.34,Arezzo
Castiglion Fibocchi,Galletti Irene,43,43,"4,11",4.11,Arezzo
Castiglion Fibocchi,Catello Salvatore,14,14,"1,34",1.34,Arezzo
Castiglion Fibocchi,Barzanti Marco,12,12,"1,15",1.15,Arezzo
Castiglion Fibocchi,Fattori Tommaso,9,9,"0,86",0.86,Arezzo
Castiglion Fiorentino,Ceccardi Susanna,3.463,3463,"56,78",56.78,Arezzo
Castiglion Fiorentino,Giani Eugenio,2.153,2153,"35,3",35.3,Arezzo
Castiglion Fiorentino,Galletti Irene,320,320,"5,25",5.25,Arezzo
Castiglion Fiorentino,Fattori Tommaso,67,67,"1,1",1.1,Arezzo
Castiglion Fiorentino,Barzanti Marco,65,65,"1,07",1.07,Arezzo
Castiglion Fiorentino,Catello Salvatore,31,31,"0,51",0.51,Arezzo
Cavriglia,Giani Eugenio,2.81,281,"56,91",56.91,Arezzo
Cavriglia,Ceccardi Susanna,1.488,1488,"30,13",30.13,Arezzo
Cavriglia,Galletti Irene,421,421,"8,53",8.53,Arezzo
Cavriglia,Fattori Tommaso,86,86,"1,74",1.74,Arezzo
Cavriglia,Barzanti Marco,81,81,"1,64",1.64,Arezzo
Cavriglia,Catello Salvatore,52,52,"1,05",1.05,Arezzo
Chitignano,Giani Eugenio,222,222,"47,33",47.33,Arezzo
Chitignano,Ceccardi Susanna,203,203,"43,28",43.28,Arezzo
Chitignano,Galletti Irene,19,19,"4,05",4.05,Arezzo
Chitignano,Fattori Tommaso,10,10,"2,13",2.13,Arezzo
Chitignano,Barzanti Marco,10,10,"2,13",2.13,Arezzo
Chitignano,Catello Salvatore,5,5,"1,07",1.07,Arezzo
Chiusi della Verna,Giani Eugenio,455,455,"45,36",45.36,Arezzo
Chiusi della Verna,Ceccardi Susanna,452,452,"45,06",45.06,Arezzo
Chiusi della Verna,Galletti Irene,48,48,"4,79",4.79,Arezzo
Chiusi della Verna,Fattori Tommaso,27,27,"2,69",2.69,Arezzo
Chiusi della Verna,Barzanti Marco,12,12,"1,2",1.2,Arezzo
Chiusi della Verna,Catello Salvatore,9,9,"0,9",0.9,Arezzo
Civitella in Val di Chiana,Ceccardi Susanna,2.256,2256,"50,95",50.95,Arezzo
Civitella in Val di Chiana,Giani Eugenio,1.757,1757,"39,68",39.68,Arezzo
Civitella in Val di Chiana,Galletti Irene,255,255,"5,76",5.76,Arezzo
Civitella in Val di Chiana,Barzanti Marco,64,64,"1,45",1.45,Arezzo
Civitella in Val di Chiana,Fattori Tommaso,61,61,"1,38",1.38,Arezzo
Civitella in Val di Chiana,Catello Salvatore,35,35,"0,79",0.79,Arezzo
Cortona,Ceccardi Susanna,5.214,5214,"49,98",49.98,Arezzo
Cortona,Giani Eugenio,4.492,4492,"43,06",43.06,Arezzo
Cortona,Galletti Irene,398,398,"3,82",3.82,Arezzo
Cortona,Barzanti Marco,125,125,"1,2",1.2,Arezzo
Cortona,Fattori Tommaso,117,117,"1,12",1.12,Arezzo
Cortona,Catello Salvatore,86,86,"0,82",0.82,Arezzo
Foiano della Chiana,Ceccardi Susanna,1.743,1743,"46,75",46.75,Arezzo
Foiano della Chiana,Giani Eugenio,1.618,1618,"43,4",43.4,Arezzo
Foiano della Chiana,Galletti Irene,268,268,"7,19",7.19,Arezzo
Foiano della Chiana,Barzanti Marco,43,43,"1,15",1.15,Arezzo
Foiano della Chiana,Fattori Tommaso,34,34,"0,91",0.91,Arezzo
Foiano della Chiana,Catello Salvatore,22,22,"0,59",0.59,Arezzo
Loro Ciuffenna,Giani Eugenio,1.416,1416,"47,81",47.81,Arezzo
Loro Ciuffenna,Ceccardi Susanna,1.216,1216,"41,05",41.05,Arezzo
Loro Ciuffenna,Galletti Irene,216,216,"7,29",7.29,Arezzo
Loro Ciuffenna,Fattori Tommaso,49,49,"1,65",1.65,Arezzo
Loro Ciuffenna,Barzanti Marco,43,43,"1,45",1.45,Arezzo
Loro Ciuffenna,Catello Salvatore,22,22,"0,74",0.74,Arezzo
Lucignano,Ceccardi Susanna,834,834,"49,35",49.35,Arezzo
Lucignano,Giani Eugenio,713,713,"42,19",42.19,Arezzo
Lucignano,Galletti Irene,94,94,"5,56",5.56,Arezzo
Lucignano,Barzanti Marco,28,28,"1,66",1.66,Arezzo
Lucignano,Fattori Tommaso,13,13,"0,77",0.77,Arezzo
Lucignano,Catello Salvatore,8,8,"0,47",0.47,Arezzo
Marciano della Chiana,Ceccardi Susanna,890,890,"54,9",54.9,Arezzo
Marciano della Chiana,Giani Eugenio,603,603,"37,2",37.2,Arezzo
Marciano della Chiana,Galletti Irene,86,86,"5,31",5.31,Arezzo
Marciano della Chiana,Barzanti Marco,21,21,"1,3",1.3,Arezzo
Marciano della Chiana,Fattori Tommaso,12,12,"0,74",0.74,Arezzo
Marciano della Chiana,Catello Salvatore,9,9,"0,56",0.56,Arezzo
Monte San Savino,Ceccardi Susanna,2.252,2252,"54,83",54.83,Arezzo
Monte San Savino,Giani Eugenio,1.509,1509,"36,74",36.74,Arezzo
Monte San Savino,Galletti Irene,225,225,"5,48",5.48,Arezzo
Monte San Savino,Barzanti Marco,54,54,"1,31",1.31,Arezzo
Monte San Savino,Catello Salvatore,34,34,"0,83",0.83,Arezzo
Monte San Savino,Fattori Tommaso,33,33,"0,8",0.8,Arezzo
Montemignaio,Giani Eugenio,151,151,"51,01",51.01,Arezzo
Montemignaio,Ceccardi Susanna,121,121,"40,88",40.88,Arezzo
Montemignaio,Galletti Irene,11,11,"3,72",3.72,Arezzo
Montemignaio,Catello Salvatore,6,6,"2,03",2.03,Arezzo
Montemignaio,Barzanti Marco,4,4,"1,35",1.35,Arezzo
Montemignaio,Fattori Tommaso,3,3,"1,01",1.01,Arezzo
Monterchi,Ceccardi Susanna,459,459,"54,58",54.58,Arezzo
Monterchi,Giani Eugenio,324,324,"38,53",38.53,Arezzo
Monterchi,Galletti Irene,35,35,"4,16",4.16,Arezzo
Monterchi,Fattori Tommaso,9,9,"1,07",1.07,Arezzo
Monterchi,Barzanti Marco,8,8,"0,95",0.95,Arezzo
Monterchi,Catello Salvatore,6,6,"0,71",0.71,Arezzo
Montevarchi,Giani Eugenio,5.457,5457,"49,84",49.84,Arezzo
Montevarchi,Ceccardi Susanna,4.448,4448,"40,63",40.63,Arezzo
Montevarchi,Galletti Irene,743,743,"6,79",6.79,Arezzo
Montevarchi,Barzanti Marco,141,141,"1,29",1.29,Arezzo
Montevarchi,Fattori Tommaso,112,112,"1,02",1.02,Arezzo
Montevarchi,Catello Salvatore,47,47,"0,43",0.43,Arezzo
Ortignano Raggiolo,Giani Eugenio,245,245,"54,08",54.08,Arezzo
Ortignano Raggiolo,Ceccardi Susanna,164,164,"36,2",36.2,Arezzo
Ortignano Raggiolo,Galletti Irene,27,27,"5,96",5.96,Arezzo
Ortignano Raggiolo,Fattori Tommaso,10,10,"2,21",2.21,Arezzo
Ortignano Raggiolo,Barzanti Marco,4,4,"0,88",0.88,Arezzo
Ortignano Raggiolo,Catello Salvatore,3,3,"0,66",0.66,Arezzo
Pieve Santo Stefano,Ceccardi Susanna,839,839,"55,75",55.75,Arezzo
Pieve Santo Stefano,Giani Eugenio,525,525,"34,88",34.88,Arezzo
Pieve Santo Stefano,Galletti Irene,91,91,"6,05",6.05,Arezzo
Pieve Santo Stefano,Fattori Tommaso,26,26,"1,73",1.73,Arezzo
Pieve Santo Stefano,Barzanti Marco,16,16,"1,06",1.06,Arezzo
Pieve Santo Stefano,Catello Salvatore,8,8,"0,53",0.53,Arezzo
Poppi,Giani Eugenio,1.374,1374,"47,33",47.33,Arezzo
Poppi,Ceccardi Susanna,1.297,1297,"44,68",44.68,Arezzo
Poppi,Galletti Irene,125,125,"4,31",4.31,Arezzo
Poppi,Fattori Tommaso,56,56,"1,93",1.93,Arezzo
Poppi,Barzanti Marco,36,36,"1,24",1.24,Arezzo
Poppi,Catello Salvatore,15,15,"0,52",0.52,Arezzo
Pratovecchio Stia,Giani Eugenio,1.401,1401,"49,4",49.4,Arezzo
Pratovecchio Stia,Ceccardi Susanna,1.21,121,"42,67",42.67,Arezzo
Pratovecchio Stia,Galletti Irene,142,142,"5,01",5.01,Arezzo
Pratovecchio Stia,Fattori Tommaso,38,38,"1,34",1.34,Arezzo
Pratovecchio Stia,Barzanti Marco,27,27,"0,95",0.95,Arezzo
Pratovecchio Stia,Catello Salvatore,18,18,"0,63",0.63,Arezzo
San Giovanni Valdarno,Giani Eugenio,4.395,4395,"54,62",54.62,Arezzo
San Giovanni Valdarno,Ceccardi Susanna,2.609,2609,"32,43",32.43,Arezzo
San Giovanni Valdarno,Galletti Irene,688,688,"8,55",8.55,Arezzo
San Giovanni Valdarno,Fattori Tommaso,166,166,"2,06",2.06,Arezzo
San Giovanni Valdarno,Barzanti Marco,130,130,"1,62",1.62,Arezzo
San Giovanni Valdarno,Catello Salvatore,58,58,"0,72",0.72,Arezzo
Sansepolcro,Ceccardi Susanna,3.892,3892,"51,5",51.5,Arezzo
Sansepolcro,Giani Eugenio,2.996,2996,"39,64",39.64,Arezzo
Sansepolcro,Galletti Irene,413,413,"5,46",5.46,Arezzo
Sansepolcro,Fattori Tommaso,125,125,"1,65",1.65,Arezzo
Sansepolcro,Barzanti Marco,96,96,"1,27",1.27,Arezzo
Sansepolcro,Catello Salvatore,36,36,"0,48",0.48,Arezzo
Sestino,Ceccardi Susanna,316,316,"57,14",57.14,Arezzo
Sestino,Giani Eugenio,195,195,"35,26",35.26,Arezzo
Sestino,Galletti Irene,34,34,"6,15",6.15,Arezzo
Sestino,Barzanti Marco,7,7,"1,27",1.27,Arezzo
Sestino,Catello Salvatore,1,1,"0,18",0.18,Arezzo
Sestino,Fattori Tommaso,0,0,"0,0",0,Arezzo
Subbiano,Ceccardi Susanna,1.376,1376,"48,99",48.99,Arezzo
Subbiano,Giani Eugenio,1.152,1152,"41,01",41.01,Arezzo
Subbiano,Galletti Irene,187,187,"6,66",6.66,Arezzo
Subbiano,Fattori Tommaso,44,44,"1,57",1.57,Arezzo
Subbiano,Barzanti Marco,29,29,"1,03",1.03,Arezzo
Subbiano,Catello Salvatore,21,21,"0,75",0.75,Arezzo
Talla,Ceccardi Susanna,222,222,"46,06",46.06,Arezzo
Talla,Giani Eugenio,206,206,"42,74",42.74,Arezzo
Talla,Fattori Tommaso,17,17,"3,53",3.53,Arezzo
Talla,Galletti Irene,16,16,"3,32",3.32,Arezzo
Talla,Barzanti Marco,15,15,"3,11",3.11,Arezzo
Talla,Catello Salvatore,6,6,"1,24",1.24,Arezzo
Terranuova Bracciolini,Giani Eugenio,2.98,298,"50,13",50.13,Arezzo
Terranuova Bracciolini,Ceccardi Susanna,2.26,226,"38,02",38.02,Arezzo
Terranuova Bracciolini,Galletti Irene,480,480,"8,08",8.08,Arezzo
Terranuova Bracciolini,Barzanti Marco,93,93,"1,56",1.56,Arezzo
Terranuova Bracciolini,Fattori Tommaso,86,86,"1,45",1.45,Arezzo
Terranuova Bracciolini,Catello Salvatore,45,45,"0,76",0.76,Arezzo
Laterina Pergine Valdarno,Ceccardi Susanna,1.407,1407,"45,59",45.59,Arezzo
Laterina Pergine Valdarno,Giani Eugenio,1.303,1303,"42,22",42.22,Arezzo
Laterina Pergine Valdarno,Galletti Irene,246,246,"7,97",7.97,Arezzo
Laterina Pergine Valdarno,Catello Salvatore,50,50,"1,62",1.62,Arezzo
Laterina Pergine Valdarno,Barzanti Marco,45,45,"1,46",1.46,Arezzo
Laterina Pergine Valdarno,Fattori Tommaso,35,35,"1,13",1.13,Arezzo
Arcidosso,Ceccardi Susanna,894,894,"49,78",49.78,Grosseto
Arcidosso,Giani Eugenio,720,720,"40,09",40.09,Grosseto
Arcidosso,Galletti Irene,111,111,"6,18",6.18,Grosseto
Arcidosso,Fattori Tommaso,36,36,"2,0",2,Grosseto
Arcidosso,Barzanti Marco,24,24,"1,34",1.34,Grosseto
Arcidosso,Catello Salvatore,11,11,"0,61",0.61,Grosseto
Campagnatico,Ceccardi Susanna,720,720,"62,02",62.02,Grosseto
Campagnatico,Giani Eugenio,368,368,"31,7",31.7,Grosseto
Campagnatico,Galletti Irene,46,46,"3,96",3.96,Grosseto
Campagnatico,Fattori Tommaso,11,11,"0,95",0.95,Grosseto
Campagnatico,Barzanti Marco,11,11,"0,95",0.95,Grosseto
Campagnatico,Catello Salvatore,5,5,"0,43",0.43,Grosseto
Capalbio,Ceccardi Susanna,850,850,"48,27",48.27,Grosseto
Capalbio,Giani Eugenio,733,733,"41,62",41.62,Grosseto
Capalbio,Galletti Irene,103,103,"5,85",5.85,Grosseto
Capalbio,Fattori Tommaso,42,42,"2,39",2.39,Grosseto
Capalbio,Barzanti Marco,21,21,"1,19",1.19,Grosseto
Capalbio,Catello Salvatore,12,12,"0,68",0.68,Grosseto
Castel del Piano,Ceccardi Susanna,1.01,101,"49,75",49.75,Grosseto
Castel del Piano,Giani Eugenio,843,843,"41,53",41.53,Grosseto
Castel del Piano,Galletti Irene,115,115,"5,67",5.67,Grosseto
Castel del Piano,Fattori Tommaso,31,31,"1,53",1.53,Grosseto
Castel del Piano,Barzanti Marco,20,20,"0,99",0.99,Grosseto
Castel del Piano,Catello Salvatore,11,11,"0,54",0.54,Grosseto
Castell'Azzara,Giani Eugenio,353,353,"50,0",50,Grosseto
Castell'Azzara,Ceccardi Susanna,291,291,"41,22",41.22,Grosseto
Castell'Azzara,Galletti Irene,24,24,"3,4",3.4,Grosseto
Castell'Azzara,Barzanti Marco,16,16,"2,27",2.27,Grosseto
Castell'Azzara,Catello Salvatore,12,12,"1,7",1.7,Grosseto
Castell'Azzara,Fattori Tommaso,10,10,"1,42",1.42,Grosseto
Castiglione della Pescaia,Ceccardi Susanna,1.781,1781,"49,72",49.72,Grosseto
Castiglione della Pescaia,Giani Eugenio,1.457,1457,"40,68",40.68,Grosseto
Castiglione della Pescaia,Galletti Irene,255,255,"7,12",7.12,Grosseto
Castiglione della Pescaia,Fattori Tommaso,44,44,"1,23",1.23,Grosseto
Castiglione della Pescaia,Barzanti Marco,24,24,"0,67",0.67,Grosseto
Castiglione della Pescaia,Catello Salvatore,21,21,"0,59",0.59,Grosseto
Cinigiano,Ceccardi Susanna,560,560,"52,0",52,Grosseto
Cinigiano,Giani Eugenio,429,429,"39,83",39.83,Grosseto
Cinigiano,Galletti Irene,39,39,"3,62",3.62,Grosseto
Cinigiano,Fattori Tommaso,27,27,"2,51",2.51,Grosseto
Cinigiano,Barzanti Marco,14,14,"1,3",1.3,Grosseto
Cinigiano,Catello Salvatore,8,8,"0,74",0.74,Grosseto
Civitella Paganico,Ceccardi Susanna,705,705,"49,75",49.75,Grosseto
Civitella Paganico,Giani Eugenio,625,625,"44,11",44.11,Grosseto
Civitella Paganico,Galletti Irene,50,50,"3,53",3.53,Grosseto
Civitella Paganico,Barzanti Marco,15,15,"1,06",1.06,Grosseto
Civitella Paganico,Fattori Tommaso,14,14,"0,99",0.99,Grosseto
Civitella Paganico,Catello Salvatore,8,8,"0,56",0.56,Grosseto
Follonica,Ceccardi Susanna,5.081,5081,"45,38",45.38,Grosseto
Follonica,Giani Eugenio,4.918,4918,"43,92",43.92,Grosseto
Follonica,Galletti Irene,701,701,"6,26",6.26,Grosseto
Follonica,Fattori Tommaso,281,281,"2,51",2.51,Grosseto
Follonica,Barzanti Marco,157,157,"1,4",1.4,Grosseto
Follonica,Catello Salvatore,59,59,"0,53",0.53,Grosseto
Gavorrano,Giani Eugenio,1.597,1597,"43,96",43.96,Grosseto
Gavorrano,Ceccardi Susanna,1.544,1544,"42,5",42.5,Grosseto
Gavorrano,Galletti Irene,287,287,"7,9",7.9,Grosseto
Gavorrano,Barzanti Marco,93,93,"2,56",2.56,Grosseto
Gavorrano,Fattori Tommaso,83,83,"2,28",2.28,Grosseto
Gavorrano,Catello Salvatore,29,29,"0,8",0.8,Grosseto
Grosseto,Ceccardi Susanna,18.246,18246,"47,83",47.83,Grosseto
Grosseto,Giani Eugenio,16.171,16171,"42,39",42.39,Grosseto
Grosseto,Galletti Irene,2.748,2748,"7,2",7.2,Grosseto
Grosseto,Fattori Tommaso,430,430,"1,13",1.13,Grosseto
Grosseto,Barzanti Marco,393,393,"1,03",1.03,Grosseto
Grosseto,Catello Salvatore,157,157,"0,41",0.41,Grosseto
Isola del Giglio,Ceccardi Susanna,341,341,"57,99",57.99,Grosseto
Isola del Giglio,Giani Eugenio,215,215,"36,56",36.56,Grosseto
Isola del Giglio,Galletti Irene,22,22,"3,74",3.74,Grosseto
Isola del Giglio,Fattori Tommaso,4,4,"0,68",0.68,Grosseto
Isola del Giglio,Catello Salvatore,3,3,"0,51",0.51,Grosseto
Isola del Giglio,Barzanti Marco,3,3,"0,51",0.51,Grosseto
Magliano in Toscana,Ceccardi Susanna,947,947,"54,21",54.21,Grosseto
Magliano in Toscana,Giani Eugenio,668,668,"38,24",38.24,Grosseto
Magliano in Toscana,Galletti Irene,84,84,"4,81",4.81,Grosseto
Magliano in Toscana,Fattori Tommaso,22,22,"1,26",1.26,Grosseto
Magliano in Toscana,Barzanti Marco,17,17,"0,97",0.97,Grosseto
Magliano in Toscana,Catello Salvatore,9,9,"0,52",0.52,Grosseto
Manciano,Ceccardi Susanna,1.548,1548,"50,41",50.41,Grosseto
Manciano,Giani Eugenio,1.167,1167,"38,0",38,Grosseto
Manciano,Galletti Irene,147,147,"4,79",4.79,Grosseto
Manciano,Barzanti Marco,145,145,"4,72",4.72,Grosseto
Manciano,Fattori Tommaso,53,53,"1,73",1.73,Grosseto
Manciano,Catello Salvatore,11,11,"0,36",0.36,Grosseto
Massa Marittima,Giani Eugenio,1.77,177,"45,85",45.85,Grosseto
Massa Marittima,Ceccardi Susanna,1.694,1694,"43,89",43.89,Grosseto
Massa Marittima,Galletti Irene,243,243,"6,3",6.3,Grosseto
Massa Marittima,Barzanti Marco,85,85,"2,2",2.2,Grosseto
Massa Marittima,Fattori Tommaso,48,48,"1,24",1.24,Grosseto
Massa Marittima,Catello Salvatore,20,20,"0,52",0.52,Grosseto
Monte Argentario,Ceccardi Susanna,2.605,2605,"51,54",51.54,Grosseto
Monte Argentario,Giani Eugenio,1.839,1839,"36,39",36.39,Grosseto
Monte Argentario,Galletti Irene,469,469,"9,28",9.28,Grosseto
Monte Argentario,Fattori Tommaso,69,69,"1,37",1.37,Grosseto
Monte Argentario,Barzanti Marco,47,47,"0,93",0.93,Grosseto
Monte Argentario,Catello Salvatore,25,25,"0,49",0.49,Grosseto
Monterotondo Marittimo,Giani Eugenio,326,326,"58,21",58.21,Grosseto
Monterotondo Marittimo,Ceccardi Susanna,169,169,"30,18",30.18,Grosseto
Monterotondo Marittimo,Galletti Irene,28,28,"5,0",5,Grosseto
Monterotondo Marittimo,Barzanti Marco,17,17,"3,04",3.04,Grosseto
Monterotondo Marittimo,Fattori Tommaso,14,14,"2,5",2.5,Grosseto
Monterotondo Marittimo,Catello Salvatore,6,6,"1,07",1.07,Grosseto
Montieri,Giani Eugenio,248,248,"50,0",50,Grosseto
Montieri,Ceccardi Susanna,189,189,"38,1",38.1,Grosseto
Montieri,Galletti Irene,28,28,"5,65",5.65,Grosseto
Montieri,Fattori Tommaso,15,15,"3,02",3.02,Grosseto
Montieri,Barzanti Marco,13,13,"2,62",2.62,Grosseto
Montieri,Catello Salvatore,3,3,"0,6",0.6,Grosseto
Orbetello,Ceccardi Susanna,3.659,3659,"51,23",51.23,Grosseto
Orbetello,Giani Eugenio,2.773,2773,"38,83",38.83,Grosseto
Orbetello,Galletti Irene,419,419,"5,87",5.87,Grosseto
Orbetello,Fattori Tommaso,128,128,"1,79",1.79,Grosseto
Orbetello,Barzanti Marco,82,82,"1,15",1.15,Grosseto
Orbetello,Catello Salvatore,81,81,"1,13",1.13,Grosseto
Pitigliano,Giani Eugenio,732,732,"42,31",42.31,Grosseto
Pitigliano,Ceccardi Susanna,730,730,"42,2",42.2,Grosseto
Pitigliano,Galletti Irene,190,190,"10,98",10.98,Grosseto
Pitigliano,Barzanti Marco,38,38,"2,2",2.2,Grosseto
Pitigliano,Fattori Tommaso,24,24,"1,39",1.39,Grosseto
Pitigliano,Catello Salvatore,16,16,"0,92",0.92,Grosseto
Roccalbegna,Ceccardi Susanna,255,255,"59,3",59.3,Grosseto
Roccalbegna,Giani Eugenio,138,138,"32,09",32.09,Grosseto
Roccalbegna,Galletti Irene,19,19,"4,42",4.42,Grosseto
Roccalbegna,Fattori Tommaso,9,9,"2,09",2.09,Grosseto
Roccalbegna,Barzanti Marco,6,6,"1,4",1.4,Grosseto
Roccalbegna,Catello Salvatore,3,3,"0,7",0.7,Grosseto
Roccastrada,Giani Eugenio,2.048,2048,"49,22",49.22,Grosseto
Roccastrada,Ceccardi Susanna,1.677,1677,"40,3",40.3,Grosseto
Roccastrada,Galletti Irene,271,271,"6,51",6.51,Grosseto
Roccastrada,Barzanti Marco,85,85,"2,04",2.04,Grosseto
Roccastrada,Fattori Tommaso,52,52,"1,25",1.25,Grosseto
Roccastrada,Catello Salvatore,28,28,"0,67",0.67,Grosseto
Santa Fiora,Giani Eugenio,576,576,"46,19",46.19,Grosseto
Santa Fiora,Ceccardi Susanna,553,553,"44,35",44.35,Grosseto
Santa Fiora,Galletti Irene,66,66,"5,29",5.29,Grosseto
Santa Fiora,Fattori Tommaso,31,31,"2,49",2.49,Grosseto
Santa Fiora,Barzanti Marco,15,15,"1,2",1.2,Grosseto
Santa Fiora,Catello Salvatore,6,6,"0,48",0.48,Grosseto
Scansano,Ceccardi Susanna,884,884,"48,2",48.2,Grosseto
Scansano,Giani Eugenio,764,764,"41,66",41.66,Grosseto
Scansano,Galletti Irene,90,90,"4,91",4.91,Grosseto
Scansano,Fattori Tommaso,35,35,"1,91",1.91,Grosseto
Scansano,Catello Salvatore,33,33,"1,8",1.8,Grosseto
Scansano,Barzanti Marco,28,28,"1,53",1.53,Grosseto
Scarlino,Ceccardi Susanna,881,881,"49,19",49.19,Grosseto
Scarlino,Giani Eugenio,697,697,"38,92",38.92,Grosseto
Scarlino,Galletti Irene,138,138,"7,71",7.71,Grosseto
Scarlino,Barzanti Marco,36,36,"2,01",2.01,Grosseto
Scarlino,Fattori Tommaso,25,25,"1,4",1.4,Grosseto
Scarlino,Catello Salvatore,14,14,"0,78",0.78,Grosseto
Seggiano,Ceccardi Susanna,226,226,"55,39",55.39,Grosseto
Seggiano,Giani Eugenio,152,152,"37,25",37.25,Grosseto
Seggiano,Galletti Irene,16,16,"3,92",3.92,Grosseto
Seggiano,Fattori Tommaso,5,5,"1,23",1.23,Grosseto
Seggiano,Catello Salvatore,5,5,"1,23",1.23,Grosseto
Seggiano,Barzanti Marco,4,4,"0,98",0.98,Grosseto
Semproniano,Ceccardi Susanna,241,241,"46,8",46.8,Grosseto
Semproniano,Giani Eugenio,237,237,"46,02",46.02,Grosseto
Semproniano,Galletti Irene,21,21,"4,08",4.08,Grosseto
Semproniano,Barzanti Marco,8,8,"1,55",1.55,Grosseto
Semproniano,Fattori Tommaso,4,4,"0,78",0.78,Grosseto
Semproniano,Catello Salvatore,4,4,"0,78",0.78,Grosseto
Sorano,Ceccardi Susanna,766,766,"47,9",47.9,Grosseto
Sorano,Giani Eugenio,636,636,"39,77",39.77,Grosseto
Sorano,Galletti Irene,128,128,"8,01",8.01,Grosseto
Sorano,Barzanti Marco,30,30,"1,88",1.88,Grosseto
Sorano,Fattori Tommaso,20,20,"1,25",1.25,Grosseto
Sorano,Catello Salvatore,19,19,"1,19",1.19,Grosseto
Bibbona,Giani Eugenio,696,696,"44,79",44.79,Livorno
Bibbona,Ceccardi Susanna,653,653,"42,02",42.02,Livorno
Bibbona,Galletti Irene,139,139,"8,94",8.94,Livorno
Bibbona,Barzanti Marco,21,21,"1,35",1.35,Livorno
Bibbona,Catello Salvatore,21,21,"1,35",1.35,Livorno
Bibbona,Fattori Tommaso,20,20,"1,29",1.29,Livorno
Bibbona,Vigni Tiziana,4,4,"0,26",0.26,Livorno
Campiglia Marittima,Giani Eugenio,2.897,2897,"46,32",46.32,Livorno
Campiglia Marittima,Ceccardi Susanna,2.667,2667,"42,64",42.64,Livorno
Campiglia Marittima,Galletti Irene,448,448,"7,16",7.16,Livorno
Campiglia Marittima,Barzanti Marco,87,87,"1,39",1.39,Livorno
Campiglia Marittima,Catello Salvatore,71,71,"1,14",1.14,Livorno
Campiglia Marittima,Fattori Tommaso,69,69,"1,1",1.1,Livorno
Campiglia Marittima,Vigni Tiziana,15,15,"0,24",0.24,Livorno
Campo nell'Elba,Ceccardi Susanna,1.453,1453,"66,68",66.68,Livorno
Campo nell'Elba,Giani Eugenio,533,533,"24,46",24.46,Livorno
Campo nell'Elba,Galletti Irene,108,108,"4,96",4.96,Livorno
Campo nell'Elba,Fattori Tommaso,38,38,"1,74",1.74,Livorno
Campo nell'Elba,Barzanti Marco,24,24,"1,1",1.1,Livorno
Campo nell'Elba,Catello Salvatore,13,13,"0,6",0.6,Livorno
Campo nell'Elba,Vigni Tiziana,10,10,"0,46",0.46,Livorno
Capoliveri,Ceccardi Susanna,968,968,"61,62",61.62,Livorno
Capoliveri,Giani Eugenio,495,495,"31,51",31.51,Livorno
Capoliveri,Galletti Irene,68,68,"4,33",4.33,Livorno
Capoliveri,Barzanti Marco,18,18,"1,15",1.15,Livorno
Capoliveri,Fattori Tommaso,12,12,"0,76",0.76,Livorno
Capoliveri,Catello Salvatore,7,7,"0,45",0.45,Livorno
Capoliveri,Vigni Tiziana,3,3,"0,19",0.19,Livorno
Capraia Isola,Ceccardi Susanna,77,77,"43,75",43.75,Livorno
Capraia Isola,Giani Eugenio,75,75,"42,61",42.61,Livorno
Capraia Isola,Galletti Irene,14,14,"7,95",7.95,Livorno
Capraia Isola,Barzanti Marco,5,5,"2,84",2.84,Livorno
Capraia Isola,Vigni Tiziana,3,3,"1,7",1.7,Livorno
Capraia Isola,Catello Salvatore,2,2,"1,14",1.14,Livorno
Capraia Isola,Fattori Tommaso,0,0,"0,0",0,Livorno
Castagneto Carducci,Ceccardi Susanna,1.748,1748,"45,93",45.93,Livorno
Castagneto Carducci,Giani Eugenio,1.707,1707,"44,85",44.85,Livorno
Castagneto Carducci,Galletti Irene,186,186,"4,89",4.89,Livorno
Castagneto Carducci,Barzanti Marco,64,64,"1,68",1.68,Livorno
Castagneto Carducci,Fattori Tommaso,51,51,"1,34",1.34,Livorno
Castagneto Carducci,Catello Salvatore,28,28,"0,74",0.74,Livorno
Castagneto Carducci,Vigni Tiziana,22,22,"0,58",0.58,Livorno
Cecina,Ceccardi Susanna,5.944,5944,"45,38",45.38,Livorno
Cecina,Giani Eugenio,5.689,5689,"43,43",43.43,Livorno
Cecina,Galletti Irene,943,943,"7,2",7.2,Livorno
Cecina,Barzanti Marco,176,176,"1,34",1.34,Livorno
Cecina,Fattori Tommaso,153,153,"1,17",1.17,Livorno
Cecina,Catello Salvatore,127,127,"0,97",0.97,Livorno
Cecina,Vigni Tiziana,66,66,"0,5",0.5,Livorno
Collesalvetti,Giani Eugenio,3.371,3371,"42,4",42.4,Livorno
Collesalvetti,Ceccardi Susanna,3.038,3038,"38,21",38.21,Livorno
Collesalvetti,Galletti Irene,855,855,"10,75",10.75,Livorno
Collesalvetti,Fattori Tommaso,242,242,"3,04",3.04,Livorno
Collesalvetti,Catello Salvatore,209,209,"2,63",2.63,Livorno
Collesalvetti,Barzanti Marco,196,196,"2,47",2.47,Livorno
Collesalvetti,Vigni Tiziana,40,40,"0,5",0.5,Livorno
Livorno,Giani Eugenio,35.547,35547,"48,36",48.36,Livorno
Livorno,Ceccardi Susanna,24.009,24009,"32,67",32.67,Livorno
Livorno,Galletti Irene,6.995,6995,"9,52",9.52,Livorno
Livorno,Fattori Tommaso,2.732,2732,"3,72",3.72,Livorno
Livorno,Catello Salvatore,2.339,2339,"3,18",3.18,Livorno
Livorno,Barzanti Marco,1.463,1463,"1,99",1.99,Livorno
Livorno,Vigni Tiziana,413,413,"0,56",0.56,Livorno
Marciana,Ceccardi Susanna,475,475,"56,89",56.89,Livorno
Marciana,Giani Eugenio,269,269,"32,22",32.22,Livorno
Marciana,Galletti Irene,55,55,"6,59",6.59,Livorno
Marciana,Fattori Tommaso,23,23,"2,75",2.75,Livorno
Marciana,Catello Salvatore,5,5,"0,6",0.6,Livorno
Marciana,Barzanti Marco,4,4,"0,48",0.48,Livorno
Marciana,Vigni Tiziana,4,4,"0,48",0.48,Livorno
Marciana Marina,Ceccardi Susanna,395,395,"48,35",48.35,Livorno
Marciana Marina,Giani Eugenio,308,308,"37,7",37.7,Livorno
Marciana Marina,Galletti Irene,60,60,"7,34",7.34,Livorno
Marciana Marina,Fattori Tommaso,40,40,"4,9",4.9,Livorno
Marciana Marina,Barzanti Marco,6,6,"0,73",0.73,Livorno
Marciana Marina,Catello Salvatore,5,5,"0,61",0.61,Livorno
Marciana Marina,Vigni Tiziana,3,3,"0,37",0.37,Livorno
Piombino,Giani Eugenio,7.653,7653,"48,74",48.74,Livorno
Piombino,Ceccardi Susanna,5.895,5895,"37,54",37.54,Livorno
Piombino,Galletti Irene,1.334,1334,"8,5",8.5,Livorno
Piombino,Fattori Tommaso,375,375,"2,39",2.39,Livorno
Piombino,Barzanti Marco,249,249,"1,59",1.59,Livorno
Piombino,Catello Salvatore,147,147,"0,94",0.94,Livorno
Piombino,Vigni Tiziana,50,50,"0,32",0.32,Livorno
Porto Azzurro,Ceccardi Susanna,903,903,"61,22",61.22,Livorno
Porto Azzurro,Giani Eugenio,414,414,"28,07",28.07,Livorno
Porto Azzurro,Galletti Irene,116,116,"7,86",7.86,Livorno
Porto Azzurro,Fattori Tommaso,19,19,"1,29",1.29,Livorno
Porto Azzurro,Barzanti Marco,13,13,"0,88",0.88,Livorno
Porto Azzurro,Catello Salvatore,5,5,"0,34",0.34,Livorno
Porto Azzurro,Vigni Tiziana,5,5,"0,34",0.34,Livorno
Portoferraio,Ceccardi Susanna,2.483,2483,"54,18",54.18,Livorno
Portoferraio,Giani Eugenio,1.613,1613,"35,2",35.2,Livorno
Portoferraio,Galletti Irene,300,300,"6,55",6.55,Livorno
Portoferraio,Fattori Tommaso,110,110,"2,4",2.4,Livorno
Portoferraio,Barzanti Marco,33,33,"0,72",0.72,Livorno
Portoferraio,Vigni Tiziana,24,24,"0,52",0.52,Livorno
Portoferraio,Catello Salvatore,20,20,"0,44",0.44,Livorno
Rio,Ceccardi Susanna,641,641,"48,3",48.3,Livorno
Rio,Giani Eugenio,547,547,"41,22",41.22,Livorno
Rio,Galletti Irene,100,100,"7,54",7.54,Livorno
Rio,Fattori Tommaso,16,16,"1,21",1.21,Livorno
Rio,Barzanti Marco,12,12,"0,9",0.9,Livorno
Rio,Catello Salvatore,7,7,"0,53",0.53,Livorno
Rio,Vigni Tiziana,4,4,"0,3",0.3,Livorno
Rosignano Marittimo,Giani Eugenio,7.163,7163,"48,77",48.77,Livorno
Rosignano Marittimo,Ceccardi Susanna,5.457,5457,"37,15",37.15,Livorno
Rosignano Marittimo,Galletti Irene,1.282,1282,"8,73",8.73,Livorno
Rosignano Marittimo,Fattori Tommaso,268,268,"1,82",1.82,Livorno
Rosignano Marittimo,Catello Salvatore,232,232,"1,58",1.58,Livorno
Rosignano Marittimo,Barzanti Marco,221,221,"1,5",1.5,Livorno
Rosignano Marittimo,Vigni Tiziana,65,65,"0,44",0.44,Livorno
San Vincenzo,Giani Eugenio,1.556,1556,"47,92",47.92,Livorno
San Vincenzo,Ceccardi Susanna,1.332,1332,"41,02",41.02,Livorno
San Vincenzo,Galletti Irene,228,228,"7,02",7.02,Livorno
San Vincenzo,Fattori Tommaso,42,42,"1,29",1.29,Livorno
San Vincenzo,Barzanti Marco,40,40,"1,23",1.23,Livorno
San Vincenzo,Catello Salvatore,29,29,"0,89",0.89,Livorno
San Vincenzo,Vigni Tiziana,20,20,"0,62",0.62,Livorno
Sassetta,Giani Eugenio,92,92,"46,23",46.23,Livorno
Sassetta,Ceccardi Susanna,81,81,"40,7",40.7,Livorno
Sassetta,Galletti Irene,15,15,"7,54",7.54,Livorno
Sassetta,Barzanti Marco,5,5,"2,51",2.51,Livorno
Sassetta,Fattori Tommaso,3,3,"1,51",1.51,Livorno
Sassetta,Catello Salvatore,2,2,"1,01",1.01,Livorno
Sassetta,Vigni Tiziana,1,1,"0,5",0.5,Livorno
Suvereto,Giani Eugenio,669,669,"47,15",47.15,Livorno
Suvereto,Ceccardi Susanna,554,554,"39,04",39.04,Livorno
Suvereto,Galletti Irene,126,126,"8,88",8.88,Livorno
Suvereto,Fattori Tommaso,41,41,"2,89",2.89,Livorno
Suvereto,Barzanti Marco,13,13,"0,92",0.92,Livorno
Suvereto,Catello Salvatore,10,10,"0,7",0.7,Livorno
Suvereto,Vigni Tiziana,6,6,"0,42",0.42,Livorno
Aulla,Ceccardi Susanna,2.52,252,"50,68",50.68,Massa-Carrara
Aulla,Giani Eugenio,1.93,193,"38,82",38.82,Massa-Carrara
Aulla,Galletti Irene,388,388,"7,8",7.8,Massa-Carrara
Aulla,Fattori Tommaso,84,84,"1,69",1.69,Massa-Carrara
Aulla,Catello Salvatore,50,50,"1,01",1.01,Massa-Carrara
Bagnone,Ceccardi Susanna,521,521,"55,96",55.96,Massa-Carrara
Bagnone,Giani Eugenio,371,371,"39,85",39.85,Massa-Carrara
Bagnone,Galletti Irene,22,22,"2,36",2.36,Massa-Carrara
Bagnone,Catello Salvatore,10,10,"1,07",1.07,Massa-Carrara
Bagnone,Fattori Tommaso,7,7,"0,75",0.75,Massa-Carrara
Carrara,Ceccardi Susanna,11.936,11936,"44,45",44.45,Massa-Carrara
Carrara,Giani Eugenio,11.596,11596,"43,18",43.18,Massa-Carrara
Carrara,Galletti Irene,2.374,2374,"8,84",8.84,Massa-Carrara
Carrara,Fattori Tommaso,552,552,"2,06",2.06,Massa-Carrara
Carrara,Catello Salvatore,396,396,"1,47",1.47,Massa-Carrara
Casola in Lunigiana,Giani Eugenio,227,227,"49,03",49.03,Massa-Carrara
Casola in Lunigiana,Ceccardi Susanna,208,208,"44,92",44.92,Massa-Carrara
Casola in Lunigiana,Galletti Irene,24,24,"5,18",5.18,Massa-Carrara
Casola in Lunigiana,Catello Salvatore,2,2,"0,43",0.43,Massa-Carrara
Casola in Lunigiana,Fattori Tommaso,2,2,"0,43",0.43,Massa-Carrara
Comano,Giani Eugenio,185,185,"49,07",49.07,Massa-Carrara
Comano,Ceccardi Susanna,170,170,"45,09",45.09,Massa-Carrara
Comano,Galletti Irene,11,11,"2,92",2.92,Massa-Carrara
Comano,Catello Salvatore,6,6,"1,59",1.59,Massa-Carrara
Comano,Fattori Tommaso,5,5,"1,33",1.33,Massa-Carrara
Filattiera,Giani Eugenio,701,701,"55,72",55.72,Massa-Carrara
Filattiera,Ceccardi Susanna,493,493,"39,19",39.19,Massa-Carrara
Filattiera,Galletti Irene,42,42,"3,34",3.34,Massa-Carrara
Filattiera,Fattori Tommaso,14,14,"1,11",1.11,Massa-Carrara
Filattiera,Catello Salvatore,8,8,"0,64",0.64,Massa-Carrara
Fivizzano,Giani Eugenio,2.007,2007,"50,81",50.81,Massa-Carrara
Fivizzano,Ceccardi Susanna,1.711,1711,"43,32",43.32,Massa-Carrara
Fivizzano,Galletti Irene,133,133,"3,37",3.37,Massa-Carrara
Fivizzano,Catello Salvatore,66,66,"1,67",1.67,Massa-Carrara
Fivizzano,Fattori Tommaso,33,33,"0,84",0.84,Massa-Carrara
Fosdinovo,Giani Eugenio,919,919,"44,06",44.06,Massa-Carrara
Fosdinovo,Ceccardi Susanna,840,840,"40,27",40.27,Massa-Carrara
Fosdinovo,Galletti Irene,193,193,"9,25",9.25,Massa-Carrara
Fosdinovo,Fattori Tommaso,103,103,"4,94",4.94,Massa-Carrara
Fosdinovo,Catello Salvatore,31,31,"1,49",1.49,Massa-Carrara
Licciana Nardi,Ceccardi Susanna,1.289,1289,"55,06",55.06,Massa-Carrara
Licciana Nardi,Giani Eugenio,879,879,"37,55",37.55,Massa-Carrara
Licciana Nardi,Galletti Irene,128,128,"5,47",5.47,Massa-Carrara
Licciana Nardi,Fattori Tommaso,23,23,"0,98",0.98,Massa-Carrara
Licciana Nardi,Catello Salvatore,22,22,"0,94",0.94,Massa-Carrara
Massa,Ceccardi Susanna,13.89,1389,"44,93",44.93,Massa-Carrara
Massa,Giani Eugenio,13.598,13598,"43,98",43.98,Massa-Carrara
Massa,Galletti Irene,2.301,2301,"7,44",7.44,Massa-Carrara
Massa,Fattori Tommaso,677,677,"2,19",2.19,Massa-Carrara
Massa,Catello Salvatore,450,450,"1,46",1.46,Massa-Carrara
Montignoso,Giani Eugenio,2.16,216,"46,44",46.44,Massa-Carrara
Montignoso,Ceccardi Susanna,1.962,1962,"42,18",42.18,Massa-Carrara
Montignoso,Galletti Irene,326,326,"7,01",7.01,Massa-Carrara
Montignoso,Fattori Tommaso,113,113,"2,43",2.43,Massa-Carrara
Montignoso,Catello Salvatore,90,90,"1,94",1.94,Massa-Carrara
Mulazzo,Giani Eugenio,755,755,"59,31",59.31,Massa-Carrara
Mulazzo,Ceccardi Susanna,458,458,"35,98",35.98,Massa-Carrara
Mulazzo,Galletti Irene,40,40,"3,14",3.14,Massa-Carrara
Mulazzo,Fattori Tommaso,12,12,"0,94",0.94,Massa-Carrara
Mulazzo,Catello Salvatore,8,8,"0,63",0.63,Massa-Carrara
Podenzana,Ceccardi Susanna,542,542,"50,94",50.94,Massa-Carrara
Podenzana,Giani Eugenio,437,437,"41,07",41.07,Massa-Carrara
Podenzana,Galletti Irene,61,61,"5,73",5.73,Massa-Carrara
Podenzana,Catello Salvatore,16,16,"1,5",1.5,Massa-Carrara
Podenzana,Fattori Tommaso,8,8,"0,75",0.75,Massa-Carrara
Pontremoli,Giani Eugenio,1.85,185,"50,62",50.62,Massa-Carrara
Pontremoli,Ceccardi Susanna,1.595,1595,"43,64",43.64,Massa-Carrara
Pontremoli,Galletti Irene,122,122,"3,34",3.34,Massa-Carrara
Pontremoli,Fattori Tommaso,55,55,"1,5",1.5,Massa-Carrara
Pontremoli,Catello Salvatore,33,33,"0,9",0.9,Massa-Carrara
Tresana,Ceccardi Susanna,761,761,"68,81",68.81,Massa-Carrara
Tresana,Giani Eugenio,286,286,"25,86",25.86,Massa-Carrara
Tresana,Galletti Irene,33,33,"2,98",2.98,Massa-Carrara
Tresana,Fattori Tommaso,20,20,"1,81",1.81,Massa-Carrara
Tresana,Catello Salvatore,6,6,"0,54",0.54,Massa-Carrara
Villafranca in Lunigiana,Ceccardi Susanna,1.493,1493,"56,4",56.4,Massa-Carrara
Villafranca in Lunigiana,Giani Eugenio,987,987,"37,29",37.29,Massa-Carrara
Villafranca in Lunigiana,Galletti Irene,115,115,"4,34",4.34,Massa-Carrara
Villafranca in Lunigiana,Catello Salvatore,32,32,"1,21",1.21,Massa-Carrara
Villafranca in Lunigiana,Fattori Tommaso,20,20,"0,76",0.76,Massa-Carrara
Zeri,Ceccardi Susanna,229,229,"48,83",48.83,Massa-Carrara
Zeri,Giani Eugenio,203,203,"43,28",43.28,Massa-Carrara
Zeri,Galletti Irene,33,33,"7,04",7.04,Massa-Carrara
Zeri,Catello Salvatore,3,3,"0,64",0.64,Massa-Carrara
Zeri,Fattori Tommaso,1,1,"0,21",0.21,Massa-Carrara
Bientina,Ceccardi Susanna,1.899,1899,"46,41",46.41,Pisa
Bientina,Giani Eugenio,1.811,1811,"44,26",44.26,Pisa
Bientina,Galletti Irene,285,285,"6,96",6.96,Pisa
Bientina,Fattori Tommaso,30,30,"0,73",0.73,Pisa
Bientina,Catello Salvatore,28,28,"0,68",0.68,Pisa
Bientina,Barzanti Marco,20,20,"0,49",0.49,Pisa
Bientina,Vigni Tiziana,19,19,"0,46",0.46,Pisa
Buti,Giani Eugenio,1.34,134,"46,25",46.25,Pisa
Buti,Ceccardi Susanna,1.205,1205,"41,59",41.59,Pisa
Buti,Galletti Irene,250,250,"8,63",8.63,Pisa
Buti,Fattori Tommaso,30,30,"1,04",1.04,Pisa
Buti,Barzanti Marco,30,30,"1,04",1.04,Pisa
Buti,Catello Salvatore,30,30,"1,04",1.04,Pisa
Buti,Vigni Tiziana,12,12,"0,41",0.41,Pisa
Calci,Giani Eugenio,1.896,1896,"55,36",55.36,Pisa
Calci,Ceccardi Susanna,1.162,1162,"33,93",33.93,Pisa
Calci,Galletti Irene,178,178,"5,2",5.2,Pisa
Calci,Fattori Tommaso,90,90,"2,63",2.63,Pisa
Calci,Barzanti Marco,37,37,"1,08",1.08,Pisa
Calci,Catello Salvatore,36,36,"1,05",1.05,Pisa
Calci,Vigni Tiziana,26,26,"0,76",0.76,Pisa
Calcinaia,Giani Eugenio,2.834,2834,"45,24",45.24,Pisa
Calcinaia,Ceccardi Susanna,2.751,2751,"43,92",43.92,Pisa
Calcinaia,Galletti Irene,508,508,"8,11",8.11,Pisa
Calcinaia,Fattori Tommaso,73,73,"1,17",1.17,Pisa
Calcinaia,Catello Salvatore,53,53,"0,85",0.85,Pisa
Calcinaia,Barzanti Marco,27,27,"0,43",0.43,Pisa
Calcinaia,Vigni Tiziana,18,18,"0,29",0.29,Pisa
Capannoli,Ceccardi Susanna,1.499,1499,"45,08",45.08,Pisa
Capannoli,Giani Eugenio,1.491,1491,"44,84",44.84,Pisa
Capannoli,Galletti Irene,248,248,"7,46",7.46,Pisa
Capannoli,Fattori Tommaso,31,31,"0,93",0.93,Pisa
Capannoli,Catello Salvatore,24,24,"0,72",0.72,Pisa
Capannoli,Barzanti Marco,19,19,"0,57",0.57,Pisa
Capannoli,Vigni Tiziana,13,13,"0,39",0.39,Pisa
Casale Marittimo,Ceccardi Susanna,258,258,"49,05",49.05,Pisa
Casale Marittimo,Giani Eugenio,203,203,"38,59",38.59,Pisa
Casale Marittimo,Galletti Irene,42,42,"7,98",7.98,Pisa
Casale Marittimo,Fattori Tommaso,8,8,"1,52",1.52,Pisa
Casale Marittimo,Barzanti Marco,6,6,"1,14",1.14,Pisa
Casale Marittimo,Vigni Tiziana,6,6,"1,14",1.14,Pisa
Casale Marittimo,Catello Salvatore,3,3,"0,57",0.57,Pisa
Casciana Terme Lari,Ceccardi Susanna,2.812,2812,"45,39",45.39,Pisa
Casciana Terme Lari,Giani Eugenio,2.616,2616,"42,23",42.23,Pisa
Casciana Terme Lari,Galletti Irene,459,459,"7,41",7.41,Pisa
Casciana Terme Lari,Fattori Tommaso,124,124,"2,0",2,Pisa
Casciana Terme Lari,Catello Salvatore,95,95,"1,53",1.53,Pisa
Casciana Terme Lari,Barzanti Marco,53,53,"0,86",0.86,Pisa
Casciana Terme Lari,Vigni Tiziana,36,36,"0,58",0.58,Pisa
Cascina,Giani Eugenio,11.7,117,"49,07",49.07,Pisa
Cascina,Ceccardi Susanna,9.278,9278,"38,91",38.91,Pisa
Cascina,Galletti Irene,2.099,2099,"8,8",8.8,Pisa
Cascina,Fattori Tommaso,251,251,"1,05",1.05,Pisa
Cascina,Catello Salvatore,202,202,"0,85",0.85,Pisa
Cascina,Barzanti Marco,188,188,"0,79",0.79,Pisa
Cascina,Vigni Tiziana,125,125,"0,52",0.52,Pisa
Castelfranco di Sotto,Ceccardi Susanna,3.243,3243,"54,09",54.09,Pisa
Castelfranco di Sotto,Giani Eugenio,2.136,2136,"35,62",35.62,Pisa
Castelfranco di Sotto,Galletti Irene,448,448,"7,47",7.47,Pisa
Castelfranco di Sotto,Fattori Tommaso,69,69,"1,15",1.15,Pisa
Castelfranco di Sotto,Catello Salvatore,50,50,"0,83",0.83,Pisa
Castelfranco di Sotto,Barzanti Marco,26,26,"0,43",0.43,Pisa
Castelfranco di Sotto,Vigni Tiziana,24,24,"0,4",0.4,Pisa
Castellina Marittima,Ceccardi Susanna,394,394,"41,87",41.87,Pisa
Castellina Marittima,Giani Eugenio,377,377,"40,06",40.06,Pisa
Castellina Marittima,Galletti Irene,101,101,"10,73",10.73,Pisa
Castellina Marittima,Fattori Tommaso,25,25,"2,66",2.66,Pisa
Castellina Marittima,Barzanti Marco,18,18,"1,91",1.91,Pisa
Castellina Marittima,Vigni Tiziana,13,13,"1,38",1.38,Pisa
Castellina Marittima,Catello Salvatore,13,13,"1,38",1.38,Pisa
Castelnuovo di Val di Cecina,Giani Eugenio,507,507,"48,33",48.33,Pisa
Castelnuovo di Val di Cecina,Ceccardi Susanna,437,437,"41,66",41.66,Pisa
Castelnuovo di Val di Cecina,Galletti Irene,51,51,"4,86",4.86,Pisa
Castelnuovo di Val di Cecina,Fattori Tommaso,19,19,"1,81",1.81,Pisa
Castelnuovo di Val di Cecina,Catello Salvatore,16,16,"1,53",1.53,Pisa
Castelnuovo di Val di Cecina,Barzanti Marco,14,14,"1,33",1.33,Pisa
Castelnuovo di Val di Cecina,Vigni Tiziana,5,5,"0,48",0.48,Pisa
Chianni,Ceccardi Susanna,322,322,"45,54",45.54,Pisa
Chianni,Giani Eugenio,279,279,"39,46",39.46,Pisa
Chianni,Galletti Irene,69,69,"9,76",9.76,Pisa
Chianni,Fattori Tommaso,18,18,"2,55",2.55,Pisa
Chianni,Catello Salvatore,11,11,"1,56",1.56,Pisa
Chianni,Barzanti Marco,6,6,"0,85",0.85,Pisa
Chianni,Vigni Tiziana,2,2,"0,28",0.28,Pisa
Crespina Lorenzana,Ceccardi Susanna,1.171,1171,"44,36",44.36,Pisa
Crespina Lorenzana,Giani Eugenio,1.166,1166,"44,17",44.17,Pisa
Crespina Lorenzana,Galletti Irene,176,176,"6,67",6.67,Pisa
Crespina Lorenzana,Catello Salvatore,46,46,"1,74",1.74,Pisa
Crespina Lorenzana,Fattori Tommaso,40,40,"1,52",1.52,Pisa
Crespina Lorenzana,Barzanti Marco,22,22,"0,83",0.83,Pisa
Crespina Lorenzana,Vigni Tiziana,19,19,"0,72",0.72,Pisa
Fauglia,Giani Eugenio,818,818,"44,9",44.9,Pisa
Fauglia,Ceccardi Susanna,756,756,"41,49",41.49,Pisa
Fauglia,Galletti Irene,157,157,"8,62",8.62,Pisa
Fauglia,Fattori Tommaso,41,41,"2,25",2.25,Pisa
Fauglia,Barzanti Marco,18,18,"0,99",0.99,Pisa
Fauglia,Vigni Tiziana,17,17,"0,93",0.93,Pisa
Fauglia,Catello Salvatore,15,15,"0,82",0.82,Pisa
Guardistallo,Giani Eugenio,273,273,"48,84",48.84,Pisa
Guardistallo,Ceccardi Susanna,214,214,"38,28",38.28,Pisa
Guardistallo,Galletti Irene,47,47,"8,41",8.41,Pisa
Guardistallo,Fattori Tommaso,12,12,"2,15",2.15,Pisa
Guardistallo,Catello Salvatore,5,5,"0,89",0.89,Pisa
Guardistallo,Barzanti Marco,4,4,"0,72",0.72,Pisa
Guardistallo,Vigni Tiziana,4,4,"0,72",0.72,Pisa
Lajatico,Giani Eugenio,352,352,"49,09",49.09,Pisa
Lajatico,Ceccardi Susanna,289,289,"40,31",40.31,Pisa
Lajatico,Galletti Irene,51,51,"7,11",7.11,Pisa
Lajatico,Catello Salvatore,10,10,"1,39",1.39,Pisa
Lajatico,Barzanti Marco,9,9,"1,26",1.26,Pisa
Lajatico,Fattori Tommaso,5,5,"0,7",0.7,Pisa
Lajatico,Vigni Tiziana,1,1,"0,14",0.14,Pisa
Montecatini Val di Cecina,Giani Eugenio,406,406,"48,1",48.1,Pisa
Montecatini Val di Cecina,Ceccardi Susanna,352,352,"41,71",41.71,Pisa
Montecatini Val di Cecina,Galletti Irene,61,61,"7,23",7.23,Pisa
Montecatini Val di Cecina,Catello Salvatore,10,10,"1,18",1.18,Pisa
Montecatini Val di Cecina,Fattori Tommaso,7,7,"0,83",0.83,Pisa
Montecatini Val di Cecina,Barzanti Marco,4,4,"0,47",0.47,Pisa
Montecatini Val di Cecina,Vigni Tiziana,4,4,"0,47",0.47,Pisa
Montescudaio,Ceccardi Susanna,452,452,"43,59",43.59,Pisa
Montescudaio,Giani Eugenio,450,450,"43,39",43.39,Pisa
Montescudaio,Galletti Irene,96,96,"9,26",9.26,Pisa
Montescudaio,Barzanti Marco,11,11,"1,06",1.06,Pisa
Montescudaio,Catello Salvatore,11,11,"1,06",1.06,Pisa
Montescudaio,Fattori Tommaso,9,9,"0,87",0.87,Pisa
Montescudaio,Vigni Tiziana,8,8,"0,77",0.77,Pisa
Monteverdi Marittimo,Giani Eugenio,160,160,"45,85",45.85,Pisa
Monteverdi Marittimo,Ceccardi Susanna,160,160,"45,85",45.85,Pisa
Monteverdi Marittimo,Galletti Irene,23,23,"6,59",6.59,Pisa
Monteverdi Marittimo,Vigni Tiziana,2,2,"0,57",0.57,Pisa
Monteverdi Marittimo,Catello Salvatore,2,2,"0,57",0.57,Pisa
Monteverdi Marittimo,Fattori Tommaso,1,1,"0,29",0.29,Pisa
Monteverdi Marittimo,Barzanti Marco,1,1,"0,29",0.29,Pisa
Montopoli in Val d'Arno,Ceccardi Susanna,2.762,2762,"49,42",49.42,Pisa
Montopoli in Val d'Arno,Giani Eugenio,2.246,2246,"40,19",40.19,Pisa
Montopoli in Val d'Arno,Galletti Irene,380,380,"6,8",6.8,Pisa
Montopoli in Val d'Arno,Catello Salvatore,71,71,"1,27",1.27,Pisa
Montopoli in Val d'Arno,Barzanti Marco,51,51,"0,91",0.91,Pisa
Montopoli in Val d'Arno,Fattori Tommaso,42,42,"0,75",0.75,Pisa
Montopoli in Val d'Arno,Vigni Tiziana,37,37,"0,66",0.66,Pisa
Orciano Pisano,Ceccardi Susanna,193,193,"53,91",53.91,Pisa
Orciano Pisano,Giani Eugenio,106,106,"29,61",29.61,Pisa
Orciano Pisano,Galletti Irene,44,44,"12,29",12.29,Pisa
Orciano Pisano,Catello Salvatore,5,5,"1,4",1.4,Pisa
Orciano Pisano,Barzanti Marco,4,4,"1,12",1.12,Pisa
Orciano Pisano,Fattori Tommaso,3,3,"0,84",0.84,Pisa
Orciano Pisano,Vigni Tiziana,3,3,"0,84",0.84,Pisa
Palaia,Giani Eugenio,1.169,1169,"47,54",47.54,Pisa
Palaia,Ceccardi Susanna,1.075,1075,"43,72",43.72,Pisa
Palaia,Galletti Irene,131,131,"5,33",5.33,Pisa
Palaia,Fattori Tommaso,31,31,"1,26",1.26,Pisa
Palaia,Barzanti Marco,20,20,"0,81",0.81,Pisa
Palaia,Catello Salvatore,18,18,"0,73",0.73,Pisa
Palaia,Vigni Tiziana,15,15,"0,61",0.61,Pisa
Peccioli,Giani Eugenio,1.241,1241,"49,05",49.05,Pisa
Peccioli,Ceccardi Susanna,1.033,1033,"40,83",40.83,Pisa
Peccioli,Galletti Irene,163,163,"6,44",6.44,Pisa
Peccioli,Fattori Tommaso,40,40,"1,58",1.58,Pisa
Peccioli,Catello Salvatore,22,22,"0,87",0.87,Pisa
Peccioli,Barzanti Marco,19,19,"0,75",0.75,Pisa
Peccioli,Vigni Tiziana,12,12,"0,47",0.47,Pisa
Pisa,Giani Eugenio,23.046,23046,"52,66",52.66,Pisa
Pisa,Ceccardi Susanna,16.085,16085,"36,76",36.76,Pisa
Pisa,Galletti Irene,2.872,2872,"6,56",6.56,Pisa
Pisa,Fattori Tommaso,1.032,1032,"2,36",2.36,Pisa
Pisa,Catello Salvatore,317,317,"0,72",0.72,Pisa
Pisa,Barzanti Marco,259,259,"0,59",0.59,Pisa
Pisa,Vigni Tiziana,151,151,"0,35",0.35,Pisa
Pomarance,Giani Eugenio,1.891,1891,"63,86",63.86,Pisa
Pomarance,Ceccardi Susanna,817,817,"27,59",27.59,Pisa
Pomarance,Galletti Irene,145,145,"4,9",4.9,Pisa
Pomarance,Catello Salvatore,38,38,"1,28",1.28,Pisa
Pomarance,Fattori Tommaso,28,28,"0,95",0.95,Pisa
Pomarance,Barzanti Marco,26,26,"0,88",0.88,Pisa
Pomarance,Vigni Tiziana,16,16,"0,54",0.54,Pisa
Ponsacco,Ceccardi Susanna,3.56,356,"48,63",48.63,Pisa
Ponsacco,Giani Eugenio,2.896,2896,"39,56",39.56,Pisa
Ponsacco,Galletti Irene,606,606,"8,28",8.28,Pisa
Ponsacco,Catello Salvatore,104,104,"1,42",1.42,Pisa
Ponsacco,Fattori Tommaso,70,70,"0,96",0.96,Pisa
Ponsacco,Vigni Tiziana,48,48,"0,66",0.66,Pisa
Ponsacco,Barzanti Marco,36,36,"0,49",0.49,Pisa
Pontedera,Giani Eugenio,6.556,6556,"46,29",46.29,Pisa
Pontedera,Ceccardi Susanna,6.167,6167,"43,54",43.54,Pisa
Pontedera,Galletti Irene,926,926,"6,54",6.54,Pisa
Pontedera,Fattori Tommaso,259,259,"1,83",1.83,Pisa
Pontedera,Catello Salvatore,107,107,"0,76",0.76,Pisa
Pontedera,Barzanti Marco,93,93,"0,66",0.66,Pisa
Pontedera,Vigni Tiziana,56,56,"0,4",0.4,Pisa
Riparbella,Ceccardi Susanna,341,341,"46,84",46.84,Pisa
Riparbella,Giani Eugenio,298,298,"40,93",40.93,Pisa
Riparbella,Galletti Irene,53,53,"7,28",7.28,Pisa
Riparbella,Catello Salvatore,12,12,"1,65",1.65,Pisa
Riparbella,Fattori Tommaso,9,9,"1,24",1.24,Pisa
Riparbella,Barzanti Marco,9,9,"1,24",1.24,Pisa
Riparbella,Vigni Tiziana,6,6,"0,82",0.82,Pisa
San Giuliano Terme,Giani Eugenio,8.475,8475,"51,27",51.27,Pisa
San Giuliano Terme,Ceccardi Susanna,6.206,6206,"37,54",37.54,Pisa
San Giuliano Terme,Galletti Irene,1.122,1122,"6,79",6.79,Pisa
San Giuliano Terme,Fattori Tommaso,314,314,"1,9",1.9,Pisa
San Giuliano Terme,Catello Salvatore,186,186,"1,13",1.13,Pisa
San Giuliano Terme,Barzanti Marco,140,140,"0,85",0.85,Pisa
San Giuliano Terme,Vigni Tiziana,88,88,"0,53",0.53,Pisa
San Miniato,Giani Eugenio,7.49,749,"51,71",51.71,Pisa
San Miniato,Ceccardi Susanna,5.467,5467,"37,74",37.74,Pisa
San Miniato,Galletti Irene,883,883,"6,1",6.1,Pisa
San Miniato,Fattori Tommaso,278,278,"1,92",1.92,Pisa
San Miniato,Catello Salvatore,136,136,"0,94",0.94,Pisa
San Miniato,Vigni Tiziana,116,116,"0,8",0.8,Pisa
San Miniato,Barzanti Marco,115,115,"0,79",0.79,Pisa
Santa Croce sull'Arno,Ceccardi Susanna,3.373,3373,"54,24",54.24,Pisa
Santa Croce sull'Arno,Giani Eugenio,2.406,2406,"38,69",38.69,Pisa
Santa Croce sull'Arno,Galletti Irene,283,283,"4,55",4.55,Pisa
Santa Croce sull'Arno,Fattori Tommaso,60,60,"0,96",0.96,Pisa
Santa Croce sull'Arno,Barzanti Marco,37,37,"0,59",0.59,Pisa
Santa Croce sull'Arno,Catello Salvatore,36,36,"0,58",0.58,Pisa
Santa Croce sull'Arno,Vigni Tiziana,24,24,"0,39",0.39,Pisa
Santa Luce,Giani Eugenio,394,394,"45,76",45.76,Pisa
Santa Luce,Ceccardi Susanna,326,326,"37,86",37.86,Pisa
Santa Luce,Galletti Irene,65,65,"7,55",7.55,Pisa
Santa Luce,Barzanti Marco,33,33,"3,83",3.83,Pisa
Santa Luce,Catello Salvatore,24,24,"2,79",2.79,Pisa
Santa Luce,Vigni Tiziana,12,12,"1,39",1.39,Pisa
Santa Luce,Fattori Tommaso,7,7,"0,81",0.81,Pisa
Santa Maria a Monte,Ceccardi Susanna,3.405,3405,"54,49",54.49,Pisa
Santa Maria a Monte,Giani Eugenio,2.188,2188,"35,01",35.01,Pisa
Santa Maria a Monte,Galletti Irene,429,429,"6,87",6.87,Pisa
Santa Maria a Monte,Fattori Tommaso,78,78,"1,25",1.25,Pisa
Santa Maria a Monte,Catello Salvatore,78,78,"1,25",1.25,Pisa
Santa Maria a Monte,Barzanti Marco,48,48,"0,77",0.77,Pisa
Santa Maria a Monte,Vigni Tiziana,23,23,"0,37",0.37,Pisa
Terricciola,Ceccardi Susanna,1.116,1116,"48,73",48.73,Pisa
Terricciola,Giani Eugenio,888,888,"38,78",38.78,Pisa
Terricciola,Galletti Irene,183,183,"7,99",7.99,Pisa
Terricciola,Fattori Tommaso,37,37,"1,62",1.62,Pisa
Terricciola,Catello Salvatore,32,32,"1,4",1.4,Pisa
Terricciola,Barzanti Marco,21,21,"0,92",0.92,Pisa
Terricciola,Vigni Tiziana,13,13,"0,57",0.57,Pisa
Vecchiano,Giani Eugenio,2.926,2926,"47,42",47.42,Pisa
Vecchiano,Ceccardi Susanna,2.544,2544,"41,23",41.23,Pisa
Vecchiano,Galletti Irene,470,470,"7,62",7.62,Pisa
Vecchiano,Fattori Tommaso,78,78,"1,26",1.26,Pisa
Vecchiano,Barzanti Marco,74,74,"1,2",1.2,Pisa
Vecchiano,Catello Salvatore,58,58,"0,94",0.94,Pisa
Vecchiano,Vigni Tiziana,21,21,"0,34",0.34,Pisa
Vicopisano,Giani Eugenio,2.149,2149,"48,41",48.41,Pisa
Vicopisano,Ceccardi Susanna,1.773,1773,"39,94",39.94,Pisa
Vicopisano,Galletti Irene,356,356,"8,02",8.02,Pisa
Vicopisano,Fattori Tommaso,54,54,"1,22",1.22,Pisa
Vicopisano,Catello Salvatore,48,48,"1,08",1.08,Pisa
Vicopisano,Barzanti Marco,33,33,"0,74",0.74,Pisa
Vicopisano,Vigni Tiziana,26,26,"0,59",0.59,Pisa
Volterra,Giani Eugenio,2.691,2691,"51,37",51.37,Pisa
Volterra,Ceccardi Susanna,1.903,1903,"36,33",36.33,Pisa
Volterra,Galletti Irene,397,397,"7,58",7.58,Pisa
Volterra,Fattori Tommaso,93,93,"1,78",1.78,Pisa
Volterra,Barzanti Marco,62,62,"1,18",1.18,Pisa
Volterra,Catello Salvatore,61,61,"1,16",1.16,Pisa
Volterra,Vigni Tiziana,31,31,"0,59",0.59,Pisa
Abetone Cutigliano,Ceccardi Susanna,606,606,"55,6",55.6,Pistoia
Abetone Cutigliano,Giani Eugenio,396,396,"36,33",36.33,Pistoia
Abetone Cutigliano,Galletti Irene,37,37,"3,39",3.39,Pistoia
Abetone Cutigliano,Catello Salvatore,21,21,"1,93",1.93,Pistoia
Abetone Cutigliano,Barzanti Marco,11,11,"1,01",1.01,Pistoia
Abetone Cutigliano,Fattori Tommaso,10,10,"0,92",0.92,Pistoia
Abetone Cutigliano,Vigni Tiziana,9,9,"0,83",0.83,Pistoia
Agliana,Giani Eugenio,3.67,367,"43,92",43.92,Pistoia
Agliana,Ceccardi Susanna,3.624,3624,"43,37",43.37,Pistoia
Agliana,Galletti Irene,710,710,"8,5",8.5,Pistoia
Agliana,Fattori Tommaso,119,119,"1,42",1.42,Pistoia
Agliana,Catello Salvatore,98,98,"1,17",1.17,Pistoia
Agliana,Barzanti Marco,73,73,"0,87",0.87,Pistoia
Agliana,Vigni Tiziana,62,62,"0,74",0.74,Pistoia
Buggiano,Ceccardi Susanna,2.121,2121,"47,8",47.8,Pistoia
Buggiano,Giani Eugenio,1.902,1902,"42,87",42.87,Pistoia
Buggiano,Galletti Irene,266,266,"6,0",6,Pistoia
Buggiano,Fattori Tommaso,67,67,"1,51",1.51,Pistoia
Buggiano,Catello Salvatore,38,38,"0,86",0.86,Pistoia
Buggiano,Barzanti Marco,24,24,"0,54",0.54,Pistoia
Buggiano,Vigni Tiziana,19,19,"0,43",0.43,Pistoia
Chiesina Uzzanese,Ceccardi Susanna,1.361,1361,"62,06",62.06,Pistoia
Chiesina Uzzanese,Giani Eugenio,668,668,"30,46",30.46,Pistoia
Chiesina Uzzanese,Galletti Irene,119,119,"5,43",5.43,Pistoia
Chiesina Uzzanese,Catello Salvatore,16,16,"0,73",0.73,Pistoia
Chiesina Uzzanese,Fattori Tommaso,13,13,"0,59",0.59,Pistoia
Chiesina Uzzanese,Barzanti Marco,12,12,"0,55",0.55,Pistoia
Chiesina Uzzanese,Vigni Tiziana,4,4,"0,18",0.18,Pistoia
Lamporecchio,Giani Eugenio,1.801,1801,"49,4",49.4,Pistoia
Lamporecchio,Ceccardi Susanna,1.379,1379,"37,82",37.82,Pistoia
Lamporecchio,Galletti Irene,279,279,"7,65",7.65,Pistoia
Lamporecchio,Barzanti Marco,82,82,"2,25",2.25,Pistoia
Lamporecchio,Catello Salvatore,50,50,"1,37",1.37,Pistoia
Lamporecchio,Fattori Tommaso,36,36,"0,99",0.99,Pistoia
Lamporecchio,Vigni Tiziana,19,19,"0,52",0.52,Pistoia
Larciano,Giani Eugenio,1.543,1543,"49,12",49.12,Pistoia
Larciano,Ceccardi Susanna,1.267,1267,"40,34",40.34,Pistoia
Larciano,Galletti Irene,210,210,"6,69",6.69,Pistoia
Larciano,Catello Salvatore,44,44,"1,4",1.4,Pistoia
Larciano,Barzanti Marco,33,33,"1,05",1.05,Pistoia
Larciano,Fattori Tommaso,32,32,"1,02",1.02,Pistoia
Larciano,Vigni Tiziana,12,12,"0,38",0.38,Pistoia
Marliana,Ceccardi Susanna,788,788,"51,1",51.1,Pistoia
Marliana,Giani Eugenio,590,590,"38,26",38.26,Pistoia
Marliana,Galletti Irene,103,103,"6,68",6.68,Pistoia
Marliana,Fattori Tommaso,18,18,"1,17",1.17,Pistoia
Marliana,Barzanti Marco,16,16,"1,04",1.04,Pistoia
Marliana,Catello Salvatore,14,14,"0,91",0.91,Pistoia
Marliana,Vigni Tiziana,13,13,"0,84",0.84,Pistoia
Massa e Cozzile,Ceccardi Susanna,1.9,19,"49,1",49.1,Pistoia
Massa e Cozzile,Giani Eugenio,1.652,1652,"42,69",42.69,Pistoia
Massa e Cozzile,Galletti Irene,231,231,"5,97",5.97,Pistoia
Massa e Cozzile,Catello Salvatore,25,25,"0,65",0.65,Pistoia
Massa e Cozzile,Fattori Tommaso,23,23,"0,59",0.59,Pistoia
Massa e Cozzile,Barzanti Marco,21,21,"0,54",0.54,Pistoia
Massa e Cozzile,Vigni Tiziana,18,18,"0,47",0.47,Pistoia
Monsummano Terme,Ceccardi Susanna,4.644,4644,"49,39",49.39,Pistoia
Monsummano Terme,Giani Eugenio,3.789,3789,"40,3",40.3,Pistoia
Monsummano Terme,Galletti Irene,690,690,"7,34",7.34,Pistoia
Monsummano Terme,Catello Salvatore,113,113,"1,2",1.2,Pistoia
Monsummano Terme,Fattori Tommaso,71,71,"0,76",0.76,Pistoia
Monsummano Terme,Barzanti Marco,58,58,"0,62",0.62,Pistoia
Monsummano Terme,Vigni Tiziana,37,37,"0,39",0.39,Pistoia
Montale,Giani Eugenio,2.472,2472,"45,3",45.3,Pistoia
Montale,Ceccardi Susanna,2.298,2298,"42,11",42.11,Pistoia
Montale,Galletti Irene,471,471,"8,63",8.63,Pistoia
Montale,Fattori Tommaso,82,82,"1,5",1.5,Pistoia
Montale,Catello Salvatore,70,70,"1,28",1.28,Pistoia
Montale,Barzanti Marco,41,41,"0,75",0.75,Pistoia
Montale,Vigni Tiziana,23,23,"0,42",0.42,Pistoia
Montecatini-Terme,Ceccardi Susanna,4.849,4849,"55,68",55.68,Pistoia
Montecatini-Terme,Giani Eugenio,3.137,3137,"36,02",36.02,Pistoia
Montecatini-Terme,Galletti Irene,524,524,"6,02",6.02,Pistoia
Montecatini-Terme,Fattori Tommaso,67,67,"0,77",0.77,Pistoia
Montecatini-Terme,Catello Salvatore,60,60,"0,69",0.69,Pistoia
Montecatini-Terme,Vigni Tiziana,40,40,"0,46",0.46,Pistoia
Montecatini-Terme,Barzanti Marco,32,32,"0,37",0.37,Pistoia
Pescia,Ceccardi Susanna,4.313,4313,"49,55",49.55,Pistoia
Pescia,Giani Eugenio,3.514,3514,"40,37",40.37,Pistoia
Pescia,Galletti Irene,561,561,"6,44",6.44,Pistoia
Pescia,Fattori Tommaso,137,137,"1,57",1.57,Pistoia
Pescia,Catello Salvatore,74,74,"0,85",0.85,Pistoia
Pescia,Vigni Tiziana,53,53,"0,61",0.61,Pistoia
Pescia,Barzanti Marco,53,53,"0,61",0.61,Pistoia
Pieve a Nievole,Ceccardi Susanna,2.15,215,"48,34",48.34,Pistoia
Pieve a Nievole,Giani Eugenio,1.856,1856,"41,73",41.73,Pistoia
Pieve a Nievole,Galletti Irene,310,310,"6,97",6.97,Pistoia
Pieve a Nievole,Fattori Tommaso,39,39,"0,88",0.88,Pistoia
Pieve a Nievole,Barzanti Marco,36,36,"0,81",0.81,Pistoia
Pieve a Nievole,Catello Salvatore,33,33,"0,74",0.74,Pistoia
Pieve a Nievole,Vigni Tiziana,24,24,"0,54",0.54,Pistoia
Pistoia,Giani Eugenio,21.365,21365,"48,54",48.54,Pistoia
Pistoia,Ceccardi Susanna,18.214,18214,"41,38",41.38,Pistoia
Pistoia,Galletti Irene,2.623,2623,"5,96",5.96,Pistoia
Pistoia,Fattori Tommaso,771,771,"1,75",1.75,Pistoia
Pistoia,Catello Salvatore,448,448,"1,02",1.02,Pistoia
Pistoia,Vigni Tiziana,299,299,"0,68",0.68,Pistoia
Pistoia,Barzanti Marco,297,297,"0,67",0.67,Pistoia
Ponte Buggianese,Ceccardi Susanna,2.118,2118,"48,59",48.59,Pistoia
Ponte Buggianese,Giani Eugenio,1.897,1897,"43,52",43.52,Pistoia
Ponte Buggianese,Galletti Irene,227,227,"5,21",5.21,Pistoia
Ponte Buggianese,Catello Salvatore,38,38,"0,87",0.87,Pistoia
Ponte Buggianese,Barzanti Marco,36,36,"0,83",0.83,Pistoia
Ponte Buggianese,Fattori Tommaso,23,23,"0,53",0.53,Pistoia
Ponte Buggianese,Vigni Tiziana,20,20,"0,46",0.46,Pistoia
Quarrata,Ceccardi Susanna,5.865,5865,"48,52",48.52,Pistoia
Quarrata,Giani Eugenio,4.967,4967,"41,09",41.09,Pistoia
Quarrata,Galletti Irene,866,866,"7,16",7.16,Pistoia
Quarrata,Fattori Tommaso,150,150,"1,24",1.24,Pistoia
Quarrata,Catello Salvatore,90,90,"0,74",0.74,Pistoia
Quarrata,Barzanti Marco,86,86,"0,71",0.71,Pistoia
Quarrata,Vigni Tiziana,63,63,"0,52",0.52,Pistoia
Sambuca Pistoiese,Ceccardi Susanna,324,324,"47,86",47.86,Pistoia
Sambuca Pistoiese,Giani Eugenio,268,268,"39,59",39.59,Pistoia
Sambuca Pistoiese,Galletti Irene,40,40,"5,91",5.91,Pistoia
Sambuca Pistoiese,Vigni Tiziana,19,19,"2,81",2.81,Pistoia
Sambuca Pistoiese,Barzanti Marco,13,13,"1,92",1.92,Pistoia
Sambuca Pistoiese,Fattori Tommaso,10,10,"1,48",1.48,Pistoia
Sambuca Pistoiese,Catello Salvatore,3,3,"0,44",0.44,Pistoia
San Marcello Piteglio,Ceccardi Susanna,1.934,1934,"47,58",47.58,Pistoia
San Marcello Piteglio,Giani Eugenio,1.731,1731,"42,58",42.58,Pistoia
San Marcello Piteglio,Galletti Irene,212,212,"5,22",5.22,Pistoia
San Marcello Piteglio,Fattori Tommaso,75,75,"1,85",1.85,Pistoia
San Marcello Piteglio,Catello Salvatore,56,56,"1,38",1.38,Pistoia
San Marcello Piteglio,Barzanti Marco,34,34,"0,84",0.84,Pistoia
San Marcello Piteglio,Vigni Tiziana,23,23,"0,57",0.57,Pistoia
Serravalle Pistoiese,Giani Eugenio,2.702,2702,"46,63",46.63,Pistoia
Serravalle Pistoiese,Ceccardi Susanna,2.553,2553,"44,06",44.06,Pistoia
Serravalle Pistoiese,Galletti Irene,334,334,"5,76",5.76,Pistoia
Serravalle Pistoiese,Fattori Tommaso,77,77,"1,33",1.33,Pistoia
Serravalle Pistoiese,Catello Salvatore,58,58,"1,0",1,Pistoia
Serravalle Pistoiese,Vigni Tiziana,42,42,"0,72",0.72,Pistoia
Serravalle Pistoiese,Barzanti Marco,29,29,"0,5",0.5,Pistoia
Uzzano,Ceccardi Susanna,1.395,1395,"47,51",47.51,Pistoia
Uzzano,Giani Eugenio,1.241,1241,"42,27",42.27,Pistoia
Uzzano,Galletti Irene,200,200,"6,81",6.81,Pistoia
Uzzano,Fattori Tommaso,38,38,"1,29",1.29,Pistoia
Uzzano,Vigni Tiziana,22,22,"0,75",0.75,Pistoia
Uzzano,Catello Salvatore,20,20,"0,68",0.68,Pistoia
Uzzano,Barzanti Marco,20,20,"0,68",0.68,Pistoia
Cantagallo,Giani Eugenio,727,727,"47,67",47.67,Prato
Cantagallo,Ceccardi Susanna,603,603,"39,54",39.54,Prato
Cantagallo,Galletti Irene,95,95,"6,23",6.23,Prato
Cantagallo,Fattori Tommaso,49,49,"3,21",3.21,Prato
Cantagallo,Catello Salvatore,40,40,"2,62",2.62,Prato
Cantagallo,Vigni Tiziana,11,11,"0,72",0.72,Prato
Carmignano,Ceccardi Susanna,3.089,3089,"44,43",44.43,Prato
Carmignano,Giani Eugenio,2.998,2998,"43,12",43.12,Prato
Carmignano,Galletti Irene,519,519,"7,47",7.47,Prato
Carmignano,Fattori Tommaso,201,201,"2,89",2.89,Prato
Carmignano,Catello Salvatore,85,85,"1,22",1.22,Prato
Carmignano,Vigni Tiziana,60,60,"0,86",0.86,Prato
Montemurlo,Giani Eugenio,4.051,4051,"47,47",47.47,Prato
Montemurlo,Ceccardi Susanna,3.635,3635,"42,6",42.6,Prato
Montemurlo,Galletti Irene,586,586,"6,87",6.87,Prato
Montemurlo,Fattori Tommaso,144,144,"1,69",1.69,Prato
Montemurlo,Catello Salvatore,82,82,"0,96",0.96,Prato
Montemurlo,Vigni Tiziana,35,35,"0,41",0.41,Prato
Poggio a Caiano,Ceccardi Susanna,2.277,2277,"47,37",47.37,Prato
Poggio a Caiano,Giani Eugenio,2.165,2165,"45,04",45.04,Prato
Poggio a Caiano,Galletti Irene,267,267,"5,55",5.55,Prato
Poggio a Caiano,Fattori Tommaso,44,44,"0,92",0.92,Prato
Poggio a Caiano,Catello Salvatore,43,43,"0,89",0.89,Prato
Poggio a Caiano,Vigni Tiziana,11,11,"0,23",0.23,Prato
Prato,Giani Eugenio,38.794,38794,"46,85",46.85,Prato
Prato,Ceccardi Susanna,35.538,35538,"42,92",42.92,Prato
Prato,Galletti Irene,5.212,5212,"6,29",6.29,Prato
Prato,Fattori Tommaso,2.058,2058,"2,49",2.49,Prato
Prato,Catello Salvatore,763,763,"0,92",0.92,Prato
Prato,Vigni Tiziana,439,439,"0,53",0.53,Prato
Vaiano,Giani Eugenio,2.487,2487,"47,43",47.43,Prato
Vaiano,Ceccardi Susanna,2.204,2204,"42,04",42.04,Prato
Vaiano,Galletti Irene,330,330,"6,29",6.29,Prato
Vaiano,Catello Salvatore,99,99,"1,89",1.89,Prato
Vaiano,Fattori Tommaso,93,93,"1,77",1.77,Prato
Vaiano,Vigni Tiziana,30,30,"0,57",0.57,Prato
Vernio,Giani Eugenio,1.394,1394,"49,36",49.36,Prato
Vernio,Ceccardi Susanna,1.168,1168,"41,36",41.36,Prato
Vernio,Galletti Irene,131,131,"4,64",4.64,Prato
Vernio,Catello Salvatore,57,57,"2,02",2.02,Prato
Vernio,Fattori Tommaso,55,55,"1,95",1.95,Prato
Vernio,Vigni Tiziana,19,19,"0,67",0.67,Prato
Abbadia San Salvatore,Giani Eugenio,1.581,1581,"52,09",52.09,Siena
Abbadia San Salvatore,Ceccardi Susanna,1.105,1105,"36,41",36.41,Siena
Abbadia San Salvatore,Galletti Irene,209,209,"6,89",6.89,Siena
Abbadia San Salvatore,Fattori Tommaso,49,49,"1,61",1.61,Siena
Abbadia San Salvatore,Barzanti Marco,42,42,"1,38",1.38,Siena
Abbadia San Salvatore,Catello Salvatore,37,37,"1,22",1.22,Siena
Abbadia San Salvatore,Vigni Tiziana,12,12,"0,4",0.4,Siena
Asciano,Giani Eugenio,1.717,1717,"50,44",50.44,Siena
Asciano,Ceccardi Susanna,1.393,1393,"40,92",40.92,Siena
Asciano,Galletti Irene,196,196,"5,76",5.76,Siena
Asciano,Fattori Tommaso,39,39,"1,15",1.15,Siena
Asciano,Barzanti Marco,32,32,"0,94",0.94,Siena
Asciano,Catello Salvatore,24,24,"0,71",0.71,Siena
Asciano,Vigni Tiziana,3,3,"0,09",0.09,Siena
Buonconvento,Giani Eugenio,757,757,"51,85",51.85,Siena
Buonconvento,Ceccardi Susanna,561,561,"38,42",38.42,Siena
Buonconvento,Galletti Irene,85,85,"5,82",5.82,Siena
Buonconvento,Barzanti Marco,23,23,"1,58",1.58,Siena
Buonconvento,Fattori Tommaso,20,20,"1,37",1.37,Siena
Buonconvento,Catello Salvatore,11,11,"0,75",0.75,Siena
Buonconvento,Vigni Tiziana,3,3,"0,21",0.21,Siena
Casole d'Elsa,Ceccardi Susanna,839,839,"44,56",44.56,Siena
Casole d'Elsa,Giani Eugenio,802,802,"42,59",42.59,Siena
Casole d'Elsa,Galletti Irene,130,130,"6,9",6.9,Siena
Casole d'Elsa,Fattori Tommaso,55,55,"2,92",2.92,Siena
Casole d'Elsa,Vigni Tiziana,29,29,"1,54",1.54,Siena
Casole d'Elsa,Barzanti Marco,18,18,"0,96",0.96,Siena
Casole d'Elsa,Catello Salvatore,10,10,"0,53",0.53,Siena
Castellina in Chianti,Giani Eugenio,682,682,"54,08",54.08,Siena
Castellina in Chianti,Ceccardi Susanna,452,452,"35,84",35.84,Siena
Castellina in Chianti,Galletti Irene,70,70,"5,55",5.55,Siena
Castellina in Chianti,Fattori Tommaso,22,22,"1,74",1.74,Siena
Castellina in Chianti,Vigni Tiziana,12,12,"0,95",0.95,Siena
Castellina in Chianti,Catello Salvatore,12,12,"0,95",0.95,Siena
Castellina in Chianti,Barzanti Marco,11,11,"0,87",0.87,Siena
Castelnuovo Berardenga,Giani Eugenio,2.343,2343,"53,05",53.05,Siena
Castelnuovo Berardenga,Ceccardi Susanna,1.646,1646,"37,27",37.27,Siena
Castelnuovo Berardenga,Galletti Irene,249,249,"5,64",5.64,Siena
Castelnuovo Berardenga,Fattori Tommaso,90,90,"2,04",2.04,Siena
Castelnuovo Berardenga,Barzanti Marco,34,34,"0,77",0.77,Siena
Castelnuovo Berardenga,Vigni Tiziana,28,28,"0,63",0.63,Siena
Castelnuovo Berardenga,Catello Salvatore,27,27,"0,61",0.61,Siena
Castiglione d'Orcia,Giani Eugenio,650,650,"58,3",58.3,Siena
Castiglione d'Orcia,Ceccardi Susanna,378,378,"33,9",33.9,Siena
Castiglione d'Orcia,Galletti Irene,56,56,"5,02",5.02,Siena
Castiglione d'Orcia,Barzanti Marco,16,16,"1,43",1.43,Siena
Castiglione d'Orcia,Catello Salvatore,10,10,"0,9",0.9,Siena
Castiglione d'Orcia,Fattori Tommaso,3,3,"0,27",0.27,Siena
Castiglione d'Orcia,Vigni Tiziana,2,2,"0,18",0.18,Siena
Cetona,Giani Eugenio,653,653,"52,2",52.2,Siena
Cetona,Ceccardi Susanna,492,492,"39,33",39.33,Siena
Cetona,Galletti Irene,58,58,"4,64",4.64,Siena
Cetona,Catello Salvatore,20,20,"1,6",1.6,Siena
Cetona,Barzanti Marco,20,20,"1,6",1.6,Siena
Cetona,Fattori Tommaso,7,7,"0,56",0.56,Siena
Cetona,Vigni Tiziana,1,1,"0,08",0.08,Siena
Chianciano Terme,Giani Eugenio,1.477,1477,"51,54",51.54,Siena
Chianciano Terme,Ceccardi Susanna,1.08,108,"37,68",37.68,Siena
Chianciano Terme,Galletti Irene,197,197,"6,87",6.87,Siena
Chianciano Terme,Catello Salvatore,41,41,"1,43",1.43,Siena
Chianciano Terme,Barzanti Marco,25,25,"0,87",0.87,Siena
Chianciano Terme,Fattori Tommaso,23,23,"0,8",0.8,Siena
Chianciano Terme,Vigni Tiziana,23,23,"0,8",0.8,Siena
Chiusdino,Giani Eugenio,449,449,"57,12",57.12,Siena
Chiusdino,Ceccardi Susanna,266,266,"33,84",33.84,Siena
Chiusdino,Galletti Irene,36,36,"4,58",4.58,Siena
Chiusdino,Barzanti Marco,14,14,"1,78",1.78,Siena
Chiusdino,Fattori Tommaso,9,9,"1,15",1.15,Siena
Chiusdino,Catello Salvatore,8,8,"1,02",1.02,Siena
Chiusdino,Vigni Tiziana,4,4,"0,51",0.51,Siena
Chiusi,Giani Eugenio,2.155,2155,"54,89",54.89,Siena
Chiusi,Ceccardi Susanna,1.281,1281,"32,63",32.63,Siena
Chiusi,Galletti Irene,253,253,"6,44",6.44,Siena
Chiusi,Fattori Tommaso,109,109,"2,78",2.78,Siena
Chiusi,Catello Salvatore,72,72,"1,83",1.83,Siena
Chiusi,Barzanti Marco,43,43,"1,1",1.1,Siena
Chiusi,Vigni Tiziana,13,13,"0,33",0.33,Siena
Colle di Val d'Elsa,Giani Eugenio,5.401,5401,"51,76",51.76,Siena
Colle di Val d'Elsa,Ceccardi Susanna,3.719,3719,"35,64",35.64,Siena
Colle di Val d'Elsa,Galletti Irene,824,824,"7,9",7.9,Siena
Colle di Val d'Elsa,Fattori Tommaso,184,184,"1,76",1.76,Siena
Colle di Val d'Elsa,Barzanti Marco,119,119,"1,14",1.14,Siena
Colle di Val d'Elsa,Vigni Tiziana,102,102,"0,98",0.98,Siena
Colle di Val d'Elsa,Catello Salvatore,86,86,"0,82",0.82,Siena
Gaiole in Chianti,Ceccardi Susanna,568,568,"49,78",49.78,Siena
Gaiole in Chianti,Giani Eugenio,448,448,"39,26",39.26,Siena
Gaiole in Chianti,Galletti Irene,72,72,"6,31",6.31,Siena
Gaiole in Chianti,Fattori Tommaso,27,27,"2,37",2.37,Siena
Gaiole in Chianti,Catello Salvatore,10,10,"0,88",0.88,Siena
Gaiole in Chianti,Barzanti Marco,10,10,"0,88",0.88,Siena
Gaiole in Chianti,Vigni Tiziana,6,6,"0,53",0.53,Siena
Montalcino,Giani Eugenio,1.314,1314,"52,48",52.48,Siena
Montalcino,Ceccardi Susanna,977,977,"39,02",39.02,Siena
Montalcino,Galletti Irene,119,119,"4,75",4.75,Siena
Montalcino,Barzanti Marco,34,34,"1,36",1.36,Siena
Montalcino,Fattori Tommaso,31,31,"1,24",1.24,Siena
Montalcino,Catello Salvatore,15,15,"0,6",0.6,Siena
Montalcino,Vigni Tiziana,14,14,"0,56",0.56,Siena
Montepulciano,Giani Eugenio,3.37,337,"52,28",52.28,Siena
Montepulciano,Ceccardi Susanna,2.417,2417,"37,5",37.5,Siena
Montepulciano,Galletti Irene,415,415,"6,44",6.44,Siena
Montepulciano,Catello Salvatore,93,93,"1,44",1.44,Siena
Montepulciano,Fattori Tommaso,76,76,"1,18",1.18,Siena
Montepulciano,Barzanti Marco,51,51,"0,79",0.79,Siena
Montepulciano,Vigni Tiziana,24,24,"0,37",0.37,Siena
Monteriggioni,Giani Eugenio,2.708,2708,"53,92",53.92,Siena
Monteriggioni,Ceccardi Susanna,1.768,1768,"35,21",35.21,Siena
Monteriggioni,Galletti Irene,317,317,"6,31",6.31,Siena
Monteriggioni,Fattori Tommaso,87,87,"1,73",1.73,Siena
Monteriggioni,Barzanti Marco,64,64,"1,27",1.27,Siena
Monteriggioni,Catello Salvatore,42,42,"0,84",0.84,Siena
Monteriggioni,Vigni Tiziana,36,36,"0,72",0.72,Siena
Monteroni d'Arbia,Giani Eugenio,2.067,2067,"53,19",53.19,Siena
Monteroni d'Arbia,Ceccardi Susanna,1.385,1385,"35,64",35.64,Siena
Monteroni d'Arbia,Galletti Irene,273,273,"7,03",7.03,Siena
Monteroni d'Arbia,Barzanti Marco,63,63,"1,62",1.62,Siena
Monteroni d'Arbia,Fattori Tommaso,48,48,"1,24",1.24,Siena
Monteroni d'Arbia,Vigni Tiziana,29,29,"0,75",0.75,Siena
Monteroni d'Arbia,Catello Salvatore,21,21,"0,54",0.54,Siena
Monticiano,Giani Eugenio,312,312,"50,32",50.32,Siena
Monticiano,Ceccardi Susanna,258,258,"41,61",41.61,Siena
Monticiano,Galletti Irene,24,24,"3,87",3.87,Siena
Monticiano,Fattori Tommaso,17,17,"2,74",2.74,Siena
Monticiano,Vigni Tiziana,4,4,"0,65",0.65,Siena
Monticiano,Barzanti Marco,3,3,"0,48",0.48,Siena
Monticiano,Catello Salvatore,2,2,"0,32",0.32,Siena
Murlo,Giani Eugenio,550,550,"48,08",48.08,Siena
Murlo,Ceccardi Susanna,462,462,"40,38",40.38,Siena
Murlo,Galletti Irene,81,81,"7,08",7.08,Siena
Murlo,Fattori Tommaso,18,18,"1,57",1.57,Siena
Murlo,Vigni Tiziana,13,13,"1,14",1.14,Siena
Murlo,Catello Salvatore,10,10,"0,87",0.87,Siena
Murlo,Barzanti Marco,10,10,"0,87",0.87,Siena
Piancastagnaio,Giani Eugenio,975,975,"48,58",48.58,Siena
Piancastagnaio,Ceccardi Susanna,834,834,"41,55",41.55,Siena
Piancastagnaio,Galletti Irene,107,107,"5,33",5.33,Siena
Piancastagnaio,Fattori Tommaso,32,32,"1,59",1.59,Siena
Piancastagnaio,Catello Salvatore,28,28,"1,4",1.4,Siena
Piancastagnaio,Barzanti Marco,25,25,"1,25",1.25,Siena
Piancastagnaio,Vigni Tiziana,6,6,"0,3",0.3,Siena
Pienza,Giani Eugenio,634,634,"56,31",56.31,Siena
Pienza,Ceccardi Susanna,411,411,"36,5",36.5,Siena
Pienza,Galletti Irene,32,32,"2,84",2.84,Siena
Pienza,Fattori Tommaso,18,18,"1,6",1.6,Siena
Pienza,Barzanti Marco,15,15,"1,33",1.33,Siena
Pienza,Catello Salvatore,14,14,"1,24",1.24,Siena
Pienza,Vigni Tiziana,2,2,"0,18",0.18,Siena
Poggibonsi,Giani Eugenio,7.963,7963,"55,58",55.58,Siena
Poggibonsi,Ceccardi Susanna,4.85,485,"33,85",33.85,Siena
Poggibonsi,Galletti Irene,936,936,"6,53",6.53,Siena
Poggibonsi,Fattori Tommaso,250,250,"1,75",1.75,Siena
Poggibonsi,Barzanti Marco,129,129,"0,9",0.9,Siena
Poggibonsi,Vigni Tiziana,103,103,"0,72",0.72,Siena
Poggibonsi,Catello Salvatore,95,95,"0,66",0.66,Siena
Radda in Chianti,Giani Eugenio,341,341,"47,03",47.03,Siena
Radda in Chianti,Ceccardi Susanna,317,317,"43,72",43.72,Siena
Radda in Chianti,Galletti Irene,37,37,"5,1",5.1,Siena
Radda in Chianti,Fattori Tommaso,12,12,"1,66",1.66,Siena
Radda in Chianti,Vigni Tiziana,7,7,"0,97",0.97,Siena
Radda in Chianti,Barzanti Marco,7,7,"0,97",0.97,Siena
Radda in Chianti,Catello Salvatore,4,4,"0,55",0.55,Siena
Radicofani,Giani Eugenio,287,287,"47,99",47.99,Siena
Radicofani,Ceccardi Susanna,278,278,"46,49",46.49,Siena
Radicofani,Galletti Irene,23,23,"3,85",3.85,Siena
Radicofani,Barzanti Marco,5,5,"0,84",0.84,Siena
Radicofani,Catello Salvatore,3,3,"0,5",0.5,Siena
Radicofani,Fattori Tommaso,2,2,"0,33",0.33,Siena
Radicofani,Vigni Tiziana,0,0,"0,0",0,Siena
Radicondoli,Giani Eugenio,257,257,"58,41",58.41,Siena
Radicondoli,Ceccardi Susanna,114,114,"25,91",25.91,Siena
Radicondoli,Galletti Irene,27,27,"6,14",6.14,Siena
Radicondoli,Fattori Tommaso,23,23,"5,23",5.23,Siena
Radicondoli,Catello Salvatore,9,9,"2,05",2.05,Siena
Radicondoli,Barzanti Marco,7,7,"1,59",1.59,Siena
Radicondoli,Vigni Tiziana,3,3,"0,68",0.68,Siena
Rapolano Terme,Giani Eugenio,1.375,1375,"56,42",56.42,Siena
Rapolano Terme,Ceccardi Susanna,862,862,"35,37",35.37,Siena
Rapolano Terme,Galletti Irene,122,122,"5,01",5.01,Siena
Rapolano Terme,Fattori Tommaso,26,26,"1,07",1.07,Siena
Rapolano Terme,Barzanti Marco,25,25,"1,03",1.03,Siena
Rapolano Terme,Catello Salvatore,24,24,"0,98",0.98,Siena
Rapolano Terme,Vigni Tiziana,3,3,"0,12",0.12,Siena
San Casciano dei Bagni,Giani Eugenio,471,471,"56,54",56.54,Siena
San Casciano dei Bagni,Ceccardi Susanna,303,303,"36,37",36.37,Siena
San Casciano dei Bagni,Galletti Irene,27,27,"3,24",3.24,Siena
San Casciano dei Bagni,Barzanti Marco,14,14,"1,68",1.68,Siena
San Casciano dei Bagni,Catello Salvatore,12,12,"1,44",1.44,Siena
San Casciano dei Bagni,Fattori Tommaso,5,5,"0,6",0.6,Siena
San Casciano dei Bagni,Vigni Tiziana,1,1,"0,12",0.12,Siena
San Gimignano,Giani Eugenio,2.287,2287,"58,46",58.46,Siena
San Gimignano,Ceccardi Susanna,1.242,1242,"31,75",31.75,Siena
San Gimignano,Galletti Irene,195,195,"4,98",4.98,Siena
San Gimignano,Fattori Tommaso,68,68,"1,74",1.74,Siena
San Gimignano,Vigni Tiziana,56,56,"1,43",1.43,Siena
San Gimignano,Barzanti Marco,33,33,"0,84",0.84,Siena
San Gimignano,Catello Salvatore,31,31,"0,79",0.79,Siena
San Quirico d'Orcia,Giani Eugenio,693,693,"56,11",56.11,Siena
San Quirico d'Orcia,Ceccardi Susanna,408,408,"33,04",33.04,Siena
San Quirico d'Orcia,Galletti Irene,80,80,"6,48",6.48,Siena
San Quirico d'Orcia,Barzanti Marco,19,19,"1,54",1.54,Siena
San Quirico d'Orcia,Fattori Tommaso,17,17,"1,38",1.38,Siena
San Quirico d'Orcia,Catello Salvatore,11,11,"0,89",0.89,Siena
San Quirico d'Orcia,Vigni Tiziana,7,7,"0,57",0.57,Siena
Sarteano,Giani Eugenio,1.087,1087,"50,39",50.39,Siena
Sarteano,Ceccardi Susanna,910,910,"42,19",42.19,Siena
Sarteano,Galletti Irene,101,101,"4,68",4.68,Siena
Sarteano,Fattori Tommaso,22,22,"1,02",1.02,Siena
Sarteano,Barzanti Marco,16,16,"0,74",0.74,Siena
Sarteano,Catello Salvatore,15,15,"0,7",0.7,Siena
Sarteano,Vigni Tiziana,6,6,"0,28",0.28,Siena
Siena,Giani Eugenio,14.007,14007,"51,4",51.4,Siena
Siena,Ceccardi Susanna,10.925,10925,"40,09",40.09,Siena
Siena,Galletti Irene,1.158,1158,"4,25",4.25,Siena
Siena,Fattori Tommaso,544,544,"2,0",2,Siena
Siena,Barzanti Marco,251,251,"0,92",0.92,Siena
Siena,Catello Salvatore,220,220,"0,81",0.81,Siena
Siena,Vigni Tiziana,148,148,"0,54",0.54,Siena
Sinalunga,Giani Eugenio,2.761,2761,"48,78",48.78,Siena
Sinalunga,Ceccardi Susanna,2.33,233,"41,17",41.17,Siena
Sinalunga,Galletti Irene,389,389,"6,87",6.87,Siena
Sinalunga,Catello Salvatore,53,53,"0,94",0.94,Siena
Sinalunga,Fattori Tommaso,51,51,"0,9",0.9,Siena
Sinalunga,Barzanti Marco,44,44,"0,78",0.78,Siena
Sinalunga,Vigni Tiziana,32,32,"0,57",0.57,Siena
Sovicille,Giani Eugenio,2.436,2436,"52,11",52.11,Siena
Sovicille,Ceccardi Susanna,1.667,1667,"35,66",35.66,Siena
Sovicille,Galletti Irene,293,293,"6,27",6.27,Siena
Sovicille,Fattori Tommaso,141,141,"3,02",3.02,Siena
Sovicille,Barzanti Marco,49,49,"1,05",1.05,Siena
Sovicille,Vigni Tiziana,46,46,"0,98",0.98,Siena
Sovicille,Catello Salvatore,43,43,"0,92",0.92,Siena
Torrita di Siena,Giani Eugenio,1.973,1973,"57,4",57.4,Siena
Torrita di Siena,Ceccardi Susanna,1.161,1161,"33,78",33.78,Siena
Torrita di Siena,Galletti Irene,225,225,"6,55",6.55,Siena
Torrita di Siena,Barzanti Marco,33,33,"0,96",0.96,Siena
Torrita di Siena,Fattori Tommaso,18,18,"0,52",0.52,Siena
Torrita di Siena,Catello Salvatore,16,16,"0,47",0.47,Siena
Torrita di Siena,Vigni Tiziana,11,11,"0,32",0.32,Siena
Trequanda,Giani Eugenio,382,382,"58,41",58.41,Siena
Trequanda,Ceccardi Susanna,202,202,"30,89",30.89,Siena
Trequanda,Galletti Irene,50,50,"7,65",7.65,Siena
Trequanda,Barzanti Marco,9,9,"1,38",1.38,Siena
Trequanda,Fattori Tommaso,5,5,"0,76",0.76,Siena
Trequanda,Vigni Tiziana,3,3,"0,46",0.46,Siena
Trequanda,Catello Salvatore,3,3,"0,46",0.46,Siena
Firenze,Giani Eugenio,109.025,109025,"60,3",60.3,Firenze 1
Firenze,Ceccardi Susanna,53.696,53696,"29,7",29.7,Firenze 1
Firenze,Galletti Irene,8.181,8181,"4,52",4.52,Firenze 1
Firenze,Fattori Tommaso,6.865,6865,"3,8",3.8,Firenze 1
Firenze,Catello Salvatore,1.705,1705,"0,94",0.94,Firenze 1
Firenze,Vigni Tiziana,1.332,1332,"0,74",0.74,Firenze 1
Bagno a Ripoli,Giani Eugenio,8.666,8666,"61,92",61.92,Firenze 2
Bagno a Ripoli,Ceccardi Susanna,3.965,3965,"28,33",28.33,Firenze 2
Bagno a Ripoli,Galletti Irene,626,626,"4,47",4.47,Firenze 2
Bagno a Ripoli,Fattori Tommaso,420,420,"3,0",3,Firenze 2
Bagno a Ripoli,Barzanti Marco,158,158,"1,13",1.13,Firenze 2
Bagno a Ripoli,Catello Salvatore,84,84,"0,6",0.6,Firenze 2
Bagno a Ripoli,Vigni Tiziana,77,77,"0,55",0.55,Firenze 2
Barberino Tavarnelle,Giani Eugenio,3.537,3537,"57,41",57.41,Firenze 2
Barberino Tavarnelle,Ceccardi Susanna,2.054,2054,"33,34",33.34,Firenze 2
Barberino Tavarnelle,Galletti Irene,307,307,"4,98",4.98,Firenze 2
Barberino Tavarnelle,Fattori Tommaso,104,104,"1,69",1.69,Firenze 2
Barberino Tavarnelle,Barzanti Marco,78,78,"1,27",1.27,Firenze 2
Barberino Tavarnelle,Catello Salvatore,45,45,"0,73",0.73,Firenze 2
Barberino Tavarnelle,Vigni Tiziana,36,36,"0,58",0.58,Firenze 2
Barberino di Mugello,Giani Eugenio,2.713,2713,"52,8",52.8,Firenze 2
Barberino di Mugello,Ceccardi Susanna,1.653,1653,"32,17",32.17,Firenze 2
Barberino di Mugello,Galletti Irene,355,355,"6,91",6.91,Firenze 2
Barberino di Mugello,Fattori Tommaso,261,261,"5,08",5.08,Firenze 2
Barberino di Mugello,Barzanti Marco,81,81,"1,58",1.58,Firenze 2
Barberino di Mugello,Vigni Tiziana,49,49,"0,95",0.95,Firenze 2
Barberino di Mugello,Catello Salvatore,26,26,"0,51",0.51,Firenze 2
Borgo san Lorenzo,Giani Eugenio,4.935,4935,"54,33",54.33,Firenze 2
Borgo san Lorenzo,Ceccardi Susanna,3.007,3007,"33,11",33.11,Firenze 2
Borgo san Lorenzo,Galletti Irene,514,514,"5,66",5.66,Firenze 2
Borgo san Lorenzo,Fattori Tommaso,345,345,"3,8",3.8,Firenze 2
Borgo san Lorenzo,Barzanti Marco,151,151,"1,66",1.66,Firenze 2
Borgo san Lorenzo,Catello Salvatore,68,68,"0,75",0.75,Firenze 2
Borgo san Lorenzo,Vigni Tiziana,63,63,"0,69",0.69,Firenze 2
Dicomano,Giani Eugenio,1.359,1359,"52,09",52.09,Firenze 2
Dicomano,Ceccardi Susanna,889,889,"34,07",34.07,Firenze 2
Dicomano,Galletti Irene,198,198,"7,59",7.59,Firenze 2
Dicomano,Fattori Tommaso,69,69,"2,64",2.64,Firenze 2
Dicomano,Barzanti Marco,54,54,"2,07",2.07,Firenze 2
Dicomano,Vigni Tiziana,20,20,"0,77",0.77,Firenze 2
Dicomano,Catello Salvatore,20,20,"0,77",0.77,Firenze 2
Fiesole,Giani Eugenio,4.695,4695,"62,63",62.63,Firenze 2
Fiesole,Ceccardi Susanna,2.006,2006,"26,76",26.76,Firenze 2
Fiesole,Galletti Irene,379,379,"5,06",5.06,Firenze 2
Fiesole,Fattori Tommaso,244,244,"3,25",3.25,Firenze 2
Fiesole,Barzanti Marco,74,74,"0,99",0.99,Firenze 2
Fiesole,Vigni Tiziana,61,61,"0,81",0.81,Firenze 2
Fiesole,Catello Salvatore,38,38,"0,51",0.51,Firenze 2
Figline e Incisa Valdarno,Giani Eugenio,5.602,5602,"48,57",48.57,Firenze 2
Figline e Incisa Valdarno,Ceccardi Susanna,4.334,4334,"37,58",37.58,Firenze 2
Figline e Incisa Valdarno,Galletti Irene,990,990,"8,58",8.58,Firenze 2
Figline e Incisa Valdarno,Fattori Tommaso,263,263,"2,28",2.28,Firenze 2
Figline e Incisa Valdarno,Barzanti Marco,189,189,"1,64",1.64,Firenze 2
Figline e Incisa Valdarno,Catello Salvatore,91,91,"0,79",0.79,Firenze 2
Figline e Incisa Valdarno,Vigni Tiziana,65,65,"0,56",0.56,Firenze 2
Firenzuola,Ceccardi Susanna,1.328,1328,"57,39",57.39,Firenze 2
Firenzuola,Giani Eugenio,792,792,"34,23",34.23,Firenze 2
Firenzuola,Galletti Irene,110,110,"4,75",4.75,Firenze 2
Firenzuola,Fattori Tommaso,32,32,"1,38",1.38,Firenze 2
Firenzuola,Barzanti Marco,29,29,"1,25",1.25,Firenze 2
Firenzuola,Catello Salvatore,14,14,"0,61",0.61,Firenze 2
Firenzuola,Vigni Tiziana,9,9,"0,39",0.39,Firenze 2
Greve in Chianti,Giani Eugenio,3.827,3827,"57,28",57.28,Firenze 2
Greve in Chianti,Ceccardi Susanna,2.061,2061,"30,85",30.85,Firenze 2
Greve in Chianti,Galletti Irene,392,392,"5,87",5.87,Firenze 2
Greve in Chianti,Fattori Tommaso,185,185,"2,77",2.77,Firenze 2
Greve in Chianti,Barzanti Marco,87,87,"1,3",1.3,Firenze 2
Greve in Chianti,Vigni Tiziana,84,84,"1,26",1.26,Firenze 2
Greve in Chianti,Catello Salvatore,45,45,"0,67",0.67,Firenze 2
Impruneta,Giani Eugenio,4.66,466,"59,61",59.61,Firenze 2
Impruneta,Ceccardi Susanna,2.311,2311,"29,56",29.56,Firenze 2
Impruneta,Galletti Irene,397,397,"5,08",5.08,Firenze 2
Impruneta,Fattori Tommaso,179,179,"2,29",2.29,Firenze 2
Impruneta,Barzanti Marco,127,127,"1,62",1.62,Firenze 2
Impruneta,Vigni Tiziana,97,97,"1,24",1.24,Firenze 2
Impruneta,Catello Salvatore,46,46,"0,59",0.59,Firenze 2
Londa,Giani Eugenio,483,483,"49,59",49.59,Firenze 2
Londa,Ceccardi Susanna,390,390,"40,04",40.04,Firenze 2
Londa,Galletti Irene,46,46,"4,72",4.72,Firenze 2
Londa,Catello Salvatore,26,26,"2,67",2.67,Firenze 2
Londa,Fattori Tommaso,12,12,"1,23",1.23,Firenze 2
Londa,Vigni Tiziana,10,10,"1,03",1.03,Firenze 2
Londa,Barzanti Marco,7,7,"0,72",0.72,Firenze 2
Marradi,Giani Eugenio,1.083,1083,"65,28",65.28,Firenze 2
Marradi,Ceccardi Susanna,484,484,"29,17",29.17,Firenze 2
Marradi,Galletti Irene,47,47,"2,83",2.83,Firenze 2
Marradi,Fattori Tommaso,16,16,"0,96",0.96,Firenze 2
Marradi,Barzanti Marco,14,14,"0,84",0.84,Firenze 2
Marradi,Vigni Tiziana,12,12,"0,72",0.72,Firenze 2
Marradi,Catello Salvatore,3,3,"0,18",0.18,Firenze 2
Palazzuolo sul Senio,Giani Eugenio,295,295,"54,13",54.13,Firenze 2
Palazzuolo sul Senio,Ceccardi Susanna,192,192,"35,23",35.23,Firenze 2
Palazzuolo sul Senio,Galletti Irene,18,18,"3,3",3.3,Firenze 2
Palazzuolo sul Senio,Fattori Tommaso,16,16,"2,94",2.94,Firenze 2
Palazzuolo sul Senio,Barzanti Marco,10,10,"1,83",1.83,Firenze 2
Palazzuolo sul Senio,Catello Salvatore,9,9,"1,65",1.65,Firenze 2
Palazzuolo sul Senio,Vigni Tiziana,5,5,"0,92",0.92,Firenze 2
Pelago,Giani Eugenio,2.331,2331,"56,8",56.8,Firenze 2
Pelago,Ceccardi Susanna,1.298,1298,"31,63",31.63,Firenze 2
Pelago,Galletti Irene,256,256,"6,24",6.24,Firenze 2
Pelago,Fattori Tommaso,110,110,"2,68",2.68,Firenze 2
Pelago,Barzanti Marco,53,53,"1,29",1.29,Firenze 2
Pelago,Catello Salvatore,32,32,"0,78",0.78,Firenze 2
Pelago,Vigni Tiziana,24,24,"0,58",0.58,Firenze 2
Pontassieve,Giani Eugenio,6.725,6725,"62,63",62.63,Firenze 2
Pontassieve,Ceccardi Susanna,2.859,2859,"26,63",26.63,Firenze 2
Pontassieve,Galletti Irene,605,605,"5,63",5.63,Firenze 2
Pontassieve,Fattori Tommaso,259,259,"2,41",2.41,Firenze 2
Pontassieve,Barzanti Marco,135,135,"1,26",1.26,Firenze 2
Pontassieve,Vigni Tiziana,82,82,"0,76",0.76,Firenze 2
Pontassieve,Catello Salvatore,73,73,"0,68",0.68,Firenze 2
Reggello,Giani Eugenio,4.969,4969,"55,95",55.95,Firenze 2
Reggello,Ceccardi Susanna,2.901,2901,"32,67",32.67,Firenze 2
Reggello,Galletti Irene,644,644,"7,25",7.25,Firenze 2
Reggello,Fattori Tommaso,146,146,"1,64",1.64,Firenze 2
Reggello,Barzanti Marco,113,113,"1,27",1.27,Firenze 2
Reggello,Catello Salvatore,57,57,"0,64",0.64,Firenze 2
Reggello,Vigni Tiziana,51,51,"0,57",0.57,Firenze 2
Rignano sull'Arno,Giani Eugenio,2.697,2697,"59,03",59.03,Firenze 2
Rignano sull'Arno,Ceccardi Susanna,1.324,1324,"28,98",28.98,Firenze 2
Rignano sull'Arno,Galletti Irene,271,271,"5,93",5.93,Firenze 2
Rignano sull'Arno,Fattori Tommaso,125,125,"2,74",2.74,Firenze 2
Rignano sull'Arno,Barzanti Marco,85,85,"1,86",1.86,Firenze 2
Rignano sull'Arno,Catello Salvatore,34,34,"0,74",0.74,Firenze 2
Rignano sull'Arno,Vigni Tiziana,33,33,"0,72",0.72,Firenze 2
Rufina,Giani Eugenio,2.204,2204,"56,66",56.66,Firenze 2
Rufina,Ceccardi Susanna,1.253,1253,"32,21",32.21,Firenze 2
Rufina,Galletti Irene,231,231,"5,94",5.94,Firenze 2
Rufina,Fattori Tommaso,72,72,"1,85",1.85,Firenze 2
Rufina,Barzanti Marco,65,65,"1,67",1.67,Firenze 2
Rufina,Catello Salvatore,41,41,"1,05",1.05,Firenze 2
Rufina,Vigni Tiziana,24,24,"0,62",0.62,Firenze 2
San Casciano in Val di Pesa,Giani Eugenio,5.854,5854,"63,27",63.27,Firenze 2
San Casciano in Val di Pesa,Ceccardi Susanna,2.589,2589,"27,98",27.98,Firenze 2
San Casciano in Val di Pesa,Galletti Irene,362,362,"3,91",3.91,Firenze 2
San Casciano in Val di Pesa,Fattori Tommaso,198,198,"2,14",2.14,Firenze 2
San Casciano in Val di Pesa,Barzanti Marco,95,95,"1,03",1.03,Firenze 2
San Casciano in Val di Pesa,Vigni Tiziana,93,93,"1,01",1.01,Firenze 2
San Casciano in Val di Pesa,Catello Salvatore,61,61,"0,66",0.66,Firenze 2
San Godenzo,Giani Eugenio,294,294,"47,65",47.65,Firenze 2
San Godenzo,Ceccardi Susanna,236,236,"38,25",38.25,Firenze 2
San Godenzo,Galletti Irene,31,31,"5,02",5.02,Firenze 2
San Godenzo,Fattori Tommaso,27,27,"4,38",4.38,Firenze 2
San Godenzo,Barzanti Marco,14,14,"2,27",2.27,Firenze 2
San Godenzo,Catello Salvatore,9,9,"1,46",1.46,Firenze 2
San Godenzo,Vigni Tiziana,6,6,"0,97",0.97,Firenze 2
Scarperia e San Piero,Giani Eugenio,3.309,3309,"55,87",55.87,Firenze 2
Scarperia e San Piero,Ceccardi Susanna,1.774,1774,"29,95",29.95,Firenze 2
Scarperia e San Piero,Galletti Irene,440,440,"7,43",7.43,Firenze 2
Scarperia e San Piero,Fattori Tommaso,225,225,"3,8",3.8,Firenze 2
Scarperia e San Piero,Barzanti Marco,86,86,"1,45",1.45,Firenze 2
Scarperia e San Piero,Catello Salvatore,56,56,"0,95",0.95,Firenze 2
Scarperia e San Piero,Vigni Tiziana,33,33,"0,56",0.56,Firenze 2
Vaglia,Giani Eugenio,1.692,1692,"56,84",56.84,Firenze 2
Vaglia,Ceccardi Susanna,906,906,"30,43",30.43,Firenze 2
Vaglia,Galletti Irene,158,158,"5,31",5.31,Firenze 2
Vaglia,Fattori Tommaso,114,114,"3,83",3.83,Firenze 2
Vaglia,Barzanti Marco,55,55,"1,85",1.85,Firenze 2
Vaglia,Vigni Tiziana,31,31,"1,04",1.04,Firenze 2
Vaglia,Catello Salvatore,21,21,"0,71",0.71,Firenze 2
Vicchio,Giani Eugenio,2.09,209,"54,97",54.97,Firenze 2
Vicchio,Ceccardi Susanna,1.088,1088,"28,62",28.62,Firenze 2
Vicchio,Galletti Irene,310,310,"8,15",8.15,Firenze 2
Vicchio,Fattori Tommaso,163,163,"4,29",4.29,Firenze 2
Vicchio,Barzanti Marco,75,75,"1,97",1.97,Firenze 2
Vicchio,Catello Salvatore,40,40,"1,05",1.05,Firenze 2
Vicchio,Vigni Tiziana,36,36,"0,95",0.95,Firenze 2
Capraia e Limite,Giani Eugenio,2.419,2419,"59,48",59.48,Firenze 3
Capraia e Limite,Ceccardi Susanna,1.201,1201,"29,53",29.53,Firenze 3
Capraia e Limite,Galletti Irene,297,297,"7,3",7.3,Firenze 3
Capraia e Limite,Fattori Tommaso,63,63,"1,55",1.55,Firenze 3
Capraia e Limite,Barzanti Marco,41,41,"1,01",1.01,Firenze 3
Capraia e Limite,Catello Salvatore,25,25,"0,61",0.61,Firenze 3
Capraia e Limite,Vigni Tiziana,21,21,"0,52",0.52,Firenze 3
Castelfiorentino,Giani Eugenio,4.624,4624,"57,83",57.83,Firenze 3
Castelfiorentino,Ceccardi Susanna,2.588,2588,"32,37",32.37,Firenze 3
Castelfiorentino,Galletti Irene,465,465,"5,82",5.82,Firenze 3
Castelfiorentino,Fattori Tommaso,121,121,"1,51",1.51,Firenze 3
Castelfiorentino,Barzanti Marco,86,86,"1,08",1.08,Firenze 3
Castelfiorentino,Catello Salvatore,78,78,"0,98",0.98,Firenze 3
Castelfiorentino,Vigni Tiziana,34,34,"0,43",0.43,Firenze 3
Cerreto Guidi,Giani Eugenio,2.75,275,"52,89",52.89,Firenze 3
Cerreto Guidi,Ceccardi Susanna,1.861,1861,"35,8",35.8,Firenze 3
Cerreto Guidi,Galletti Irene,319,319,"6,14",6.14,Firenze 3
Cerreto Guidi,Barzanti Marco,114,114,"2,19",2.19,Firenze 3
Cerreto Guidi,Fattori Tommaso,84,84,"1,62",1.62,Firenze 3
Cerreto Guidi,Catello Salvatore,48,48,"0,92",0.92,Firenze 3
Cerreto Guidi,Vigni Tiziana,23,23,"0,44",0.44,Firenze 3
Certaldo,Giani Eugenio,4.412,4412,"55,95",55.95,Firenze 3
Certaldo,Ceccardi Susanna,2.534,2534,"32,14",32.14,Firenze 3
Certaldo,Galletti Irene,588,588,"7,46",7.46,Firenze 3
Certaldo,Fattori Tommaso,110,110,"1,4",1.4,Firenze 3
Certaldo,Barzanti Marco,98,98,"1,24",1.24,Firenze 3
Certaldo,Catello Salvatore,84,84,"1,07",1.07,Firenze 3
Certaldo,Vigni Tiziana,59,59,"0,75",0.75,Firenze 3
Empoli,Giani Eugenio,13.192,13192,"56,84",56.84,Firenze 3
Empoli,Ceccardi Susanna,7.384,7384,"31,82",31.82,Firenze 3
Empoli,Galletti Irene,1.55,155,"6,68",6.68,Firenze 3
Empoli,Fattori Tommaso,481,481,"2,07",2.07,Firenze 3
Empoli,Barzanti Marco,295,295,"1,27",1.27,Firenze 3
Empoli,Catello Salvatore,197,197,"0,85",0.85,Firenze 3
Empoli,Vigni Tiziana,110,110,"0,47",0.47,Firenze 3
Fucecchio,Ceccardi Susanna,4.972,4972,"47,71",47.71,Firenze 3
Fucecchio,Giani Eugenio,4.566,4566,"43,82",43.82,Firenze 3
Fucecchio,Galletti Irene,574,574,"5,51",5.51,Firenze 3
Fucecchio,Barzanti Marco,108,108,"1,04",1.04,Firenze 3
Fucecchio,Fattori Tommaso,86,86,"0,83",0.83,Firenze 3
Fucecchio,Catello Salvatore,67,67,"0,64",0.64,Firenze 3
Fucecchio,Vigni Tiziana,48,48,"0,46",0.46,Firenze 3
Gambassi Terme,Giani Eugenio,1.385,1385,"53,91",53.91,Firenze 3
Gambassi Terme,Ceccardi Susanna,872,872,"33,94",33.94,Firenze 3
Gambassi Terme,Galletti Irene,186,186,"7,24",7.24,Firenze 3
Gambassi Terme,Fattori Tommaso,38,38,"1,48",1.48,Firenze 3
Gambassi Terme,Vigni Tiziana,35,35,"1,36",1.36,Firenze 3
Gambassi Terme,Barzanti Marco,33,33,"1,28",1.28,Firenze 3
Gambassi Terme,Catello Salvatore,20,20,"0,78",0.78,Firenze 3
Montaione,Giani Eugenio,941,941,"53,89",53.89,Firenze 3
Montaione,Ceccardi Susanna,632,632,"36,2",36.2,Firenze 3
Montaione,Galletti Irene,99,99,"5,67",5.67,Firenze 3
Montaione,Fattori Tommaso,27,27,"1,55",1.55,Firenze 3
Montaione,Barzanti Marco,22,22,"1,26",1.26,Firenze 3
Montaione,Catello Salvatore,17,17,"0,97",0.97,Firenze 3
Montaione,Vigni Tiziana,8,8,"0,46",0.46,Firenze 3
Montelupo Fiorentino,Giani Eugenio,3.895,3895,"53,7",53.7,Firenze 3
Montelupo Fiorentino,Ceccardi Susanna,2.521,2521,"34,76",34.76,Firenze 3
Montelupo Fiorentino,Galletti Irene,506,506,"6,98",6.98,Firenze 3
Montelupo Fiorentino,Fattori Tommaso,130,130,"1,79",1.79,Firenze 3
Montelupo Fiorentino,Barzanti Marco,76,76,"1,05",1.05,Firenze 3
Montelupo Fiorentino,Catello Salvatore,74,74,"1,02",1.02,Firenze 3
Montelupo Fiorentino,Vigni Tiziana,51,51,"0,7",0.7,Firenze 3
Montespertoli,Giani Eugenio,3.644,3644,"53,13",53.13,Firenze 3
Montespertoli,Ceccardi Susanna,2.45,245,"35,72",35.72,Firenze 3
Montespertoli,Galletti Irene,392,392,"5,72",5.72,Firenze 3
Montespertoli,Fattori Tommaso,166,166,"2,42",2.42,Firenze 3
Montespertoli,Vigni Tiziana,79,79,"1,15",1.15,Firenze 3
Montespertoli,Barzanti Marco,79,79,"1,15",1.15,Firenze 3
Montespertoli,Catello Salvatore,49,49,"0,71",0.71,Firenze 3
Vinci,Giani Eugenio,4.021,4021,"55,1",55.1,Firenze 3
Vinci,Ceccardi Susanna,2.422,2422,"33,19",33.19,Firenze 3
Vinci,Galletti Irene,461,461,"6,32",6.32,Firenze 3
Vinci,Fattori Tommaso,138,138,"1,89",1.89,Firenze 3
Vinci,Barzanti Marco,135,135,"1,85",1.85,Firenze 3
Vinci,Catello Salvatore,81,81,"1,11",1.11,Firenze 3
Vinci,Vigni Tiziana,40,40,"0,55",0.55,Firenze 3
Calenzano,Giani Eugenio,5.391,5391,"57,1",57.1,Firenze 4
Calenzano,Ceccardi Susanna,2.866,2866,"30,35",30.35,Firenze 4
Calenzano,Galletti Irene,527,527,"5,58",5.58,Firenze 4
Calenzano,Fattori Tommaso,374,374,"3,96",3.96,Firenze 4
Calenzano,Vigni Tiziana,109,109,"1,15",1.15,Firenze 4
Calenzano,Barzanti Marco,106,106,"1,12",1.12,Firenze 4
Calenzano,Catello Salvatore,69,69,"0,73",0.73,Firenze 4
Campi Bisenzio,Giani Eugenio,8.798,8798,"45,21",45.21,Firenze 4
Campi Bisenzio,Ceccardi Susanna,7.712,7712,"39,63",39.63,Firenze 4
Campi Bisenzio,Galletti Irene,1.379,1379,"7,09",7.09,Firenze 4
Campi Bisenzio,Fattori Tommaso,1.097,1097,"5,64",5.64,Firenze 4
Campi Bisenzio,Barzanti Marco,183,183,"0,94",0.94,Firenze 4
Campi Bisenzio,Catello Salvatore,148,148,"0,76",0.76,Firenze 4
Campi Bisenzio,Vigni Tiziana,145,145,"0,75",0.75,Firenze 4
Lastra a Signa,Giani Eugenio,5.293,5293,"54,45",54.45,Firenze 4
Lastra a Signa,Ceccardi Susanna,3.427,3427,"35,25",35.25,Firenze 4
Lastra a Signa,Galletti Irene,555,555,"5,71",5.71,Firenze 4
Lastra a Signa,Fattori Tommaso,201,201,"2,07",2.07,Firenze 4
Lastra a Signa,Barzanti Marco,94,94,"0,97",0.97,Firenze 4
Lastra a Signa,Vigni Tiziana,78,78,"0,8",0.8,Firenze 4
Lastra a Signa,Catello Salvatore,73,73,"0,75",0.75,Firenze 4
Scandicci,Giani Eugenio,15.177,15177,"59,27",59.27,Firenze 4
Scandicci,Ceccardi Susanna,7.71,771,"30,11",30.11,Firenze 4
Scandicci,Galletti Irene,1.478,1478,"5,77",5.77,Firenze 4
Scandicci,Fattori Tommaso,562,562,"2,19",2.19,Firenze 4
Scandicci,Barzanti Marco,333,333,"1,3",1.3,Firenze 4
Scandicci,Vigni Tiziana,184,184,"0,72",0.72,Firenze 4
Scandicci,Catello Salvatore,163,163,"0,64",0.64,Firenze 4
Sesto Fiorentino,Giani Eugenio,15.152,15152,"59,65",59.65,Firenze 4
Sesto Fiorentino,Ceccardi Susanna,6.499,6499,"25,59",25.59,Firenze 4
Sesto Fiorentino,Fattori Tommaso,1.527,1527,"6,01",6.01,Firenze 4
Sesto Fiorentino,Galletti Irene,1.487,1487,"5,85",5.85,Firenze 4
Sesto Fiorentino,Barzanti Marco,306,306,"1,2",1.2,Firenze 4
Sesto Fiorentino,Vigni Tiziana,222,222,"0,87",0.87,Firenze 4
Sesto Fiorentino,Catello Salvatore,208,208,"0,82",0.82,Firenze 4
Signa,Giani Eugenio,4.076,4076,"49,75",49.75,Firenze 4
Signa,Ceccardi Susanna,3.21,321,"39,18",39.18,Firenze 4
Signa,Galletti Irene,511,511,"6,24",6.24,Firenze 4
Signa,Fattori Tommaso,183,183,"2,23",2.23,Firenze 4
Signa,Barzanti Marco,96,96,"1,17",1.17,Firenze 4
Signa,Vigni Tiziana,61,61,"0,74",0.74,Firenze 4
Signa,Catello Salvatore,56,56,"0,68",0.68,Firenze 4
Altopascio,Ceccardi Susanna,4.011,4011,"62,05",62.05,Lucca
Altopascio,Giani Eugenio,1.867,1867,"28,88",28.88,Lucca
Altopascio,Galletti Irene,445,445,"6,88",6.88,Lucca
Altopascio,Barzanti Marco,60,60,"0,93",0.93,Lucca
Altopascio,Fattori Tommaso,49,49,"0,76",0.76,Lucca
Altopascio,Catello Salvatore,32,32,"0,5",0.5,Lucca
Bagni di Lucca,Ceccardi Susanna,1.508,1508,"58,02",58.02,Lucca
Bagni di Lucca,Giani Eugenio,866,866,"33,32",33.32,Lucca
Bagni di Lucca,Galletti Irene,161,161,"6,19",6.19,Lucca
Bagni di Lucca,Fattori Tommaso,28,28,"1,08",1.08,Lucca
Bagni di Lucca,Barzanti Marco,22,22,"0,85",0.85,Lucca
Bagni di Lucca,Catello Salvatore,14,14,"0,54",0.54,Lucca
Barga,Ceccardi Susanna,2.457,2457,"49,17",49.17,Lucca
Barga,Giani Eugenio,2.097,2097,"41,97",41.97,Lucca
Barga,Galletti Irene,248,248,"4,96",4.96,Lucca
Barga,Fattori Tommaso,132,132,"2,64",2.64,Lucca
Barga,Barzanti Marco,41,41,"0,82",0.82,Lucca
Barga,Catello Salvatore,22,22,"0,44",0.44,Lucca
Borgo a Mozzano,Ceccardi Susanna,1.825,1825,"53,5",53.5,Lucca
Borgo a Mozzano,Giani Eugenio,1.236,1236,"36,24",36.24,Lucca
Borgo a Mozzano,Galletti Irene,201,201,"5,89",5.89,Lucca
Borgo a Mozzano,Fattori Tommaso,86,86,"2,52",2.52,Lucca
Borgo a Mozzano,Catello Salvatore,33,33,"0,97",0.97,Lucca
Borgo a Mozzano,Barzanti Marco,30,30,"0,88",0.88,Lucca
Camaiore,Ceccardi Susanna,7.955,7955,"53,31",53.31,Lucca
Camaiore,Giani Eugenio,5.521,5521,"37,0",37,Lucca
Camaiore,Galletti Irene,867,867,"5,81",5.81,Lucca
Camaiore,Fattori Tommaso,379,379,"2,54",2.54,Lucca
Camaiore,Barzanti Marco,126,126,"0,84",0.84,Lucca
Camaiore,Catello Salvatore,73,73,"0,49",0.49,Lucca
Camporgiano,Giani Eugenio,667,667,"53,57",53.57,Lucca
Camporgiano,Ceccardi Susanna,519,519,"41,69",41.69,Lucca
Camporgiano,Galletti Irene,36,36,"2,89",2.89,Lucca
Camporgiano,Barzanti Marco,12,12,"0,96",0.96,Lucca
Camporgiano,Catello Salvatore,9,9,"0,72",0.72,Lucca
Camporgiano,Fattori Tommaso,2,2,"0,16",0.16,Lucca
Capannori,Ceccardi Susanna,11.124,11124,"51,86",51.86,Lucca
Capannori,Giani Eugenio,8.248,8248,"38,45",38.45,Lucca
Capannori,Galletti Irene,1.459,1459,"6,8",6.8,Lucca
Capannori,Fattori Tommaso,334,334,"1,56",1.56,Lucca
Capannori,Barzanti Marco,170,170,"0,79",0.79,Lucca
Capannori,Catello Salvatore,115,115,"0,54",0.54,Lucca
Careggine,Giani Eugenio,188,188,"58,75",58.75,Lucca
Careggine,Ceccardi Susanna,126,126,"39,38",39.38,Lucca
Careggine,Fattori Tommaso,3,3,"0,94",0.94,Lucca
Careggine,Galletti Irene,1,1,"0,31",0.31,Lucca
Careggine,Catello Salvatore,1,1,"0,31",0.31,Lucca
Careggine,Barzanti Marco,1,1,"0,31",0.31,Lucca
Castelnuovo di Garfagnana,Giani Eugenio,1.718,1718,"54,2",54.2,Lucca
Castelnuovo di Garfagnana,Ceccardi Susanna,1.28,128,"40,38",40.38,Lucca
Castelnuovo di Garfagnana,Galletti Irene,97,97,"3,06",3.06,Lucca
Castelnuovo di Garfagnana,Fattori Tommaso,36,36,"1,14",1.14,Lucca
Castelnuovo di Garfagnana,Catello Salvatore,20,20,"0,63",0.63,Lucca
Castelnuovo di Garfagnana,Barzanti Marco,19,19,"0,6",0.6,Lucca
Castiglione di Garfagnana,Ceccardi Susanna,565,565,"55,72",55.72,Lucca
Castiglione di Garfagnana,Giani Eugenio,405,405,"39,94",39.94,Lucca
Castiglione di Garfagnana,Galletti Irene,30,30,"2,96",2.96,Lucca
Castiglione di Garfagnana,Fattori Tommaso,6,6,"0,59",0.59,Lucca
Castiglione di Garfagnana,Catello Salvatore,4,4,"0,39",0.39,Lucca
Castiglione di Garfagnana,Barzanti Marco,4,4,"0,39",0.39,Lucca
Coreglia Antelminelli,Ceccardi Susanna,1.697,1697,"57,53",57.53,Lucca
Coreglia Antelminelli,Giani Eugenio,1.041,1041,"35,29",35.29,Lucca
Coreglia Antelminelli,Galletti Irene,137,137,"4,64",4.64,Lucca
Coreglia Antelminelli,Fattori Tommaso,33,33,"1,12",1.12,Lucca
Coreglia Antelminelli,Barzanti Marco,23,23,"0,78",0.78,Lucca
Coreglia Antelminelli,Catello Salvatore,19,19,"0,64",0.64,Lucca
Fabbriche di Vergemoli,Ceccardi Susanna,278,278,"68,64",68.64,Lucca
Fabbriche di Vergemoli,Giani Eugenio,112,112,"27,65",27.65,Lucca
Fabbriche di Vergemoli,Galletti Irene,9,9,"2,22",2.22,Lucca
Fabbriche di Vergemoli,Fattori Tommaso,3,3,"0,74",0.74,Lucca
Fabbriche di Vergemoli,Catello Salvatore,2,2,"0,49",0.49,Lucca
Fabbriche di Vergemoli,Barzanti Marco,1,1,"0,25",0.25,Lucca
Forte dei Marmi,Ceccardi Susanna,2.119,2119,"57,99",57.99,Lucca
Forte dei Marmi,Giani Eugenio,1.237,1237,"33,85",33.85,Lucca
Forte dei Marmi,Galletti Irene,196,196,"5,36",5.36,Lucca
Forte dei Marmi,Fattori Tommaso,64,64,"1,75",1.75,Lucca
Forte dei Marmi,Barzanti Marco,26,26,"0,71",0.71,Lucca
Forte dei Marmi,Catello Salvatore,12,12,"0,33",0.33,Lucca
Fosciandora,Giani Eugenio,154,154,"50,49",50.49,Lucca
Fosciandora,Ceccardi Susanna,130,130,"42,62",42.62,Lucca
Fosciandora,Barzanti Marco,9,9,"2,95",2.95,Lucca
Fosciandora,Fattori Tommaso,8,8,"2,62",2.62,Lucca
Fosciandora,Catello Salvatore,3,3,"0,98",0.98,Lucca
Fosciandora,Galletti Irene,1,1,"0,33",0.33,Lucca
Gallicano,Ceccardi Susanna,954,954,"50,58",50.58,Lucca
Gallicano,Giani Eugenio,769,769,"40,77",40.77,Lucca
Gallicano,Galletti Irene,84,84,"4,45",4.45,Lucca
Gallicano,Fattori Tommaso,30,30,"1,59",1.59,Lucca
Gallicano,Barzanti Marco,26,26,"1,38",1.38,Lucca
Gallicano,Catello Salvatore,23,23,"1,22",1.22,Lucca
Lucca,Ceccardi Susanna,19.735,19735,"47,58",47.58,Lucca
Lucca,Giani Eugenio,17.721,17721,"42,73",42.73,Lucca
Lucca,Galletti Irene,2.708,2708,"6,53",6.53,Lucca
Lucca,Fattori Tommaso,799,799,"1,93",1.93,Lucca
Lucca,Barzanti Marco,291,291,"0,7",0.7,Lucca
Lucca,Catello Salvatore,222,222,"0,54",0.54,Lucca
Massarosa,Ceccardi Susanna,5.559,5559,"53,6",53.6,Lucca
Massarosa,Giani Eugenio,3.652,3652,"35,21",35.21,Lucca
Massarosa,Galletti Irene,749,749,"7,22",7.22,Lucca
Massarosa,Fattori Tommaso,204,204,"1,97",1.97,Lucca
Massarosa,Barzanti Marco,152,152,"1,47",1.47,Lucca
Massarosa,Catello Salvatore,56,56,"0,54",0.54,Lucca
Minucciano,Ceccardi Susanna,514,514,"54,45",54.45,Lucca
Minucciano,Giani Eugenio,354,354,"37,5",37.5,Lucca
Minucciano,Galletti Irene,46,46,"4,87",4.87,Lucca
Minucciano,Barzanti Marco,18,18,"1,91",1.91,Lucca
Minucciano,Catello Salvatore,8,8,"0,85",0.85,Lucca
Minucciano,Fattori Tommaso,4,4,"0,42",0.42,Lucca
Molazzana,Giani Eugenio,280,280,"50,45",50.45,Lucca
Molazzana,Ceccardi Susanna,250,250,"45,05",45.05,Lucca
Molazzana,Galletti Irene,12,12,"2,16",2.16,Lucca
Molazzana,Fattori Tommaso,8,8,"1,44",1.44,Lucca
Molazzana,Barzanti Marco,3,3,"0,54",0.54,Lucca
Molazzana,Catello Salvatore,2,2,"0,36",0.36,Lucca
Montecarlo,Ceccardi Susanna,1.288,1288,"60,13",60.13,Lucca
Montecarlo,Giani Eugenio,692,692,"32,31",32.31,Lucca
Montecarlo,Galletti Irene,115,115,"5,37",5.37,Lucca
Montecarlo,Barzanti Marco,21,21,"0,98",0.98,Lucca
Montecarlo,Fattori Tommaso,17,17,"0,79",0.79,Lucca
Montecarlo,Catello Salvatore,9,9,"0,42",0.42,Lucca
Pescaglia,Ceccardi Susanna,1.004,1004,"60,16",60.16,Lucca
Pescaglia,Giani Eugenio,524,524,"31,4",31.4,Lucca
Pescaglia,Galletti Irene,98,98,"5,87",5.87,Lucca
Pescaglia,Fattori Tommaso,24,24,"1,44",1.44,Lucca
Pescaglia,Barzanti Marco,13,13,"0,78",0.78,Lucca
Pescaglia,Catello Salvatore,6,6,"0,36",0.36,Lucca
Piazza al Serchio,Giani Eugenio,615,615,"48,93",48.93,Lucca
Piazza al Serchio,Ceccardi Susanna,543,543,"43,2",43.2,Lucca
Piazza al Serchio,Galletti Irene,60,60,"4,77",4.77,Lucca
Piazza al Serchio,Fattori Tommaso,19,19,"1,51",1.51,Lucca
Piazza al Serchio,Catello Salvatore,11,11,"0,88",0.88,Lucca
Piazza al Serchio,Barzanti Marco,9,9,"0,72",0.72,Lucca
Pietrasanta,Ceccardi Susanna,5.627,5627,"50,23",50.23,Lucca
Pietrasanta,Giani Eugenio,4.333,4333,"38,68",38.68,Lucca
Pietrasanta,Galletti Irene,729,729,"6,51",6.51,Lucca
Pietrasanta,Fattori Tommaso,337,337,"3,01",3.01,Lucca
Pietrasanta,Barzanti Marco,128,128,"1,14",1.14,Lucca
Pietrasanta,Catello Salvatore,48,48,"0,43",0.43,Lucca
Pieve Fosciana,Giani Eugenio,624,624,"49,45",49.45,Lucca
Pieve Fosciana,Ceccardi Susanna,568,568,"45,01",45.01,Lucca
Pieve Fosciana,Galletti Irene,44,44,"3,49",3.49,Lucca
Pieve Fosciana,Fattori Tommaso,10,10,"0,79",0.79,Lucca
Pieve Fosciana,Barzanti Marco,9,9,"0,71",0.71,Lucca
Pieve Fosciana,Catello Salvatore,7,7,"0,55",0.55,Lucca
Porcari,Ceccardi Susanna,2.063,2063,"53,01",53.01,Lucca
Porcari,Giani Eugenio,1.5,15,"38,54",38.54,Lucca
Porcari,Galletti Irene,244,244,"6,27",6.27,Lucca
Porcari,Fattori Tommaso,47,47,"1,21",1.21,Lucca
Porcari,Barzanti Marco,21,21,"0,54",0.54,Lucca
Porcari,Catello Salvatore,17,17,"0,44",0.44,Lucca
San Romano in Garfagnana,Giani Eugenio,406,406,"50,94",50.94,Lucca
San Romano in Garfagnana,Ceccardi Susanna,351,351,"44,04",44.04,Lucca
San Romano in Garfagnana,Galletti Irene,24,24,"3,01",3.01,Lucca
San Romano in Garfagnana,Fattori Tommaso,9,9,"1,13",1.13,Lucca
San Romano in Garfagnana,Barzanti Marco,5,5,"0,63",0.63,Lucca
San Romano in Garfagnana,Catello Salvatore,2,2,"0,25",0.25,Lucca
Seravezza,Ceccardi Susanna,2.833,2833,"50,55",50.55,Lucca
Seravezza,Giani Eugenio,2.019,2019,"36,03",36.03,Lucca
Seravezza,Galletti Irene,495,495,"8,83",8.83,Lucca
Seravezza,Fattori Tommaso,140,140,"2,5",2.5,Lucca
Seravezza,Barzanti Marco,70,70,"1,25",1.25,Lucca
Seravezza,Catello Salvatore,47,47,"0,84",0.84,Lucca
Sillano Giuncugnano,Ceccardi Susanna,375,375,"55,39",55.39,Lucca
Sillano Giuncugnano,Giani Eugenio,267,267,"39,44",39.44,Lucca
Sillano Giuncugnano,Galletti Irene,19,19,"2,81",2.81,Lucca
Sillano Giuncugnano,Barzanti Marco,9,9,"1,33",1.33,Lucca
Sillano Giuncugnano,Catello Salvatore,4,4,"0,59",0.59,Lucca
Sillano Giuncugnano,Fattori Tommaso,3,3,"0,44",0.44,Lucca
Stazzema,Ceccardi Susanna,667,667,"52,19",52.19,Lucca
Stazzema,Giani Eugenio,451,451,"35,29",35.29,Lucca
Stazzema,Galletti Irene,94,94,"7,36",7.36,Lucca
Stazzema,Fattori Tommaso,29,29,"2,27",2.27,Lucca
Stazzema,Barzanti Marco,24,24,"1,88",1.88,Lucca
Stazzema,Catello Salvatore,13,13,"1,02",1.02,Lucca
Vagli Sotto,Ceccardi Susanna,279,279,"53,04",53.04,Lucca
Vagli Sotto,Giani Eugenio,213,213,"40,49",40.49,Lucca
Vagli Sotto,Barzanti Marco,13,13,"2,47",2.47,Lucca
Vagli Sotto,Galletti Irene,12,12,"2,28",2.28,Lucca
Vagli Sotto,Fattori Tommaso,9,9,"1,71",1.71,Lucca
Vagli Sotto,Catello Salvatore,0,0,"0,0",0,Lucca
Viareggio,Ceccardi Susanna,13.905,13905,"45,3",45.3,Lucca
Viareggio,Giani Eugenio,13.118,13118,"42,74",42.74,Lucca
Viareggio,Galletti Irene,1.988,1988,"6,48",6.48,Lucca
Viareggio,Fattori Tommaso,1.09,109,"3,55",3.55,Lucca
Viareggio,Barzanti Marco,435,435,"1,42",1.42,Lucca
Viareggio,Catello Salvatore,157,157,"0,51",0.51,Lucca
Villa Basilica,Ceccardi Susanna,519,519,"66,11",66.11,Lucca
Villa Basilica,Giani Eugenio,183,183,"23,31",23.31,Lucca
Villa Basilica,Galletti Irene,56,56,"7,13",7.13,Lucca
Villa Basilica,Barzanti Marco,17,17,"2,17",2.17,Lucca
Villa Basilica,Fattori Tommaso,6,6,"0,76",0.76,Lucca
Villa Basilica,Catello Salvatore,4,4,"0,51",0.51,Lucca
Villa Collemandina,Ceccardi Susanna,375,375,"57,52",57.52,Lucca
Villa Collemandina,Giani Eugenio,251,251,"38,5",38.5,Lucca
Villa Collemandina,Galletti Irene,17,17,"2,61",2.61,Lucca
Villa Collemandina,Catello Salvatore,4,4,"0,61",0.61,Lucca
Villa Collemandina,Barzanti Marco,3,3,"0,46",0.46,Lucca
Villa Collemandina,Fattori Tommaso,2,2,"0,31",0.31,Lucca
